split,curve_id,dataset,known,mask,target_logN,true_logS,pred_logS,raw_lo_logS,raw_hi_logS,calibration_q_logS,lo_logS,hi_logS,true_stress_mpa,pred_stress_mpa,lo_stress_mpa,hi_stress_mpa
test,FatigueData-AM2022:946,AM2022,2,0,5.0,2.4332018370051878,2.4306623935699463,2.4306623935699463,2.4306623935699463,0.07309786491601589,2.3575645286539304,2.503760258485962,271.14514777262656,269.5643112308438,227.80566965650095,318.97765318540036
test,FatigueData-AM2022:946,AM2022,3,0,5.0,2.4332018370051878,2.4306623935699463,2.4306623935699463,2.4306623935699463,0.06362745716409468,2.367034936405852,2.4942898507340407,271.14514777262656,269.5643112308438,232.82785462813246,312.09718444306435
test,FatigueData-AM2022:946,AM2022,4,0,5.0,2.4332018370051878,2.4306623935699463,2.4306623935699463,2.4306623935699463,0.06344506748061451,2.3672173260893317,2.494107461050561,271.14514777262656,269.5643112308438,232.92565535731168,311.9661412045405
test,WELD2025:3478,Weld2025,2,0,5.0,2.0739159621987504,1.993067927080838,1.9853379375831564,2.0014277061387538,0.07309786491601589,1.9122400726671405,2.0745255710547696,118.55393191463638,98.41650248925396,81.70338928722119,118.72046010340978
test,WELD2025:3478,Weld2025,2,0,6.0,1.8811852711664918,1.679883649396504,1.6705712106918156,1.6883701956902644,0.07642239093833281,1.5941488197534828,1.7647925866285972,76.065070332229,47.85018810665626,39.277950615227795,58.18252792532175
test,WELD2025:3478,Weld2025,2,0,7.0,1.613540201627667,1.6127839088439941,1.6127839088439941,1.6127839088439941,0.17283688789025264,1.4399470209537415,1.7856207967342468,41.07146570134672,41.00000492084247,27.538927388803128,61.04088150479579
test,WELD2025:3478,Weld2025,3,0,5.0,2.0739159621987504,2.0092637280138934,2.008456790911197,2.010369707299689,0.06362745716409468,1.9448293337471025,2.0739971644637833,118.55393191463638,102.15596438112182,88.07027121077179,118.5761006233072
test,WELD2025:3478,Weld2025,3,0,6.0,1.8811852711664918,1.6605945906201116,1.6529463979605326,1.6692065186334186,0.07510453044171461,1.577841867518818,1.7443110490751332,76.065070332229,45.77144155813624,37.830481374899236,55.50230875882141
test,WELD2025:3478,Weld2025,3,0,7.0,1.613540201627667,1.6127839088439941,1.6127839088439941,1.6127839088439941,0.10188500503614173,1.5108989038078524,1.7146689138801359,41.07146570134672,41.00000492084247,32.42641255217379,51.840468038343545
test,WELD2025:3478,Weld2025,4,0,5.0,2.0739159621987504,2.035416489614939,2.0336577024521443,2.037057246278458,0.06344506748061451,1.9702126349715297,2.1005023137590726,118.55393191463638,108.49669015394613,93.37113434203914,126.03823527237789
test,WELD2025:3478,Weld2025,4,0,6.0,1.8811852711664918,1.7267779046863345,1.7104614741034387,1.7476778493961378,0.06390925465714714,1.6465522194462916,1.811587104053285,76.065070332229,53.306222129205715,44.315149569711366,64.80180516490685
test,WELD2025:3478,Weld2025,4,0,7.0,1.613540201627667,1.6127839088439941,1.6127839088439941,1.6127839088439941,0.11888132054548817,1.493902588298506,1.7316652293894823,41.07146570134672,41.00000492084247,31.181900995654562,53.90949075694158
test,FatigueData-AM2022:274,AM2022,2,0,6.0,1.882457251024757,1.9289912312020885,1.9267289657106061,1.9321478604593094,0.07642239093833281,1.8503065747722733,2.008570251397642,76.28817946050859,84.91633294885044,70.84457100105344,101.99297303521598
test,FatigueData-AM2022:274,AM2022,2,0,7.0,1.81210999457941,1.8672877473539333,1.8648868599053827,1.8705173175949052,0.17283688789025264,1.69204997201513,2.0433542054851577,64.87987352155338,73.66950425361222,49.20961553780378,110.49794607812935
test,FatigueData-AM2022:274,AM2022,3,0,6.0,1.882457251024757,1.8795784702050375,1.8786812191203164,1.880860482302833,0.07510453044171461,1.8035766886786018,1.9559650127445476,76.28817946050859,75.7841650602659,63.617513212906914,90.35766776293067
test,FatigueData-AM2022:274,AM2022,3,0,7.0,1.81210999457941,1.8263583400415837,1.823292758264335,1.8281314250124057,0.10188500503614173,1.7214077532281933,1.9300164300485474,64.87987352155338,67.04375649529929,52.6511368820198,85.11702387123927
test,FatigueData-AM2022:274,AM2022,4,0,6.0,1.882457251024757,1.9129763900998578,1.9110321910327972,1.9150060464555547,0.06390925465714714,1.84712293637565,1.9789153011127019,76.28817946050859,81.8420294484806,70.32713677671568,95.26103617411037
test,FatigueData-AM2022:274,AM2022,4,0,7.0,1.81210999457941,1.876172053485734,1.8747635088476782,1.8775945320897172,0.11888132054548817,1.75588218830219,1.9964758526352053,64.87987352155338,75.19207217911212,57.000962396343205,99.19181857034626
test,WELD2025:4327,Weld2025,2,0,6.0,2.4192990775016963,2.2554958305792434,2.2539675041163756,2.2576399081877128,0.07642239093833281,2.177545113178043,2.3340622991260456,262.6026337549067,180.092584466746,150.5029848564967,215.80539577161267
test,WELD2025:4327,Weld2025,2,0,7.0,2.1227429535911138,2.028939916203668,2.028864570205531,2.0290030350601946,0.17283688789025264,1.8560276823152781,2.2018399229504473,132.6609043595208,106.89069877912314,71.78400455740058,159.16219613445577
test,WELD2025:4327,Weld2025,3,0,6.0,2.4192990775016963,2.242250755846088,2.2398789212659196,2.2441428886726107,0.07510453044171461,2.164774390824205,2.3192474191143253,262.6026337549067,174.6830458428417,146.14177935944787,208.56787633209507
test,WELD2025:4327,Weld2025,3,0,7.0,2.1227429535911138,2.0273912073691847,2.0273355649533396,2.0274556499356136,0.10188500503614173,1.9254505599171978,2.129340654971755,132.6609043595208,106.51020176212779,84.22685021361768,134.6916443639345
test,WELD2025:4327,Weld2025,4,0,6.0,2.4192990775016963,2.2140481121332396,2.2066715493629463,2.223119003398213,0.06390925465714714,2.142762294705799,2.28702825805536,262.6026337549067,163.6997861739748,138.91920673341994,193.65479643946495
test,WELD2025:4327,Weld2025,4,0,7.0,2.1227429535911138,2.0211892127990723,2.0211892127990723,2.0211892127990723,0.11888132054548817,1.902307892253584,2.14007053334456,132.6609043595208,104.99997914217107,79.85606246824068,138.06084696751822
test,FatigueData-AM2022:1199,AM2022,2,0,5.0,2.3996924716351464,2.397776186265045,2.397665023803711,2.3984231687318274,0.07309786491601589,2.324567158887695,2.4715210336478433,251.01083686409336,249.9057140261015,211.13836729379508,296.15633956604205
test,FatigueData-AM2022:1199,AM2022,3,0,5.0,2.3996924716351464,2.430574920201825,2.429474488736602,2.4315875358058054,0.06362745716409468,2.3658470315725078,2.4952149929699,251.01083686409336,269.51002243667403,232.19188195141317,312.7627283335457
test,FatigueData-AM2022:1199,AM2022,4,0,5.0,2.3996924716351464,2.4316309040326223,2.430872163417105,2.432489780660148,0.06344506748061451,2.3674270959364905,2.4959348481407626,251.01083686409336,270.1661314080069,233.0381886342796,313.28157112542374
test,FatigueData-AM2022:1231,AM2022,2,0,5.0,2.03774683634079,2.099934802390024,2.096787488840717,2.1028306600217457,0.07309786491601589,2.0236896239247013,2.1759285249377616,109.08042875905623,125.87364322635814,105.6062506092341,149.9438041560996
test,FatigueData-AM2022:1231,AM2022,2,0,6.0,2.0193035068099348,1.9966338872909546,1.9966338872909546,1.9966338872909546,0.07642239093833281,1.9202114963526218,2.0730562782292874,104.54505773894083,99.22791987489843,83.21689290137104,118.31948705858305
test,FatigueData-AM2022:1231,AM2022,3,0,5.0,2.03774683634079,2.0710703864730737,2.069318619343199,2.0725220509901745,0.06362745716409468,2.0056911621791045,2.1361495081542694,109.08042875905623,117.779684458132,101.31906239412777,136.81997544761646
test,FatigueData-AM2022:1231,AM2022,3,0,6.0,2.0193035068099348,1.9966338872909546,1.9966338872909546,1.9966338872909546,0.07510453044171461,1.92152935684924,2.071738417732669,104.54505773894083,99.22791987489843,83.46979691513702,117.96099243789683
test,FatigueData-AM2022:1231,AM2022,4,0,5.0,2.03774683634079,2.0781298895694125,2.0724766350371215,2.083564920910919,0.06344506748061451,2.009031567556507,2.1470099883915337,109.08042875905623,119.70985081325479,102.1013695417734,140.28459684157377
test,FatigueData-AM2022:1231,AM2022,4,0,6.0,2.0193035068099348,2.0068230468854837,2.0060410515100444,2.00775209544376,0.06390925465714714,1.9421317968528973,2.071661350100907,104.54505773894083,101.58347070884805,87.52493498842277,117.94006155312725
test,WELD2025:963,Weld2025,2,0,5.0,2.1831711236006246,2.3963034472940783,2.393520660856924,2.400150930589761,0.07309786491601589,2.320422795940908,2.4732487955057767,152.4653389526596,249.0596923454839,209.13311003941493,297.3368906164731
test,WELD2025:963,Weld2025,3,0,5.0,2.1831711236006246,2.2724324944674787,2.264172078865818,2.281507655925577,0.06362745716409468,2.2005446217017237,2.345135113089672,152.4653389526596,187.25459970271194,158.68819551831785,221.37833312550026
test,WELD2025:963,Weld2025,4,0,5.0,2.1831711236006246,2.4245959568193167,2.4221014253859616,2.426945629734897,0.06344506748061451,2.358656357905347,2.4903906972155117,152.4653389526596,265.82508218476744,228.3791003981022,309.30767551344434
test,FatigueData-AM2022:201,AM2022,2,0,5.0,2.6636042658803065,2.6892256440908984,2.684813868344705,2.6947467835014063,0.07309786491601589,2.6117160034286893,2.767844648417422,460.8974081476047,488.9063118357701,408.9931209175596,585.9285343872291
test,FatigueData-AM2022:201,AM2022,2,0,6.0,2.6058186443838984,2.6051946414358405,2.604922991280632,2.6055600545732562,0.07642239093833281,2.528500600342299,2.681982445511589,403.4768711932577,402.8975638809084,337.67631542492734,480.81991297787573
test,FatigueData-AM2022:201,AM2022,3,0,5.0,2.6636042658803065,2.6701849975066514,2.663290603119479,2.6761958010550804,0.06362745716409468,2.5996631459553843,2.7398232582191753,460.8974081476047,467.9344260370626,397.798504379433,549.3172765615603
test,FatigueData-AM2022:201,AM2022,3,0,6.0,2.6058186443838984,2.604957923254671,2.604758332174257,2.6051520985458136,0.07510453044171461,2.5296538017325423,2.6802566289875283,403.4768711932577,402.6780188602303,338.5741538221041,478.9130032485427
test,FatigueData-AM2022:201,AM2022,4,0,5.0,2.6636042658803065,2.677495383602966,2.652347122223392,2.683482383394918,0.06344506748061451,2.5889020547427775,2.746927450875533,460.8974081476047,475.87773254962275,388.0628373612187,558.3769097852776
test,FatigueData-AM2022:201,AM2022,4,0,6.0,2.6058186443838984,2.605555343396933,2.604709862920028,2.6085905967699388,0.06390925465714714,2.540800608262881,2.672499851427086,403.4768711932577,403.23232822673833,347.3766385000569,470.4352447892153
test,WELD2025:600,Weld2025,2,0,6.0,2.1661709497828325,2.165144587828878,2.1650973965423193,2.165195777540911,0.07642239093833281,2.0886750056039864,2.2416181684792438,146.6124832860411,146.26640519746914,122.65210485254796,174.42879013937952
test,WELD2025:600,Weld2025,3,0,6.0,2.1661709497828325,2.1643528938293457,2.1643528938293457,2.1643528938293457,0.07510453044171461,2.089248363387631,2.2394574242710603,146.6124832860411,146.00001278983993,122.81413771990371,173.5631103256842
test,WELD2025:600,Weld2025,4,0,6.0,2.1661709497828325,2.1652400739712765,2.1652057113367107,2.165305430274783,0.06390925465714714,2.1012964566795636,2.22921468493193,146.6124832860411,146.29856759154046,126.2689173228539,169.51755700515088
test,FatigueData-AM2022:906,AM2022,2,0,5.0,2.2250321510455464,2.27964418909389,2.274889392604511,2.2843511726348993,0.07309786491601589,2.201791527688495,2.357449037550915,167.8928305454448,190.39002421161334,159.14446100923598,227.7450977836205
test,FatigueData-AM2022:906,AM2022,2,0,6.0,2.124958884524527,2.082365430075808,2.0749639458444493,2.0919225187101262,0.07642239093833281,1.9985415549061165,2.168344909648459,133.33951911569307,120.88305582388435,99.66474384944256,147.34822536299825
test,FatigueData-AM2022:906,AM2022,3,0,5.0,2.2250321510455464,2.1884986942974365,2.1768714934579623,2.204397609557823,0.06362745716409468,2.1132440362938674,2.2680250667219175,167.8928305454448,154.34717828831333,129.79083794370854,185.3638609122858
test,FatigueData-AM2022:906,AM2022,3,0,6.0,2.124958884524527,2.077449162329316,2.073674201965332,2.0844862275876057,0.07510453044171461,1.9985696715236174,2.1595907580293203,133.33951911569307,119.52236069246737,99.67119644395963,144.40783534896076
test,FatigueData-AM2022:906,AM2022,4,0,5.0,2.2250321510455464,2.3035588206800246,2.301895135639999,2.305249408985307,0.06344506748061451,2.238450068159384,2.3686944764659215,167.8928305454448,201.16796408788278,173.16099321077706,233.71924594606355
test,FatigueData-AM2022:906,AM2022,4,0,6.0,2.124958884524527,2.122203829496486,2.1191423917968266,2.126792116560963,0.06390925465714714,2.0552331371396795,2.1907013712181103,133.33951911569307,132.49632405939687,113.56202735940303,155.13199273400318
test,WELD2025:3756,Weld2025,2,0,5.0,2.1166380080853053,2.128376504964196,2.1218822796795336,2.1338743124180204,0.07309786491601589,2.0487844147635177,2.2069721773340363,130.8091152017584,134.392955544146,111.88823286507181,161.05424539914085
test,WELD2025:3756,Weld2025,3,0,5.0,2.1166380080853053,2.1358585235859637,2.1342844194360056,2.1375034746662274,0.06362745716409468,2.0706569622719107,2.2011309318303223,130.8091152017584,136.7283344790873,117.66761809569861,158.90257385411329
test,WELD2025:3756,Weld2025,4,0,5.0,2.1166380080853053,2.1399278628175367,2.1373174402406088,2.142086635671304,0.06344506748061451,2.073872372759994,2.2055317031519186,130.8091152017584,138.01549990556583,118.54203344426277,160.52094328324765
test,WELD2025:4338,Weld2025,2,0,5.0,2.3909632847128597,2.4245718360829818,2.4238747472397804,2.4250161039852034,0.07309786491601589,2.3507768823237645,2.4981139689012193,246.01596132830295,265.8103186569527,224.2729431269729,314.8574464345637
test,WELD2025:4338,Weld2025,3,0,5.0,2.3909632847128597,2.4057567041067855,2.403549019520414,2.4077560484016334,0.06362745716409468,2.339921562356319,2.4713835055657283,246.01596132830295,254.5403893657757,218.7366529426689,296.06257055260295
test,WELD2025:4338,Weld2025,4,0,5.0,2.3909632847128597,2.389956415007097,2.384926279069787,2.3943579352015556,0.06344506748061451,2.3214812115891723,2.4578030026821702,246.01596132830295,245.446257798855,209.64340825776546,286.94786823846226
test,FatigueData-AM2022:1383,AM2022,2,0,5.0,2.8086867810623346,2.8231929973414167,2.819234151782797,2.827265124924609,0.07309786491601589,2.746136286866781,2.900362989840625,643.7048495929117,665.5688645037318,557.3606280043998,794.9924237054448
test,FatigueData-AM2022:1383,AM2022,2,0,6.0,2.748383026239377,2.740697145462036,2.740697145462036,2.740697145462036,0.07642239093833281,2.6642747545237033,2.817119536400369,560.2514977606909,550.4237254665081,461.60951746512615,656.3258903762064
test,FatigueData-AM2022:1383,AM2022,3,0,5.0,2.8086867810623346,2.790585261604378,2.7897712127535486,2.7915485912009896,0.06362745716409468,2.7261437555894537,2.8551760483650845,643.7048495929117,617.4264944564444,532.2844212976091,716.4337694937591
test,FatigueData-AM2022:1383,AM2022,3,0,6.0,2.748383026239377,2.742804914712906,2.740697145462036,2.7472171783447266,0.07510453044171461,2.6655926150203215,2.822321708786441,560.2514977606909,553.1015999038593,463.0123924787111,664.2349281028305
test,FatigueData-AM2022:1383,AM2022,4,0,5.0,2.8086867810623346,2.7897644573525473,2.7887008238205673,2.791038530307141,0.06344506748061451,2.7252557563399527,2.854483597787756,643.7048495929117,616.2606779226278,531.1971745453461,715.2923787678534
test,FatigueData-AM2022:1383,AM2022,4,0,6.0,2.748383026239377,2.741961807012558,2.740697145462036,2.7451937198638916,0.06390925465714714,2.676787890804889,2.8091029745210387,560.2514977606909,552.0288902881845,475.10312915261454,644.3220210508839
test,FatigueData-AM2022:240,AM2022,2,0,5.0,2.394706144035077,2.3977342874940892,2.394712132499823,2.400884972420461,0.07309786491601589,2.321614267583807,2.473982837336477,248.1453515297344,249.88160541399589,209.70764712524323,297.8398725273735
test,FatigueData-AM2022:240,AM2022,3,0,5.0,2.394706144035077,2.4221409262748006,2.4173555215006,2.4273262484032014,0.06362745716409468,2.3537280643365053,2.4909537055672963,248.1453515297344,264.3266344197173,225.8021456041101,309.7089141609445
test,FatigueData-AM2022:240,AM2022,4,0,5.0,2.394706144035077,2.424599632896425,2.422529354596123,2.4271419449109497,0.06344506748061451,2.3590842871155084,2.4905870123915643,248.1453515297344,265.82733226547515,228.60424314523112,309.4475242093872
test,WELD2025:1898,Weld2025,2,0,6.0,2.223938808883818,2.244264849287788,2.240881861999413,2.2496013085677347,0.07642239093833281,2.1644594710610803,2.3260236995060675,167.47068969654205,175.49504110602442,146.03584604877247,211.84767376439208
test,WELD2025:1898,Weld2025,3,0,6.0,2.223938808883818,2.242310798404505,2.239971009285556,2.2442915452672207,0.07510453044171461,2.1648664788438414,2.3193960757089354,167.47068969654205,174.70719798495512,146.17277062118322,208.63928018030506
test,WELD2025:1898,Weld2025,4,0,6.0,2.223938808883818,2.2267502377298607,2.2254983327644124,2.228041978065861,0.06390925465714714,2.1615890781072653,2.291951232723008,167.47068969654205,168.55833694834917,145.07383046111016,195.86247256099722
test,FatigueData-AM2022:103,AM2022,2,0,7.0,2.43577710782621,2.40061435874474,2.400494129965123,2.4007059813689784,0.17283688789025264,2.22765724207487,2.573542869259231,272.75775538109355,251.54422939241374,168.91073124837143,374.5785199008929
test,FatigueData-AM2022:103,AM2022,3,0,7.0,2.43577710782621,2.3999223180588634,2.3998614721204667,2.3999900649936685,0.10188500503614173,2.2979764670843252,2.5018750700298105,272.75775538109355,251.1437172373525,198.59873006597596,317.59603364893087
test,FatigueData-AM2022:103,AM2022,4,0,7.0,2.43577710782621,2.4010469647262296,2.400887351879373,2.4012182241579407,0.11888132054548817,2.282006031333885,2.520099544703429,272.75775538109355,251.79492047648188,191.4282509740156,331.2070287957138
test,WELD2025:1115,Weld2025,2,0,5.0,2.402474542766933,2.436312588490258,2.4288392111712143,2.4435888502623873,0.07309786491601589,2.3557413462551984,2.516686715178403,252.62396240785722,273.0942703269971,226.85133858386277,328.6144943736721
test,WELD2025:1115,Weld2025,3,0,5.0,2.402474542766933,2.423120687118337,2.4186771410369405,2.4266617258411336,0.06362745716409468,2.3550496838728456,2.4902891830052285,252.62396240785722,264.9236238833193,226.4903400767763,309.2353848067636
test,WELD2025:1115,Weld2025,4,0,5.0,2.402474542766933,2.453943498846116,2.451849536349008,2.4560326166842943,0.06344506748061451,2.3884044688683934,2.519477684164909,252.62396240785722,284.40910707850776,244.57072381794669,330.73311719600906
test,WELD2025:3873,Weld2025,2,0,6.0,2.449537961594787,2.4778220653533936,2.4778220653533936,2.4778220653533936,0.07642239093833281,2.4013996744150607,2.5542444562917264,281.53860967201814,300.4844936382459,251.99949729009893,358.2980596706952
test,WELD2025:3873,Weld2025,3,0,6.0,2.449537961594787,2.442182445288067,2.4409091472625732,2.444560535268082,0.07510453044171461,2.3658046168208586,2.5196650657097965,281.53860967201814,276.8104270167018,232.16920636947316,330.8758467413023
test,WELD2025:3873,Weld2025,4,0,6.0,2.449537961594787,2.477745160460472,2.4778220653533936,2.4778220653533936,0.06390925465714714,2.4139128106962464,2.5417313200105407,281.53860967201814,300.4312885369979,259.3658604893407,348.12187982906784
test,WELD2025:3041,Weld2025,2,0,5.0,2.0682348756578093,2.1818435192108154,2.1818435192108154,2.1818435192108154,0.07309786491601589,2.1087456542947995,2.2549413841268313,117.01320521331778,151.99997594360258,128.45341488084355,179.862814143848
test,WELD2025:3041,Weld2025,3,0,5.0,2.0682348756578093,2.0752285891445412,2.0749099253838152,2.0756268319770945,0.06362745716409468,2.0112824682197203,2.1392542891411894,117.01320521331778,118.91279554391446,102.63192345461562,137.80160919928332
test,WELD2025:3041,Weld2025,4,0,5.0,2.0682348756578093,2.1052683661130125,2.1047691485125504,2.105743782253142,0.06344506748061451,2.0413240810319357,2.169188849733757,117.01320521331778,127.42902673664759,109.98262502013517,147.63483728542266
test,FatigueData-AM2022:1466,AM2022,2,0,6.0,2.196505093069984,2.158035492773922,2.1557011048665626,2.1596443489017614,0.07642239093833281,2.07927871392823,2.236066739840094,157.21902297865765,143.89161690647757,120.02693439297533,172.21332020271132
test,FatigueData-AM2022:1466,AM2022,3,0,6.0,2.196505093069984,2.1789828132289637,2.1774425114110834,2.1809232869360438,0.07510453044171461,2.1023379809693687,2.2560278173777584,157.21902297865765,151.0020395430376,126.57209862532123,180.31332312330252
test,FatigueData-AM2022:1466,AM2022,4,0,6.0,2.196505093069984,2.177545222643351,2.174203608170706,2.17942378319567,0.06390925465714714,2.110294353513559,2.243333037852817,157.21902297865765,150.50302279125853,128.91229897241092,175.118906968524
test,WELD2025:2421,Weld2025,2,0,5.0,2.4175625445293987,2.4234226991799135,2.419708280639329,2.4260833476294117,0.07309786491601589,2.346610415723313,2.4991812125454276,261.5547096679856,265.10791808795545,222.13163626881342,315.6321346790581
test,WELD2025:2421,Weld2025,2,0,6.0,2.1751731299010335,2.1441212738128606,2.138516722995395,2.148611081033333,0.07642239093833281,2.0620943320570624,2.225033471971666,149.68322438523194,139.3545886933699,115.37038238329708,167.89334119978574
test,WELD2025:2421,Weld2025,3,0,5.0,2.4175625445293987,2.3932369554318442,2.386665420087998,2.401722598206611,0.06362745716409468,2.3230379629239035,2.4653500553707053,261.5547096679856,247.30731105093867,210.39623451000406,291.977950230745
test,WELD2025:2421,Weld2025,3,0,6.0,2.1751731299010335,2.1082622901767216,2.1070759308622438,2.109813330682654,0.07510453044171461,2.031971400420529,2.1849178611243687,149.68322438523194,128.31052742902378,107.63943275374706,153.0797911812505
test,WELD2025:2421,Weld2025,4,0,5.0,2.4175625445293987,2.418381838920512,2.4165614423918784,2.420686158300108,0.06344506748061451,2.353116374911264,2.4841312257807227,261.5547096679856,262.0485970451098,225.48433460999277,304.881607623708
test,WELD2025:2421,Weld2025,4,0,6.0,2.1751731299010335,2.1545438358868707,2.154490510672759,2.154598337485075,0.06390925465714714,2.090581256015612,2.218507592142222,149.68322438523194,142.73938981241213,123.19164543769817,165.38936971497685
test,WELD2025:1885,Weld2025,2,0,6.0,2.3428429467140335,2.317315527319322,2.308969543026098,2.325269919963144,0.07642239093833281,2.2325471520877653,2.4016923109014767,220.21299659664172,207.64215490119463,170.8233175762215,252.16935691602185
test,WELD2025:1885,Weld2025,3,0,6.0,2.3428429467140335,2.3240771905343767,2.322694099921332,2.325419487762987,0.07510453044171461,2.2475895694796173,2.4005240182047016,220.21299659664172,210.900296611489,176.84369049383437,251.49190941349573
test,WELD2025:1885,Weld2025,4,0,6.0,2.3428429467140335,2.321952411459247,2.320839381148647,2.323579976913624,0.06390925465714714,2.2569301264915,2.387489231570771,220.21299659664172,209.87099013925905,180.68833936981756,244.05585530942258
test,FatigueData-AM2022:1147,AM2022,2,0,5.0,2.526664590684717,2.5298256591003287,2.529560460738701,2.530149732197586,0.07309786491601589,2.456462595822685,2.6032475971136018,336.2517789657556,338.7081596165214,286.06359740219364,401.0953222828945
test,FatigueData-AM2022:1147,AM2022,2,0,6.0,2.43633878778166,2.43410349483921,2.4334264563801313,2.434913546595147,0.07642239093833281,2.3570040654417985,2.5113359375334796,273.1107455356031,271.7086688868702,227.51187281172307,324.5905991307657
test,FatigueData-AM2022:1147,AM2022,3,0,5.0,2.526664590684717,2.5291311613977845,2.5290500902472695,2.5292324887343542,0.06362745716409468,2.4654226330831746,2.592859945898449,336.2517789657556,338.16695068062506,292.0267486000313,391.6155660141468
test,FatigueData-AM2022:1147,AM2022,3,0,6.0,2.43633878778166,2.4297960996627808,2.429615020751953,2.429615020751953,0.07510453044171461,2.3545104903102385,2.5047195511936677,273.1107455356031,269.02714306495113,226.20931795903775,319.6830066841674
test,FatigueData-AM2022:1147,AM2022,4,0,5.0,2.526664590684717,2.5348276828979524,2.5322711872986567,2.5372704350158055,0.06344506748061451,2.468826119818042,2.60071550249642,336.2517789657556,342.6318119072112,294.32430001448233,398.7635948424976
test,FatigueData-AM2022:1147,AM2022,4,0,6.0,2.43633878778166,2.4399225428417566,2.439246549964005,2.440697339993166,0.06390925465714714,2.3753372953068577,2.5046065946503133,273.1107455356031,275.3737525774953,237.32161511426685,319.5998704866876
test,WELD2025:2542,Weld2025,2,0,6.0,2.130292373722451,2.1677356052440935,2.1666128149821797,2.16827950167198,0.07642239093833281,2.090190424043847,2.244701892610313,134.98713309007564,147.1416443992377,123.08083220434708,175.6717358240016
test,WELD2025:2542,Weld2025,3,0,6.0,2.130292373722451,2.1630707781706504,2.1625019237232537,2.163703572394597,0.07510453044171461,2.087397393281539,2.2388081028363116,134.98713309007564,145.56963000959746,122.29181574157714,173.3038069131408
test,WELD2025:2542,Weld2025,4,0,6.0,2.130292373722451,2.15123128795633,2.148640126567634,2.153869122139867,0.06390925465714714,2.084730871910487,2.217778376797014,134.98713309007564,141.65479761859314,121.54325754151863,165.11190068025175
test,FatigueData-AM2022:966,AM2022,2,0,5.0,2.820513944474614,2.747756788033266,2.744020620381571,2.751323870653496,0.07309786491601589,2.670922755465555,2.824421735569512,661.4757760317971,559.4442159014523,468.7300054212665,667.4546077896766
test,FatigueData-AM2022:966,AM2022,2,0,6.0,2.4796702785646225,2.451233119792093,2.4501149654388428,2.4560078720835725,0.07642239093833281,2.37369257450051,2.5324302630219053,301.76598079708003,282.6396715825929,236.42455185540842,340.7456050704809
test,FatigueData-AM2022:966,AM2022,3,0,5.0,2.820513944474614,2.8224692744345417,2.8219199659118126,2.822995868609497,0.06362745716409468,2.7582925087477177,2.8866233257735914,661.4757760317971,664.4606618297604,573.1819541170576,770.2351355033755
test,FatigueData-AM2022:966,AM2022,3,0,6.0,2.4796702785646225,2.4501149654388428,2.4501149654388428,2.4501149654388428,0.07510453044171461,2.375010434997128,2.5252194958805574,301.76598079708003,281.91291058862305,237.14306844539843,335.1347761397794
test,FatigueData-AM2022:966,AM2022,4,0,5.0,2.820513944474614,2.7040939327503115,2.700430183566234,2.7074164761746835,0.06344506748061451,2.6369851160856195,2.770861543655298,661.4757760317971,505.9340777160268,433.4960215829839,590.0129496222331
test,FatigueData-AM2022:966,AM2022,4,0,6.0,2.4796702785646225,2.469109309854164,2.46103732254774,2.475722575499453,0.06390925465714714,2.397128067890593,2.5396318301566003,301.76598079708003,294.51628239837567,249.5330459510192,346.44303148414656
test,FatigueData-AM2022:760,AM2022,2,0,5.0,2.6235640329284404,2.5992397768715922,2.5969136024623234,2.6011723670212286,0.07309786491601589,2.5238157375463075,2.6742702319372444,420.3044933358602,397.4109021127495,334.0532778370823,472.3568654121273
test,FatigueData-AM2022:760,AM2022,2,0,6.0,2.4981023388482266,2.4578724023764202,2.453196061271092,2.463103744853422,0.07642239093833281,2.376773670332759,2.5395261357917547,314.84901492113204,286.993725799079,238.10782629374597,346.3587278093334
test,FatigueData-AM2022:760,AM2022,3,0,5.0,2.6235640329284404,2.6296390015413293,2.628380626064632,2.630774012221524,0.06362745716409468,2.5647531689005376,2.6944014693856184,420.3044933358602,426.22508057934266,367.0736150545592,494.76784766916694
test,FatigueData-AM2022:760,AM2022,3,0,6.0,2.4981023388482266,2.4438824695934738,2.4396772896186802,2.4471237950736926,0.07510453044171461,2.3645727591769656,2.522228325515407,314.84901492113204,277.89611130774284,231.51160146278164,332.8344913528288
test,FatigueData-AM2022:760,AM2022,4,0,5.0,2.6235640329284404,2.59408875668396,2.5915792908465947,2.5962863399029428,0.06344506748061451,2.52813422336598,2.6597314073835574,420.3044933358602,392.7251883737101,337.39156702813557,456.80558745995535
test,FatigueData-AM2022:760,AM2022,4,0,6.0,2.4981023388482266,2.459121817108149,2.4567054056129263,2.4614077848711857,0.06390925465714714,2.392796150955779,2.525317039528333,314.84901492113204,287.8205621670115,247.05642399436255,335.2100567186426
test,WELD2025:4889,Weld2025,2,0,5.0,2.513680541749399,2.5177395427102973,2.5160398597745535,2.51937163549443,0.07309786491601589,2.4429419948585376,2.592469500410446,326.3476890912415,329.4120962324238,277.2949719833837,391.2636485375016
test,WELD2025:4889,Weld2025,2,0,6.0,2.4067125612618314,2.400287743799506,2.397625441740346,2.4025664881208812,0.07642239093833281,2.3212030508020134,2.478988879059214,255.10123507863116,251.35512448315637,209.5091769770088,301.29288713924035
test,WELD2025:4889,Weld2025,3,0,5.0,2.513680541749399,2.513913168233775,2.5138843524976853,2.513952534920625,0.06362745716409468,2.450256895333591,2.5775799920847193,326.3476890912415,326.5225415349192,282.00505637946435,378.07676831277496
test,WELD2025:4889,Weld2025,3,0,6.0,2.4067125612618314,2.402510537063824,2.4013334749448436,2.403526188006764,0.07510453044171461,2.326228944503129,2.478630718448479,255.10123507863116,252.6449007322167,211.94781538019626,301.0445147462094
test,WELD2025:4889,Weld2025,4,0,5.0,2.513680541749399,2.5142264516148054,2.514116888819847,2.5144006259071725,0.06344506748061451,2.4506718213392324,2.577845693387787,326.3476890912415,326.7581673474656,282.2746134443262,378.3081463978821
test,WELD2025:4889,Weld2025,4,0,6.0,2.4067125612618314,2.4026818820969367,2.4014962709094316,2.4039230800244225,0.06390925465714714,2.3375870162522845,2.4678323346815696,255.10123507863116,252.74459803771634,217.5639906622674,293.6515751069833
test,WELD2025:2558,Weld2025,2,0,6.0,2.7241900959017364,2.6583863142625628,2.6542550288677367,2.662077184939235,0.07642239093833281,2.577832637929404,2.738499575877568,529.8953346784766,455.3929618522703,378.2967741326757,547.6455661430268
test,WELD2025:2558,Weld2025,3,0,6.0,2.7241900959017364,2.716024522168396,2.7151031482445114,2.716861640554299,0.07510453044171461,2.6399986178027968,2.7919661709960137,529.8953346784766,520.025358613697,436.51444297544464,619.3928261135701
test,WELD2025:2558,Weld2025,4,0,6.0,2.7241900959017364,2.72296815947385,2.7212573056404206,2.7243449113983,0.06390925465714714,2.6573480509832734,2.788254166055447,529.8953346784766,528.4065099565029,454.30555899668957,614.1213077374567
test,WELD2025:290,Weld2025,2,0,5.0,2.48825934547045,2.440100867593543,2.435441633451441,2.443382597712,0.07309786491601589,2.362343768535425,2.516480462628016,307.79343007253095,275.48684643696305,230.32642593774824,328.45846778648763
test,WELD2025:290,Weld2025,3,0,5.0,2.48825934547045,2.4801338751083852,2.47379679727793,2.487848707801864,0.06362745716409468,2.4101693401138355,2.5514761649659583,307.79343007253095,302.0882790680598,257.13982269722544,356.021450261441
test,WELD2025:290,Weld2025,4,0,5.0,2.48825934547045,2.521688119085808,2.508838089046885,2.5366510064858234,0.06344506748061451,2.4453930215662703,2.600096073966438,307.79343007253095,332.42074546738263,278.86436536529635,398.19524895974314
test,WELD2025:1424,Weld2025,2,0,5.0,1.5231041561645189,1.4767944619969449,1.4698071214835373,1.4836283435174713,0.07309786491601589,1.3967092565675214,1.5567262084334872,33.350638748663975,29.977434449437816,24.929252507187257,36.03513956511117
test,WELD2025:1424,Weld2025,2,0,6.0,1.301029953590134,1.208182655052933,1.2020030839122091,1.2137636133034182,0.07642239093833281,1.1255806929738763,1.290186004241751,19.999998062427824,16.15037664613545,13.353056695646142,19.50679878718741
test,WELD2025:1424,Weld2025,3,0,5.0,1.5231041561645189,1.615559676859383,1.6090219157132681,1.6278084089302078,0.06362745716409468,1.5453944585491735,1.6914358660943025,33.350638748663975,41.262893299493854,35.107059761406425,49.14008078284462
test,WELD2025:1424,Weld2025,3,0,6.0,1.301029953590134,1.361816863479878,1.3565486250147287,1.3681670383325752,0.07510453044171461,1.2814440945730141,1.4432715687742899,19.999998062427824,23.004715329362035,19.118072075521678,27.750548323477133
test,WELD2025:1424,Weld2025,4,0,5.0,1.5231041561645189,1.6434526443481445,1.6434526443481445,1.6434526443481445,0.06344506748061451,1.58000757686753,1.7068977118287592,33.350638748663975,43.99999674397467,38.01960293079483,50.92109238999113
test,WELD2025:1424,Weld2025,4,0,6.0,1.301029953590134,1.349661181388853,1.3459545511336521,1.3530836689636887,0.06390925465714714,1.282045296476505,1.4169929236208358,19.999998062427824,22.3697526195165,19.144555903959315,26.121187922798182
test,FatigueData-AM2022:503,AM2022,2,0,5.0,2.2621634335378817,2.2911267774757054,2.290097307128061,2.2921655104502485,0.07309786491601589,2.216999442212045,2.3652633753662644,182.878829559685,195.49100418642644,164.81602747025283,231.8800446720592
test,FatigueData-AM2022:503,AM2022,3,0,5.0,2.2621634335378817,2.2917172005022524,2.2911735001728823,2.292502940988386,0.06362745716409468,2.227546043008788,2.356130398152481,182.878829559685,195.7569548007243,168.86748798385682,227.05464875830918
test,FatigueData-AM2022:503,AM2022,4,0,5.0,2.2621634335378817,2.2917287097110344,2.2911847428722054,2.2924294652375274,0.06344506748061451,2.227739675391591,2.355874532718142,182.878829559685,195.7621426113249,168.94279519095767,226.92091847025748
test,WELD2025:2188,Weld2025,2,0,5.0,1.9939124108931998,1.9940520321478994,1.993775189904968,1.9942586014914248,0.07309786491601589,1.9206773249889522,2.067356466407441,98.60805914890369,98.63976573246285,83.30620006633619,116.77677208183006
test,WELD2025:2188,Weld2025,2,0,6.0,1.9141016061451754,1.9074501468142642,1.9073125834560956,1.9075913814438774,0.07642239093833281,1.8308901925177627,1.9840137723822102,82.05434936011405,80.80721642130558,67.74701936641769,96.38595891336203
test,WELD2025:2188,Weld2025,2,0,7.0,1.8576237438053387,1.857332468032837,1.857332468032837,1.857332468032837,0.17283688789025264,1.6844955801425843,2.0301693559230896,72.04830096808972,71.99999529193418,48.361034252724664,107.19372325554592
test,WELD2025:2188,Weld2025,3,0,5.0,1.9939124108931998,1.9941234699396018,1.9938503631791182,1.9943654887445401,0.06362745716409468,1.9302229060150236,2.0579929459086346,98.60805914890369,98.65599247932981,85.15750054985122,114.28597715727481
test,WELD2025:2188,Weld2025,3,0,6.0,1.9141016061451754,1.9102161889064653,1.9098734801655564,1.91063582175805,0.07510453044171461,1.8347689497238417,1.9857403521997645,82.05434936011405,81.32352385180947,68.3547894217078,96.76991335596185
test,WELD2025:2188,Weld2025,3,0,7.0,1.8576237438053387,1.857332468032837,1.857332468032837,1.857332468032837,0.10188500503614173,1.7554474629966952,1.9592174730689786,72.04830096808972,71.99999529193418,56.9439334360659,91.03690260278397
test,WELD2025:2188,Weld2025,4,0,5.0,1.9939124108931998,1.99461186719055,1.9945418122688836,1.994677160770617,0.06344506748061451,1.931096744788269,2.0581222282512317,98.60805914890369,98.76700107048137,85.32901744182567,114.32000328205442
test,WELD2025:2188,Weld2025,4,0,6.0,1.9141016061451754,1.910526612417762,1.909979199617119,1.9111939314583657,0.06390925465714714,1.8460699449599718,1.9751031861155128,82.05434936011405,81.38167277886075,70.15682798552635,94.42852069005991
test,WELD2025:2188,Weld2025,4,0,7.0,1.8576237438053387,1.857332468032837,1.857332468032837,1.857332468032837,0.11888132054548817,1.7384511474873487,1.976213788578325,72.04830096808972,71.99999529193418,54.75845013226778,94.67030767884616
test,WELD2025:3930,Weld2025,2,0,5.0,2.5340779567078946,2.5534448063443915,2.5499554980916646,2.5576635834314767,0.07309786491601589,2.4768576331756487,2.6307614483474926,342.04083400147704,357.638946038099,299.8179519469471,427.32809655603654
test,WELD2025:3930,Weld2025,2,0,6.0,2.3931179933409847,2.304384812859447,2.2976206942946034,2.3092199935209297,0.07642239093833281,2.2211983033562706,2.3856423844592625,247.23957782611944,201.5509329869575,166.41723552373955,243.02020588425012
test,WELD2025:3930,Weld2025,3,0,5.0,2.5340779567078946,2.525787725954007,2.52477751706159,2.5273322059858216,0.06362745716409468,2.461150059897495,2.590959663149916,342.04083400147704,335.57355282765315,289.16788590823626,389.90577092504896
test,WELD2025:3930,Weld2025,3,0,6.0,2.3931179933409847,2.2922561168670654,2.2922561168670654,2.2922561168670654,0.07510453044171461,2.217151586425351,2.36736064730878,247.23957782611944,196.000020539234,164.8737767595906,233.00253567549524
test,WELD2025:3930,Weld2025,4,0,5.0,2.5340779567078946,2.529411053824272,2.5250697983528894,2.5351915219000056,0.06344506748061451,2.4616247308722747,2.5986365893806203,342.04083400147704,338.384961451735,289.484110602936,396.85932500505254
test,WELD2025:3930,Weld2025,4,0,6.0,2.3931179933409847,2.3346044283867853,2.3330346600587784,2.335923432737693,0.06390925465714714,2.269125405401631,2.39983268739484,247.23957782611944,216.0749535876557,185.83409858648534,251.09189098491657
test,WELD2025:2731,Weld2025,2,0,5.0,2.357295455824705,2.3397801546650863,2.3387907436182283,2.3407555877169357,0.07309786491601589,2.2656928787022124,2.4138534526329516,227.66457338644673,218.66544317305056,184.3711135465726,259.3304135662261
test,WELD2025:2731,Weld2025,3,0,5.0,2.357295455824705,2.3238957762325474,2.3218543951293213,2.325050519817509,0.06362745716409468,2.258226937965227,2.3886779769816036,227.66457338644673,210.81221734342637,181.22868448113485,244.72479702847798
test,WELD2025:2731,Weld2025,4,0,5.0,2.357295455824705,2.3402685994648555,2.336634282751276,2.341889659090868,0.06344506748061451,2.273189215270661,2.405334726571483,227.66457338644673,218.9115114220699,187.58115916474569,254.29318806465636
test,WELD2025:5252,Weld2025,2,0,7.0,2.4824590503750428,2.4734055720523926,2.4717856017371367,2.475267417179727,0.17283688789025264,2.298948713846884,2.6481043050699795,303.7099710325348,297.4442460348234,199.04382727959683,444.738067963001
test,WELD2025:5252,Weld2025,3,0,7.0,2.4824590503750428,2.4786972451237297,2.4770129020511376,2.4801517860118265,0.10188500503614173,2.3751278970149956,2.582036791047968,303.7099710325348,301.0906332798781,237.2072163261652,381.9766284356451
test,WELD2025:5252,Weld2025,4,0,7.0,2.4824590503750428,2.466517950850768,2.4632984352725513,2.469516367225415,0.11888132054548817,2.3444171147270634,2.588397687770903,303.7099710325348,292.7641878148371,221.0126412549774,387.61242300579863
test,WELD2025:1533,Weld2025,2,0,5.0,2.4356742912867446,2.370245270715918,2.3651760663751484,2.3761879270059536,0.07309786491601589,2.2920782014591325,2.4492857919219695,272.6931893082374,234.55531081525808,195.91974256373607,281.37518394467446
test,WELD2025:1533,Weld2025,2,0,6.0,2.1230869860676824,2.145544240986851,2.1430329631492353,2.148592525168238,0.07642239093833281,2.0666105722109025,2.225014916106571,132.76603519400345,139.81193325792557,116.57638187685492,167.88616786518145
test,WELD2025:1533,Weld2025,3,0,5.0,2.4356742912867446,2.419323935059661,2.408122682075934,2.432775908352046,0.06362745716409468,2.3444952249118396,2.496403365516141,272.6931893082374,262.6176646781087,221.05239513514545,313.61972200257134
test,WELD2025:1533,Weld2025,3,0,6.0,2.1230869860676824,2.1827850204874593,2.1789993006464488,2.1864551122978546,0.07510453044171461,2.103894770204734,2.261559642739569,132.76603519400345,152.32985212367035,127.02662816883849,182.62475349626664
test,WELD2025:1533,Weld2025,4,0,5.0,2.4356742912867446,2.3996761397083217,2.3985763428549247,2.400328316112407,0.06344506748061451,2.33513127537431,2.4637733835930216,272.6931893082374,251.00139761558884,216.3372353350154,290.91986917052776
test,WELD2025:1533,Weld2025,4,0,6.0,2.1230869860676824,2.1120096920159916,2.1075571675648246,2.1165129189961966,0.06390925465714714,2.0436479129076774,2.180422173653344,132.76603519400345,129.4224723941656,110.57269960340861,151.50332827013213
test,WELD2025:1872,Weld2025,2,0,6.0,2.0247230581139086,2.0093377066940423,2.0081114534717073,2.010685800029071,0.07642239093833281,1.9316890625333745,2.087108190967404,105.85784731904393,102.17336733564858,85.44547384426157,122.21040714786446
test,WELD2025:1872,Weld2025,3,0,6.0,2.0247230581139086,1.9892683968326066,1.9878310612943706,1.9911814975594937,0.07510453044171461,1.912726530852656,2.0662860280012083,105.85784731904393,97.55923739238278,81.79495745592918,116.48929797813275
test,WELD2025:1872,Weld2025,4,0,6.0,2.0247230581139086,1.9914252705409625,1.9890417802165967,1.993828899772101,0.06390925465714714,1.9251325255594496,2.057738154429248,105.85784731904393,98.04495929248672,84.16519337100323,114.21894763169924
test,WELD2025:3325,Weld2025,2,0,5.0,2.2433534048485138,2.2525314292673473,2.2514929390847374,2.2540596506905666,0.07309786491601589,2.1783950741687215,2.3271575156065825,175.12711966706516,178.86749682602448,150.79782379959465,212.4014687759273
test,WELD2025:3325,Weld2025,2,0,6.0,2.1504626804650933,2.07918119430542,2.07918119430542,2.07918119430542,0.07642239093833281,2.002758803367087,2.1556035852437527,141.4043209129868,119.99998570310129,100.63725986608321,143.08812250955972
test,WELD2025:3325,Weld2025,3,0,5.0,2.2433534048485138,2.306853546440818,2.3028977065179084,2.310905208581534,0.06362745716409468,2.2392702493538135,2.3745326657456287,175.12711966706516,202.69990560204843,173.48832314205532,236.8823297688862
test,WELD2025:3325,Weld2025,3,0,6.0,2.1504626804650933,2.079611253828872,2.07918119430542,2.0813181807232786,0.07510453044171461,2.0040766638637053,2.156422711164993,141.4043209129868,120.11887438164139,100.9431060238424,143.3582567093747
test,WELD2025:3325,Weld2025,4,0,5.0,2.2433534048485138,2.270771401700692,2.2682492490234107,2.273121614973144,0.06344506748061451,2.204804181542796,2.3365666824537588,175.12711966706516,186.53975485945767,160.25226684692666,217.0534446236335
test,WELD2025:3325,Weld2025,4,0,6.0,2.1504626804650933,2.088185780726552,2.08784619555101,2.0884965211810034,0.06390925465714714,2.023936940893863,2.1524057758381505,141.4043209129868,122.51401726640633,105.66640715525324,142.03840141190716
test,WELD2025:4867,Weld2025,2,0,5.0,2.56473298892765,2.5627501527275207,2.5566247413296552,2.565688147133818,0.07309786491601589,2.4835268764136393,2.638786012049834,367.05655896977964,365.38452738957994,304.45763985014753,435.2973387532241
test,WELD2025:4867,Weld2025,2,0,6.0,2.337938232366685,2.302313230289424,2.301029920578003,2.304972579068202,0.07642239093833281,2.22460752963967,2.381394970006535,217.7400069100539,200.59182530324463,167.72875742787923,240.65504473118628
test,WELD2025:4867,Weld2025,3,0,5.0,2.56473298892765,2.5557843660375625,2.555666101528766,2.555961095484017,0.06362745716409468,2.492038644364671,2.6195885526481115,367.05655896977964,359.57075835439986,310.4835850148187,416.4746315487323
test,WELD2025:4867,Weld2025,3,0,6.0,2.337938232366685,2.30106419283485,2.301029920578003,2.301029920578003,0.07510453044171461,2.2259253901362883,2.3761344510197175,217.7400069100539,200.01574899921795,168.2385009967453,237.75762344332753
test,WELD2025:4867,Weld2025,4,0,5.0,2.56473298892765,2.5922888185438664,2.5916950309197544,2.59287443593837,0.06344506748061451,2.5282499634391398,2.6563195034189846,367.05655896977964,391.1009028760364,337.4814943243446,453.2308919117055
test,WELD2025:4867,Weld2025,4,0,6.0,2.337938232366685,2.3181169414059957,2.3142974623187826,2.3223858922296152,0.06390925465714714,2.2503882076616355,2.3862951468867624,217.7400069100539,208.02567573118125,177.9869691182155,243.38574987097482
test,WELD2025:1543,Weld2025,2,0,5.0,2.9966521642253054,2.9766035031548475,2.975045099693568,2.978501941084236,0.07309786491601589,2.901947234777552,3.051599806000252,992.3209589005637,947.5529829919553,797.8977396640862,1126.1592438513742
test,WELD2025:1543,Weld2025,2,0,6.0,2.9031264934227217,2.8793526176709374,2.8792422283951105,2.879455698676443,0.07642239093833281,2.8028198374567777,2.955878089614776,800.0672501571028,757.4476415453557,635.0674260908748,903.3958467492805
test,WELD2025:1543,Weld2025,3,0,5.0,2.9966521642253054,2.978179484809009,2.975670628426619,2.9824375532859575,0.06362745716409468,2.912043171262524,3.046065010450052,992.3209589005637,950.9977398908165,816.6635481766713,1111.8981571872107
test,WELD2025:1543,Weld2025,3,0,6.0,2.9031264934227217,2.879812926997311,2.879732153930354,2.879918257926912,0.07510453044171461,2.8046276234886394,2.9550227883686264,800.0672501571028,758.2508869610815,637.7164553740232,901.618446230223
test,WELD2025:1543,Weld2025,4,0,5.0,2.9966521642253054,2.983937503683735,2.979922812571588,2.9885470495060873,0.06344506748061451,2.9164777450909734,3.051992116986702,992.3209589005637,963.6903356319569,825.0452059260487,1127.1769962519706
test,WELD2025:1543,Weld2025,4,0,6.0,2.9031264934227217,2.8803317178755328,2.8801951785428086,2.8804694658112004,0.06390925465714714,2.8162859238856615,2.9443787204683476,800.0672501571028,759.1572044663268,655.0673049126486,879.7893905246956
test,WELD2025:1748,Weld2025,2,0,5.0,2.1329732876617395,2.240658269701694,2.2351563009756665,2.2478063302050133,0.07309786491601589,2.1620584360596506,2.320904195121029,135.82299027846784,174.04368489333362,145.23070181597794,209.36505479257102
test,WELD2025:1748,Weld2025,2,0,6.0,2.003457038484714,2.045452035028397,2.0429804720829767,2.047661017276369,0.07642239093833281,1.966558081144644,2.1240834082147018,100.79918913093003,111.03298999206041,92.58872020122462,133.0709962290249
test,WELD2025:1748,Weld2025,3,0,5.0,2.1329732876617395,2.240373605756693,2.2347413079940814,2.2450657804680882,0.06362745716409468,2.171113850829987,2.308693237632183,135.82299027846784,173.92964308428662,148.29067800227,203.56037283012873
test,WELD2025:1748,Weld2025,3,0,6.0,2.003457038484714,2.045747283954136,2.043334723975774,2.047961546899693,0.07510453044171461,1.9682301935340596,2.1230660773414076,100.79918913093003,111.10849985512148,92.94589068255866,132.75964344374663
test,WELD2025:1748,Weld2025,4,0,5.0,2.1329732876617395,2.1851979332363953,2.1818952907777507,2.1893048667379813,0.06344506748061451,2.118450223297136,2.252749934218596,135.82299027846784,153.17854262638363,131.35609324221232,178.95751240048517
test,WELD2025:1748,Weld2025,4,0,6.0,2.003457038484714,2.0485817331980405,2.046290378541045,2.05117294438234,0.06390925465714714,1.982381123883898,2.1150821990394872,100.79918913093003,111.83602775489409,96.0242942434142,130.34134525405304
test,WELD2025:3474,Weld2025,2,0,5.0,2.5064899635333404,2.5523044413127574,2.5501750453161782,2.554661836718387,0.07309786491601589,2.4770771804001623,2.6277597016344028,320.98886234099956,356.701093995015,299.96955608350515,424.38468377121524
test,WELD2025:3474,Weld2025,2,0,6.0,2.2881878084466725,2.29102594871162,2.2857033700207565,2.293573389495816,0.07642239093833281,2.2092809790824237,2.3699957804341487,194.17253853569204,195.44562293198553,161.9127238950435,234.42060391157196
test,WELD2025:3474,Weld2025,3,0,5.0,2.5064899635333404,2.5228995039459914,2.520869310155195,2.5244501625162834,0.06362745716409468,2.4572418529911007,2.5880776196803783,320.98886234099956,333.34926657881863,286.5773437853745,387.326864085526
test,WELD2025:3474,Weld2025,3,0,6.0,2.2881878084466725,2.291705864174593,2.2910030921875646,2.2921975743611305,0.07510453044171461,2.21589856174585,2.367302104802845,194.17253853569204,195.7518450512095,164.3987691814049,232.97112925987125
test,WELD2025:3474,Weld2025,4,0,5.0,2.5064899635333404,2.4887852295630326,2.4839138884568395,2.4938766129364938,0.06344506748061451,2.420468820976225,2.5573216804171084,320.98886234099956,308.1663606870668,263.31088997998097,360.845821309254
test,WELD2025:3474,Weld2025,4,0,6.0,2.2881878084466725,2.2515545682097304,2.2471583205391656,2.2574738882318215,0.06390925465714714,2.1832490658820185,2.3213831428889686,194.17253853569204,178.4656212841363,152.49270416973815,209.59607370412897
test,FatigueData-AM2022:1506,AM2022,2,0,5.0,1.8546721402180644,1.9421698638289833,1.9391845401971977,1.944348716782219,0.07309786491601589,1.8660866752811818,2.017446581698235,71.56029796336192,87.53260709979162,73.46604750151145,104.09900577783827
test,FatigueData-AM2022:1506,AM2022,2,0,6.0,1.777283164375552,1.7347215309568687,1.7346927482284857,1.734755236255071,0.07642239093833281,1.658270357290153,1.811177627193404,59.88018926714711,54.29021117546672,45.52713877998242,64.74073523316247
test,FatigueData-AM2022:1506,AM2022,3,0,5.0,1.8546721402180644,1.9423323298056903,1.9413062992322108,1.943840472958164,0.06362745716409468,1.877678842068116,2.0074679301222584,71.56029796336192,87.56535845036841,75.45340483069371,101.73442390229488
test,FatigueData-AM2022:1506,AM2022,3,0,6.0,1.777283164375552,1.734124779701233,1.734124779701233,1.734124779701233,0.07510453044171461,1.6590202492595183,1.8092293101429475,59.88018926714711,54.21566382377345,45.60581794614933,64.45094806375675
test,FatigueData-AM2022:1506,AM2022,4,0,5.0,1.8546721402180644,1.8819520991948813,1.8814140905663768,1.882662623449362,0.06344506748061451,1.8179690230857624,1.9461076909299764,71.56029796336192,76.19949606381606,65.76109302802733,88.32989027118815
test,FatigueData-AM2022:1506,AM2022,4,0,6.0,1.777283164375552,1.7346049180931922,1.7345809080885704,1.7346309926733467,0.06390925465714714,1.6706716534314232,1.798540247330494,59.88018926714711,54.27563561125541,46.845907165757524,62.884012785812104
test,WELD2025:2629,Weld2025,2,0,5.0,1.9673674383168622,1.964801095014064,1.9633198709850974,1.9662984526510043,0.07309786491601589,1.8902220060690815,2.0393963175670202,92.76143069702282,92.21489901937329,77.66440261741539,109.49551171767101
test,WELD2025:2629,Weld2025,3,0,5.0,1.9673674383168622,1.9796546354945899,1.976303958013964,1.9824370028592204,0.06362745716409468,1.9126765008498694,2.046064460023315,92.76143069702282,95.42334480428319,81.78553535543844,111.18967479634874
test,WELD2025:2629,Weld2025,4,0,5.0,1.9673674383168622,1.9554499033157176,1.9526965952737516,1.9586172448992216,0.06344506748061451,1.889251527793137,2.0220623123798362,92.76143069702282,90.25055957505796,77.49104682233583,105.21128196753388
test,WELD2025:2530,Weld2025,2,0,5.0,2.7091933898777008,2.779837024161317,2.7780426540843703,2.781315530696078,0.07309786491601589,2.7049447891683545,2.854413395612094,511.9097364852968,602.3335085296335,506.92625984019,715.1767636150269
test,WELD2025:2530,Weld2025,3,0,5.0,2.7091933898777008,2.7795002111370137,2.779244272064672,2.779764934359034,0.06362745716409468,2.715616814900577,2.8433923915231283,511.9097364852968,601.866555503513,519.5373979352491,697.2562109537328
test,WELD2025:2530,Weld2025,4,0,5.0,2.7091933898777008,2.7531022720367,2.752175005873917,2.7542600025452195,0.06344506748061451,2.6887299383933025,2.817705070025834,511.9097364852968,566.372648468238,488.3485903005157,657.2113726369056
test,FatigueData-AM2022:666,AM2022,2,0,6.0,2.3666913061662944,2.3618099689483643,2.3618099689483643,2.3618099689483643,0.07642239093833281,2.2853875780100315,2.438232359886697,232.6437052756112,230.04350126757683,192.9245864649337,274.3041384466798
test,FatigueData-AM2022:666,AM2022,3,0,6.0,2.3666913061662944,2.364070500652167,2.363995224512833,2.36417330336746,0.07510453044171461,2.2888906940711182,2.4392778338091747,232.6437052756112,231.24401467906057,194.48705229415484,274.9652642305965
test,FatigueData-AM2022:666,AM2022,4,0,6.0,2.3666913061662944,2.3640340595606992,2.3638669872626656,2.3641526412716485,0.06390925465714714,2.2999577326055185,2.4280618959287956,232.6437052756112,231.22461210520567,199.50681369649925,267.9550188822393
test,WELD2025:2773,Weld2025,2,0,5.0,2.5357648223479536,2.535576695289154,2.535188503691202,2.5360785365268503,0.07309786491601589,2.462090638775186,2.6091764014428662,343.37195594661364,343.22324678792194,289.7948336531712,406.6084515778297
test,WELD2025:2773,Weld2025,2,0,6.0,2.3993289376771507,2.2766438059083085,2.269512891769409,2.3315093517303467,0.07642239093833281,2.1930905008310764,2.4079317426686795,250.80081167184446,189.07922167584096,155.98775253874282,255.8183789875919
test,WELD2025:2773,Weld2025,3,0,5.0,2.5357648223479536,2.53269099517347,2.531680156727766,2.5337556897828906,0.06362745716409468,2.468052699563671,2.597383146946985,343.37195594661364,340.9502358283859,293.80061433622024,395.7155776554825
test,WELD2025:2773,Weld2025,3,0,6.0,2.3993289376771507,2.3385006928645495,2.332598296788897,2.3425141979963304,0.07510453044171461,2.2574937663471824,2.417618728438045,250.80081167184446,218.02218754646378,180.9229941256443,261.5885487267607
test,WELD2025:2773,Weld2025,4,0,5.0,2.5357648223479536,2.53483435149324,2.5320442599892337,2.53652138800528,0.06344506748061451,2.468599192508619,2.5999664554858946,343.37195594661364,342.63707306185086,294.1705500182775,398.0764223021831
test,WELD2025:2773,Weld2025,4,0,6.0,2.3993289376771507,2.3426437444604487,2.339970884742031,2.34515690116171,0.06390925465714714,2.2760616300848837,2.409066155818857,250.80081167184446,220.11201243010836,188.82592901555822,256.4874712593218
test,FatigueData-AM2022:714,AM2022,2,0,5.0,2.555705029736547,2.602943243820434,2.5997995710287687,2.6048223973138054,0.07309786491601589,2.526701706112753,2.6779202622298213,359.50507847673356,400.8143334093141,336.2805167520371,476.34352067625446
test,FatigueData-AM2022:714,AM2022,2,0,6.0,2.483183762075288,2.4771398468527903,2.4771370887756348,2.4771370887756348,0.07642239093833281,2.400714697837302,2.5535594797139676,304.2171980967606,300.0128432654841,251.60235270891064,357.7333913504061
test,FatigueData-AM2022:714,AM2022,3,0,5.0,2.555705029736547,2.595232439200475,2.5952228032385225,2.595241895455985,0.06362745716409468,2.531595346074428,2.65886935262008,359.50507847673356,393.76076417661835,340.0911620554862,455.8997484993372
test,FatigueData-AM2022:714,AM2022,3,0,6.0,2.483183762075288,2.4771370887756348,2.4771370887756348,2.4771370887756348,0.07510453044171461,2.40203255833392,2.5522416192173494,304.2171980967606,300.0109379777671,252.36699607222948,356.6494997647752
test,FatigueData-AM2022:714,AM2022,4,0,5.0,2.555705029736547,2.594000366257067,2.5916506327792597,2.59597528978735,0.06344506748061451,2.528205565298645,2.6594203572679644,359.50507847673356,392.6452665321588,337.44699518709587,456.478531590616
test,FatigueData-AM2022:714,AM2022,4,0,6.0,2.483183762075288,2.4798157676573456,2.479723831249275,2.4798974432937957,0.06390925465714714,2.415814576592128,2.543806697950943,304.2171980967606,301.867089642108,260.5041081969333,349.7894430469035
test,WELD2025:3374,Weld2025,2,0,5.0,1.9262471485440262,1.913738731050529,1.912485648311736,1.914595347834283,0.07309786491601589,1.8393877833957202,1.9876932127502989,84.3814819758799,81.98581741915795,69.08563971442877,97.20603141386826
test,WELD2025:3374,Weld2025,2,0,6.0,1.8746664017982846,1.8936278149485588,1.8901418447494507,1.8967037200927734,0.07642239093833281,1.8137194538111179,1.9731261110311062,74.9318408085366,78.275854076254,65.12075901217862,93.99962283398501
test,WELD2025:3374,Weld2025,3,0,5.0,1.9262471485440262,1.941993582813695,1.9413839190334887,1.9426784736307907,0.06362745716409468,1.877756461869394,2.0063059307948854,84.3814819758799,87.49708464598595,75.46689153599362,101.46258686680677
test,WELD2025:3374,Weld2025,3,0,6.0,1.8746664017982846,1.8591805880802956,1.8590522804942218,1.8593186049993458,0.07510453044171461,1.7839477500525072,1.9344231354410604,74.9318408085366,72.30704078181024,60.80618409880388,85.98508708334981
test,WELD2025:3374,Weld2025,4,0,5.0,1.9262471485440262,1.930241263731054,1.9297512794000842,1.9307893664068134,0.06344506748061451,1.8663062119194698,1.9942344338874278,84.3814819758799,85.16110025078919,73.5031941081253,98.6812026938532
test,WELD2025:3374,Weld2025,4,0,6.0,1.8746664017982846,1.9095197804272175,1.9032655954360962,1.9131083488464355,0.06390925465714714,1.839356340778949,1.9770176035035827,74.9318408085366,81.19322284536783,69.08063814348496,94.8456906861386
test,WELD2025:3900,Weld2025,2,0,6.0,2.162697707849526,2.1927531640871525,2.1756806212145174,2.2068979612376003,0.07642239093833281,2.0992582302761846,2.283320352175933,145.44463558373633,155.86663663315804,125.67770176510183,192.008454603249
test,WELD2025:3900,Weld2025,3,0,6.0,2.162697707849526,2.19088943400343,2.1825032391272425,2.1950326646970075,0.07510453044171461,2.107398708685528,2.270137195138722,145.44463558373633,155.19918417554925,128.0556393141113,186.26754693950218
test,WELD2025:3900,Weld2025,4,0,6.0,2.162697707849526,2.1845569005284378,2.1822779602306093,2.188569729697053,0.06390925465714714,2.118368705573462,2.2524789843542004,145.44463558373633,152.95261292179393,131.3314398209023,178.84589829242873
test,WELD2025:2179,Weld2025,2,0,6.0,2.1250193354802622,2.0447494744110664,2.0421287096314282,2.0470213640891677,0.07642239093833281,1.9657063186930954,2.1234437550275005,133.35808039775935,110.85351650864774,92.4073080182704,132.8751460928888
test,WELD2025:2179,Weld2025,3,0,6.0,2.1250193354802622,2.064690391547609,2.0600890459042063,2.0691853169009575,0.07510453044171461,1.9849845154624917,2.144289847342672,133.35808039775935,116.06209124166804,96.60164355763641,139.40869035859907
test,WELD2025:2179,Weld2025,4,0,6.0,2.1250193354802622,2.082749213074851,2.0747768064665975,2.090823753149673,0.06390925465714714,2.0108675518094503,2.1547330078068203,133.35808039775935,120.98992654915229,102.53391775638836,142.80157841321216
test,FatigueData-AM2022:13,AM2022,2,0,5.0,1.9756377730754529,1.9961531162261963,1.9961531162261963,1.9961531162261963,0.07309786491601589,1.9230552513101804,2.069250981142212,94.54482734267502,99.11813373022302,83.7635840086404,117.28729794022385
test,FatigueData-AM2022:13,AM2022,3,0,5.0,1.9756377730754529,1.9961531162261963,1.9961531162261963,1.9961531162261963,0.06362745716409468,1.9325256590621016,2.0597805733902907,94.54482734267502,99.11813373022302,85.61022906103307,114.75736651934872
test,FatigueData-AM2022:13,AM2022,4,0,5.0,1.9756377730754529,1.9646958143887503,1.964420300902186,1.9649693238261736,0.06344506748061451,1.9009752334215713,2.028414391306788,94.54482734267502,92.19254721435861,79.61139490097683,106.76143222717127
test,FatigueData-AM2022:327,AM2022,2,0,5.0,2.228450937985649,2.224401021635413,2.213410494464986,2.2370502540198354,0.07309786491601589,2.14031262954897,2.3101481189358513,169.21970670442727,167.64902098489728,138.137830042853,204.2434411332759
test,FatigueData-AM2022:327,AM2022,2,0,6.0,2.059129131724518,2.0482325553894043,2.0482325553894043,2.0482325553894043,0.07642239093833281,1.9718101644510715,2.124654946327737,114.58535952214089,111.74614642704111,93.71522764040533,133.2462349577632
test,FatigueData-AM2022:327,AM2022,3,0,5.0,2.228450937985649,2.20629289854863,2.199647177116247,2.2127643285836798,0.06362745716409468,2.1360197199521522,2.2763917857477747,169.21970670442727,160.80253780290496,136.77909312879035,188.96953123687027
test,FatigueData-AM2022:327,AM2022,3,0,6.0,2.059129131724518,2.0482325553894043,2.0482325553894043,2.0482325553894043,0.07510453044171461,1.9731280249476897,2.123337085831119,114.58535952214089,111.74614642704111,94.00003708708032,132.8425139846035
test,FatigueData-AM2022:327,AM2022,4,0,5.0,2.228450937985649,2.2704593368579253,2.2580272936796675,2.2834050943608473,0.06344506748061451,2.194582226199053,2.346850161841462,169.21970670442727,186.40576377221805,156.5244643354661,222.25429474555492
test,FatigueData-AM2022:327,AM2022,4,0,6.0,2.059129131724518,2.093884138155036,2.0859319500347397,2.0953567655847203,0.06390925465714714,2.0220226953775926,2.1592660202418674,114.58535952214089,124.13211015899567,105.20168487233585,144.29989671553392
test,WELD2025:4455,Weld2025,2,0,6.0,2.0796921887768023,2.1225204691290855,2.0128371715545654,2.2023699283599854,0.07642239093833281,1.9364147806162326,2.278792319298318,120.14126177356488,132.59296098848878,86.38031443825975,190.01693968927307
test,WELD2025:4455,Weld2025,3,0,6.0,2.0796921887768023,2.052455920290952,2.0168033563369745,2.112924352818683,0.07510453044171461,1.9416988258952599,2.188028883260398,120.14126177356488,112.83814040710466,87.4377202697467,154.18029889436002
test,WELD2025:4455,Weld2025,4,0,6.0,2.0796921887768023,2.0616879338572938,2.016806027924633,2.1136876211928923,0.06390925465714714,1.952896773267486,2.1775968758500395,120.14126177356488,115.26247314847868,89.72155114928128,150.52092406881889
test,FatigueData-AM2022:493,AM2022,2,0,5.0,2.194494384795245,2.288297293747057,2.2864526268428893,2.2907741922005185,0.07309786491601589,2.2133547619268734,2.3638720571165344,156.49280853770992,194.2214954520534,163.43864832587252,231.13837576514265
test,FatigueData-AM2022:493,AM2022,3,0,5.0,2.194494384795245,2.3347144671252895,2.3282111303729347,2.3403976723573283,0.06362745716409468,2.26458367320884,2.4040251295214228,156.49280853770992,216.1297082040353,183.90082316731664,253.5275324538569
test,FatigueData-AM2022:493,AM2022,4,0,5.0,2.194494384795245,2.266401561348639,2.2657331813461217,2.2670635149793394,0.06344506748061451,2.202288113865507,2.330508582459954,156.49280853770992,184.67221631959816,159.32653594251815,214.04672259338315
test,FatigueData-AM2022:1560,AM2022,2,0,5.0,2.005852671260557,2.014984369277954,2.014984369277954,2.014984369277954,0.07309786491601589,1.9418865043619382,2.08808223419397,101.3567487856006,103.51049114781037,87.47551426496912,122.48481038026524
test,FatigueData-AM2022:1560,AM2022,3,0,5.0,2.005852671260557,2.014984369277954,2.014984369277954,2.014984369277954,0.06362745716409468,1.9513569121138594,2.0786118264420486,101.3567487856006,103.51049114781037,89.40399222510807,119.84276664830973
test,FatigueData-AM2022:1560,AM2022,4,0,5.0,2.005852671260557,2.005763853644626,2.0053680986915796,2.0061378418750366,0.06344506748061451,1.941923031210965,2.0695829093556513,101.3567487856006,101.33602242434955,87.48287180555103,117.37697406094074
test,WELD2025:4418,Weld2025,2,0,5.0,2.7634803862738386,2.711983730576926,2.7082550438754853,2.7157532985583552,0.07309786491601589,2.6351571789594694,2.788851163474371,580.0699746522995,515.2093435863749,431.6752795829614,614.9660823253577
test,WELD2025:4418,Weld2025,2,0,6.0,2.450681783695334,2.4206696089151416,2.4151737678937923,2.4264680060380788,0.07642239093833281,2.3387513769554595,2.5028903969764116,282.28108866468654,263.43265499572095,218.14807095766903,318.33940262731386
test,WELD2025:4418,Weld2025,2,0,7.0,2.2595414973088874,2.2140223163834616,2.212076384879024,2.216322578520632,0.17283688789025264,2.0392394969887713,2.389159466410885,181.7780738719178,163.69006320144834,109.45598082247628,244.99626662009874
test,WELD2025:4418,Weld2025,3,0,5.0,2.7634803862738386,2.748262123775116,2.7479913722825944,2.7485951992494804,0.06362745716409468,2.6843639151184995,2.8122226564135753,580.0699746522995,560.0955520557375,483.46374864010807,648.9670641726684
test,WELD2025:4418,Weld2025,3,0,6.0,2.450681783695334,2.4111239686791777,2.406206780492485,2.4170803778862697,0.07510453044171461,2.3311022500507703,2.4921849083279843,282.28108866468654,257.7056668809255,214.33951814856005,310.5881689079573
test,WELD2025:4418,Weld2025,3,0,7.0,2.2595414973088874,2.2281200865790804,2.223826472149989,2.2342858622432336,0.10188500503614173,2.1219414671138477,2.3361708672793755,181.7780738719178,169.09084193625088,132.41630565080072,216.85571264220408
test,WELD2025:4418,Weld2025,4,0,5.0,2.7634803862738386,2.7282737630639247,2.722400010378629,2.735386022191734,0.06344506748061451,2.6589549428980144,2.7988310896723485,580.0699746522995,534.9014350854333,455.9896055735808,629.26139636966
test,WELD2025:4418,Weld2025,4,0,6.0,2.450681783695334,2.462594117987445,2.460624405673088,2.4641825423850006,0.06390925465714714,2.396715151015941,2.5280917970421477,282.28108866468654,290.13098869965694,249.29590860991803,337.3586087813296
test,WELD2025:4418,Weld2025,4,0,7.0,2.2595414973088874,2.2065273531480987,2.2020867188543245,2.2097645171460267,0.11888132054548817,2.083205398308836,2.328645837691515,181.7780738719178,160.8893707571385,121.11708178217074,213.1306147867263
test,WELD2025:4671,Weld2025,2,0,6.0,2.2454556981222034,2.2196717633812737,2.2158572598154835,2.2232730864514654,0.07642239093833281,2.1394348688771507,2.299695477389798,175.97691426303507,165.83330775702444,137.85891905096628,199.38637489241248
test,WELD2025:4671,Weld2025,3,0,6.0,2.2454556981222034,2.2419261728024256,2.2418382701564554,2.2420096384388954,0.07510453044171461,2.166733739714741,2.31711416888061,175.97691426303507,174.55253998926594,146.8025974102798,207.54590498150202
test,WELD2025:4671,Weld2025,4,0,6.0,2.2454556981222034,2.225474934396644,2.2242903237363008,2.2267021611745066,0.06390925465714714,2.1603810690791536,2.2906114158316537,175.97691426303507,168.0640923567962,144.6708619763312,195.2591596297974
test,WELD2025:2314,Weld2025,2,0,6.0,2.3576398859294745,2.434497561961752,2.4331622094151646,2.435465314640877,0.07642239093833281,2.356739818476832,2.51188770557921,227.84520113752012,271.95532190539734,227.37348506271118,325.00325125515195
test,WELD2025:2314,Weld2025,2,0,7.0,2.295330972080727,2.286538986160048,2.276524070937928,2.292736290766833,0.17283688789025264,2.1036871830476755,2.4655731786570856,197.39264753989343,193.4367496966469,126.9659255887439,292.1279954659047
test,WELD2025:2314,Weld2025,3,0,6.0,2.3576398859294745,2.352885263817642,2.3515761242300606,2.353749517471435,0.07510453044171461,2.276471593788346,2.4288540479131497,227.84520113752012,225.36437437554994,189.00426037673742,268.4442141365455
test,WELD2025:2314,Weld2025,3,0,7.0,2.295330972080727,2.260978389911214,2.258992718726581,2.26434124549617,0.10188500503614173,2.157107713690439,2.3662262505323115,197.39264753989343,182.38049492267336,143.58455075087156,232.39471671311472
test,WELD2025:2314,Weld2025,4,0,6.0,2.3576398859294745,2.3821132925374275,2.38106374029248,2.383309306212444,0.06390925465714714,2.3171544856353328,2.447218560869591,227.84520113752012,241.05341723773165,207.5651729346955,280.03902754813265
test,WELD2025:2314,Weld2025,4,0,7.0,2.295330972080727,2.26168791949749,2.261444091796875,2.261444091796875,0.11888132054548817,2.142562771251387,2.380325412342363,197.39264753989343,182.67870299904456,138.855399167066,240.0631013160984
test,WELD2025:1356,Weld2025,2,0,5.0,2.198153930485878,2.223533913239405,2.217170466813932,2.2299718510510043,0.07309786491601589,2.144072601897916,2.30306971596702,157.81705342555017,167.3146284144553,139.3389719289056,200.94153520304204
test,WELD2025:1356,Weld2025,3,0,5.0,2.198153930485878,2.279954241634579,2.2749535867323005,2.2827230302143175,0.06362745716409468,2.2113261295682056,2.3463504873784125,157.81705342555017,190.52599643771387,162.67699055405774,221.99872867725406
test,WELD2025:1356,Weld2025,4,0,5.0,2.198153930485878,2.205266057414754,2.203811453436056,2.206608605899234,0.06344506748061451,2.140366385955441,2.2700536733798486,157.81705342555017,160.4227871533005,138.15492962216325,186.23172816234046
test,WELD2025:1229,Weld2025,2,0,5.0,2.229686908009606,2.271055162702304,2.2702551058508265,2.271537033727469,0.07309786491601589,2.1971572409348106,2.344634898643485,169.70197942403118,186.6616767496517,157.45528448751847,221.12349937348012
test,WELD2025:1229,Weld2025,3,0,5.0,2.229686908009606,2.2787535190582275,2.2787535190582275,2.2787535190582275,0.06362745716409468,2.215126061894133,2.342380976222322,169.70197942403118,189.99996417183857,164.10660534238232,219.97887476852662
test,WELD2025:1229,Weld2025,4,0,5.0,2.229686908009606,2.2787535190582275,2.2787535190582275,2.2787535190582275,0.06344506748061451,2.215308451577613,2.342198586538842,169.70197942403118,189.99996417183857,164.1755393008696,219.886510128301
test,WELD2025:4023,Weld2025,2,0,5.0,2.9988688308960163,2.9693438340508536,2.964770385211565,2.9744582376879483,0.07309786491601589,2.891672520295549,3.047556102603964,997.3987759452183,931.8453321258709,779.2423013640989,1115.722272182487
test,WELD2025:4023,Weld2025,2,0,6.0,2.620411114213199,2.579999041334961,2.5796038742474847,2.5802344350822506,0.07642239093833281,2.503181483309152,2.6566568260205834,417.26418947896275,380.1885570884381,318.55284146716673,453.5830594369712
test,WELD2025:4023,Weld2025,3,0,5.0,2.9988688308960163,3.0007956570932826,2.997976338528308,3.002995954016318,0.06362745716409468,2.9343488813642136,3.0666234111804123,997.3987759452183,1001.8337474243538,859.7038692541296,1165.7982825436766
test,WELD2025:4023,Weld2025,3,0,6.0,2.620411114213199,2.580039043164741,2.5796867756591273,2.5803418695113107,0.07510453044171461,2.5045822452174127,2.6554463999530253,417.26418947896275,380.2235769631944,319.5819520977318,452.32063407676014
test,WELD2025:4023,Weld2025,4,0,5.0,2.9988688308960163,3.0014878415220423,2.9970540693738004,3.004576942260446,0.06344506748061451,2.9336090018931857,3.0680220097410604,997.3987759452183,1003.4317567492836,858.2404941568242,1169.5586619341987
test,WELD2025:4023,Weld2025,4,0,6.0,2.620411114213199,2.5813529128014427,2.5807360997089326,2.5819064152912747,0.06390925465714714,2.5168268450517854,2.645815669948422,417.26418947896275,381.37560781175233,328.72054254896887,442.40056194797
test,WELD2025:956,Weld2025,2,0,6.0,2.198795571182808,2.245103456573583,2.241591268534064,2.24987615152614,0.07642239093833281,2.165168877595731,2.326298542464473,158.05038976525208,175.83424321228316,146.27458599732418,211.9817838474758
test,WELD2025:956,Weld2025,3,0,6.0,2.198795571182808,2.2197629926398377,2.2188176253188505,2.2205305384564764,0.07510453044171461,2.143713094877136,2.295635068898191,158.05038976525208,165.86814687992467,139.22367548153474,197.53091200985352
test,WELD2025:956,Weld2025,4,0,6.0,2.198795571182808,2.2663327674998195,2.265779774583712,2.2668944273355214,0.06390925465714714,2.201870519926565,2.3308036819926685,158.05038976525208,184.6429658756987,159.17340984696588,214.19221500783905
test,WELD2025:4573,Weld2025,2,0,6.0,2.3412794784902924,2.285944274926269,2.2851207872084864,2.287117001131452,0.07642239093833281,2.2086983962701536,2.363539392069785,219.4216509914691,193.17204387344867,161.69567225256745,230.96139397008065
test,WELD2025:4573,Weld2025,3,0,6.0,2.3412794784902924,2.3232190082637008,2.3224502315554094,2.323794565210198,0.07510453044171461,2.247345701113695,2.3988990956519127,219.4216509914691,210.4839611564502,176.74441574478115,250.55270491212693
test,WELD2025:4573,Weld2025,4,0,6.0,2.3412794784902924,2.2962316099353464,2.2941404691990943,2.298240648156841,0.06390925465714714,2.230231214541947,2.362149902813988,219.4216509914691,197.80242423390004,169.9148023083816,230.22363293477557
test,WELD2025:473,Weld2025,2,0,6.0,2.3425556038256814,2.297812705654507,2.297084809855422,2.298273163018355,0.07642239093833281,2.2206624189170894,2.3746955539566876,220.06734494128034,198.52385764102536,166.2120166859615,236.97119245866358
test,WELD2025:473,Weld2025,3,0,6.0,2.3425556038256814,2.297741940293608,2.297155672348989,2.2983708333102753,0.07510453044171461,2.2220511419072744,2.37347536375199,220.06734494128034,198.49151215077143,166.7443556797909,236.30633457217348
test,WELD2025:473,Weld2025,4,0,6.0,2.3425556038256814,2.3117122528699956,2.3109148187622646,2.312682855990112,0.06390925465714714,2.2470055641051174,2.376592110647259,220.06734494128034,204.98036063120725,176.606044699949,238.00830454373596
test,WELD2025:4009,Weld2025,2,0,5.0,2.3606589633217916,2.4599501533809764,2.4599501533809764,2.4599501533809764,0.07309786491601589,2.3868522884649606,2.5330480182969923,229.43462684800224,288.370050428634,243.6981815093382,341.2306381162981
test,WELD2025:4009,Weld2025,3,0,5.0,2.3606589633217916,2.466867685317993,2.466867685317993,2.466867685317993,0.06362745716409468,2.4032402281538987,2.5304951424820876,229.43462684800224,293.0000438283702,253.06974539403564,339.23069527634726
test,WELD2025:4009,Weld2025,4,0,5.0,2.3606589633217916,2.43707113299673,2.43707113299673,2.43707113299673,0.06344506748061451,2.3736260655161154,2.5005162004773447,229.43462684800224,273.571677205552,236.3883479580253,316.603856389521
test,WELD2025:3021,Weld2025,2,0,6.0,2.0396581503557982,1.9682439705696173,1.9662592677783495,1.970384522107462,0.07642239093833281,1.8898368768400167,2.0468069130457947,109.56154561963939,92.94883923292085,77.59556091134783,111.37992293117965
test,WELD2025:3021,Weld2025,3,0,6.0,2.0396581503557982,2.0350901770829424,2.033924255430518,2.0361569073526047,0.07510453044171461,1.9588197249888033,2.1112614377943193,109.56154561963939,108.41520044148163,90.95356473303241,129.19967993709614
test,WELD2025:3021,Weld2025,4,0,6.0,2.0396581503557982,2.028426934169579,2.0279380848948025,2.0288758863035476,0.06390925465714714,1.9640288302376554,2.092785140960695,109.56154561963939,106.76451564957007,92.05106769751775,123.81838667608426
test,WELD2025:3536,Weld2025,2,0,5.0,2.586239841196334,2.4997868582463547,2.4974327323748886,2.502743494347281,0.07309786491601589,2.4243348674588727,2.575841359263297,385.6912987184099,316.07260677213475,265.66532136446267,376.56622031960467
test,WELD2025:3536,Weld2025,3,0,5.0,2.586239841196334,2.6014022137071766,2.597610436205128,2.6065991300036027,0.06362745716409468,2.533982979041033,2.670226587167697,385.6912987184099,399.394622986742,341.96603984745997,467.9792393304648
test,WELD2025:3536,Weld2025,4,0,5.0,2.586239841196334,2.5637145872263343,2.5373174880387173,2.627756501737448,0.06344506748061451,2.4738724205581026,2.6912015692180624,385.6912987184099,366.19683567885994,297.7641581438853,491.1357742441154
test,FatigueData-AM2022:1335,AM2022,2,0,5.0,2.329938362785161,2.330948820260197,2.330586495405745,2.331214931816832,0.07309786491601589,2.2574886304897293,2.4043127967328477,213.7658680909059,214.26380855436608,180.92085458841242,253.695519202003
test,FatigueData-AM2022:1335,AM2022,2,0,6.0,2.0693119866190908,2.066759281535754,2.065957777771024,2.0674620244933184,0.07642239093833281,1.9895353868326913,2.143884415431651,117.30377447955055,116.61630631560283,97.6192320505045,139.2786072926538
test,FatigueData-AM2022:1335,AM2022,3,0,5.0,2.329938362785161,2.324132580302795,2.3159157715990935,2.3319854587911895,0.06362745716409468,2.252288314434999,2.395612915955284,213.7658680909059,210.9271964779351,178.76739614733802,248.6640003096051
test,FatigueData-AM2022:1335,AM2022,3,0,6.0,2.0693119866190908,2.1164705049971873,2.1132673205495234,2.117678847352927,0.07510453044171461,2.0381627901078088,2.1927833777946417,117.30377447955055,130.75867314736533,109.1849526529244,155.87748059498358
test,FatigueData-AM2022:1335,AM2022,4,0,5.0,2.329938362785161,2.3236112857655433,2.3223838312763,2.32655742324256,0.06344506748061451,2.2589387637956855,2.3900024907231745,213.7658680909059,210.67416717346595,181.52596902588226,245.47229937315402
test,FatigueData-AM2022:1335,AM2022,4,0,6.0,2.0693119866190908,2.066993192011114,2.0664011373269306,2.0674616403223576,0.06390925465714714,2.0024918826697835,2.1313708949795047,117.30377447955055,116.67913263274302,100.57542644304506,135.32277496920662
test,FatigueData-AM2022:967,AM2022,2,0,5.0,2.64966059663985,2.692860216916225,2.687851300633151,2.696335871383504,0.07309786491601589,2.614753435717135,2.76943373629952,446.33464300828246,493.0150953711447,411.86362321427026,588.0763798919563
test,FatigueData-AM2022:967,AM2022,3,0,5.0,2.64966059663985,2.6675756517678946,2.662515630128382,2.6718581376705166,0.06362745716409468,2.598888172964287,2.7354855948346115,446.33464300828246,465.13139250231563,397.0892892808684,543.8580921274075
test,FatigueData-AM2022:967,AM2022,4,0,5.0,2.64966059663985,2.6682409963735307,2.6638502208044863,2.671844025563054,0.06344506748061451,2.6004051533238717,2.7352890930436686,446.33464300828246,465.8445257677122,398.47873802516864,543.6120726173423
test,WELD2025:2743,Weld2025,2,0,5.0,2.635083205189499,2.623355801107823,2.621531192258993,2.625415570286694,0.07309786491601589,2.548433327342977,2.69851343520271,431.6017582057384,420.1030176206408,353.5357423156355,499.4746315653496
test,WELD2025:2743,Weld2025,3,0,5.0,2.635083205189499,2.6302328918135274,2.628668092098168,2.6319465703113094,0.06362745716409468,2.565040634934073,2.695574027475404,431.6017582057384,426.80833478750026,367.31666701877197,496.10548363186115
test,WELD2025:2743,Weld2025,4,0,5.0,2.635083205189499,2.629694767727454,2.6282589987379548,2.6321054787078078,0.06344506748061451,2.56481393125734,2.6955505461884224,431.6017582057384,426.2798141167755,367.1249760993638,496.0786610936919
test,WELD2025:1582,Weld2025,2,0,5.0,1.4137854715061735,1.4271575590624859,1.4228444436567635,1.431486404436409,0.07309786491601589,1.3497465787407477,1.504584269352425,25.928982314951696,26.739763330047086,22.374151720922352,31.95834415905827
test,WELD2025:1582,Weld2025,2,0,6.0,1.2766998963423997,1.2292995188620384,1.224244412600424,1.2364395675551605,0.07642239093833281,1.1478220216620911,1.3128619584934933,18.91036434011016,16.955067334862623,14.054714294704043,20.552372302410305
test,WELD2025:1582,Weld2025,3,0,5.0,1.4137854715061735,1.409324406294487,1.4040897499408156,1.4123843784232486,0.06362745716409468,1.340462292776721,1.4760118355873433,25.928982314951696,25.664003527318545,21.90091667096802,29.923461842527402
test,WELD2025:1582,Weld2025,3,0,6.0,1.2766998963423997,1.1787841161424017,1.1708772207237772,1.1847477176373722,0.07510453044171461,1.0957726902820626,1.2598522480790868,18.91036434011016,15.093296935212807,12.467308045804943,18.190818809844572
test,WELD2025:1582,Weld2025,4,0,5.0,1.4137854715061735,1.4310898307385091,1.4283124710437776,1.4334929530359062,0.06344506748061451,1.3648674035631632,1.4969380205165206,25.928982314951696,26.98297498458876,23.166872235961943,31.400605343297798
test,WELD2025:1582,Weld2025,4,0,6.0,1.2766998963423997,1.2299197514180646,1.225620556405202,1.2341776602892305,0.06390925465714714,1.161711301748055,1.2980869149463776,18.91036434011016,16.97929881367847,14.511466438325165,19.864924324418627
test,WELD2025:3614,Weld2025,2,0,5.0,2.7159404565680245,2.7090932736744127,2.7075065248419903,2.7109648813765834,0.07309786491601589,2.6344086599259744,2.7840627462925993,519.9247079836812,511.79174154281264,430.9319156086298,608.2228701671735
test,WELD2025:3614,Weld2025,3,0,5.0,2.7159404565680245,2.7076447405496356,2.706629948173193,2.70869109788272,0.06362745716409468,2.6430024910090983,2.772318555046815,519.9247079836812,510.08756992469307,439.5441365504539,591.9957038701579
test,WELD2025:3614,Weld2025,4,0,5.0,2.7159404565680245,2.698747022044847,2.696818295559532,2.7014601718347304,0.06344506748061451,2.6333732280789173,2.764905239315345,519.9247079836812,499.7433480429496,429.90572448414855,581.9762198827291
test,WELD2025:4938,Weld2025,2,0,5.0,2.5894876774016953,2.549532535918411,2.5479014109953946,2.5513582514275797,0.07309786491601589,2.4748035460793787,2.6244561163435955,388.5864721110194,354.43168214573683,298.40324809021143,421.1687272505437
test,WELD2025:4938,Weld2025,2,0,6.0,2.3986228122574182,2.2871738312856835,2.2842096134596206,2.2898217824559137,0.07642239093833281,2.207787222521288,2.3662441733942465,250.39336248313228,193.719719390868,161.35678145425643,232.4043075887602
test,WELD2025:4938,Weld2025,3,0,5.0,2.5894876774016953,2.5540726037305435,2.553216805320479,2.5550592167895068,0.06362745716409468,2.489589348156384,2.6186866739536017,388.5864721110194,358.15630733274924,308.7374751308865,415.6106558889702
test,WELD2025:4938,Weld2025,3,0,6.0,2.3986228122574182,2.276287425074863,2.2726228601626697,2.2805349248885376,0.07510453044171461,2.197518329720955,2.355639455330252,250.39336248313228,188.92412744064183,157.5862531788189,226.79812266134746
test,WELD2025:4938,Weld2025,4,0,5.0,2.5894876774016953,2.5569858629916857,2.5543335482608702,2.559515867217088,0.06344506748061451,2.4908884807802556,2.6229609346977028,388.5864721110194,360.5669057776259,309.66240382760805,419.7212278720682
test,WELD2025:4938,Weld2025,4,0,6.0,2.3986228122574182,2.2893783772637466,2.2863064505342243,2.2921675206385985,0.06390925465714714,2.222397195877077,2.3560767752957457,250.39336248313228,194.70557070608083,166.87727365128762,227.02661578117238
test,WELD2025:1905,Weld2025,2,0,6.0,2.3720873443015167,2.3374532596054776,2.3370341721558114,2.3378311415395103,0.07642239093833281,2.2606117812174786,2.414253532477843,235.55229735919784,217.49699430326405,182.22660380751472,259.56942345499823
test,WELD2025:1905,Weld2025,3,0,6.0,2.3720873443015167,2.331073276641641,2.32729525342852,2.3334256446398083,0.07510453044171461,2.2521907229868052,2.408530175081523,235.55229735919784,214.32521923465669,178.7272293716445,256.1711247377138
test,WELD2025:1905,Weld2025,4,0,6.0,2.3720873443015167,2.3362115153597243,2.336033484212775,2.3364642441332415,0.06390925465714714,2.2721242295556277,2.4003734987903886,235.55229735919784,216.87601034646653,187.1217323892012,251.40476150491867
test,WELD2025:989,Weld2025,2,0,6.0,2.239630709276207,2.252892270225069,2.2454801469773393,2.2585388770407575,0.07642239093833281,2.1690577560390065,2.3349612679790903,173.63237642670276,179.01617368512842,147.59027978734363,216.25256529276442
test,WELD2025:989,Weld2025,3,0,6.0,2.239630709276207,2.213302158019297,2.2109792148652154,2.217246385774543,0.07510453044171461,2.135874684423501,2.2923509162162574,173.63237642670276,163.4188530228154,136.73342246800985,196.0428087929157
test,WELD2025:989,Weld2025,4,0,6.0,2.239630709276207,2.2252889525881416,2.222523031059605,2.2264546457597083,0.06390925465714714,2.1586137764024578,2.2903639004168554,173.63237642670276,167.99213617638154,144.08334301293718,195.1479081993224
test,WELD2025:5235,Weld2025,2,0,5.0,1.7584841403522498,1.837121120196064,1.8198379288893862,1.8403252465799569,0.07309786491601589,1.7467400639733703,1.9134231114959728,57.34349253589088,68.72600829500914,55.813603647500514,81.92625661920178
test,WELD2025:5235,Weld2025,3,0,5.0,1.7584841403522498,1.810998086692908,1.8037995926959272,1.8246661479721356,0.06362745716409468,1.7401721355318325,1.8882936051362302,57.34349253589088,64.7139764734167,54.9758731241928,77.32031330456383
test,WELD2025:5235,Weld2025,4,0,5.0,1.7584841403522498,1.816047122706909,1.815022845974706,1.816868895039658,0.06344506748061451,1.7515777784940916,1.8803139625202725,57.34349253589088,65.47072085922053,56.438800944683514,75.91261683125313
test,FatigueData-AM2022:1182,AM2022,2,0,5.0,1.7234161785293927,1.7393710771054511,1.7377145199673967,1.741130542695934,0.07309786491601589,1.6646166550513808,1.81422840761195,52.89518964308059,54.87456330279308,46.197306497625,65.19711937904547
test,FatigueData-AM2022:1182,AM2022,3,0,5.0,1.7234161785293927,1.7397014790723557,1.738778991140357,1.7406646794022564,0.06362745716409468,1.6751515339762624,1.8042921365663511,52.89518964308059,54.91632658292716,47.331637964479896,63.72240178091887
test,FatigueData-AM2022:1182,AM2022,4,0,5.0,1.7234161785293927,1.7296208755785005,1.7281603550780966,1.731083628982704,0.06344506748061451,1.664715287597482,1.7945286964633187,52.89518964308059,53.6563190309893,46.20779955155844,62.30583153005034
test,WELD2025:4856,Weld2025,2,0,5.0,2.1576749566039406,2.204119920730591,2.204119920730591,2.204119920730591,0.07309786491601589,2.131022055814575,2.2772177856466067,143.77221266152407,159.99997718586548,135.21412304701425,189.32928101435309
test,WELD2025:4856,Weld2025,2,0,6.0,2.0541175407248935,2.004115253686905,2.0,2.006584405899048,0.07642239093833281,1.9235776090616672,2.0830067968373807,113.27068860645512,100.95207585847444,83.8643932134088,121.06170799183904
test,WELD2025:4856,Weld2025,3,0,5.0,2.1576749566039406,2.1763708061915725,2.1739064298814896,2.17899399510067,0.06362745716409468,2.1102789727173947,2.242621452264765,143.77221266152407,150.09658324125107,128.90773354787518,174.8322119638431
test,WELD2025:4856,Weld2025,3,0,6.0,2.0541175407248935,2.012562937741309,2.011236515538886,2.0144590637926294,0.07510453044171461,1.9361319850971714,2.089563594234344,113.27068860645512,102.9349689233281,86.32408527732042,122.90331421218207
test,WELD2025:4856,Weld2025,4,0,5.0,2.1576749566039406,2.204119920730591,2.204119920730591,2.204119920730591,0.06344506748061451,2.140674853249976,2.2675649882112054,143.77221266152407,159.99997718586548,138.2530920840547,185.1675959906435
test,WELD2025:4856,Weld2025,4,0,6.0,2.0541175407248935,2.0248404504141826,2.0229123847136505,2.0271460454803423,0.06390925465714714,1.9590031300565034,2.0910553001374894,113.27068860645512,105.88646517259463,90.99198306023355,123.32618584993774
test,FatigueData-AM2022:314,AM2022,2,0,5.0,2.3457922218948735,2.388900381898554,2.384960283164563,2.39388251446077,0.07309786491601589,2.311862418248547,2.466980379376786,221.71354290807986,244.85015422104115,205.05124865048685,293.07608358934095
test,FatigueData-AM2022:314,AM2022,3,0,5.0,2.3457922218948735,2.37851789156038,2.3768934368439685,2.3800514020437173,0.06362745716409468,2.3132659796798736,2.443678859207812,221.71354290807986,239.06604209713566,205.71500930041995,277.76585574377515
test,FatigueData-AM2022:314,AM2022,4,0,5.0,2.3457922218948735,2.3862711036987303,2.3855937530204785,2.3871310740757687,0.06344506748061451,2.322148685539864,2.4505761415563834,221.71354290807986,243.37227604707428,209.9658602030534,282.2124321365104
test,WELD2025:3288,Weld2025,2,0,6.0,1.9638607097977683,2.0140735575413187,2.0094978170803124,2.016169743908478,0.07642239093833281,1.9330754261419796,2.092592134846811,92.01544055598235,103.29363419549226,85.71867042987212,123.7633724007565
test,WELD2025:3288,Weld2025,3,0,6.0,1.9638607097977683,1.9710299340551207,1.9674635258899442,1.9753229374177412,0.07510453044171461,1.8923589954482296,2.050427467859456,92.01544055598235,93.54701498689248,78.04749982933778,112.31233795731912
test,WELD2025:3288,Weld2025,4,0,6.0,1.9638607097977683,1.9986055095968829,1.967808314124297,2.009050786255519,0.06390925465714714,1.9038990594671499,2.0729600409126663,92.01544055598235,99.67942167171545,80.14917556842647,118.29327100269262
test,WELD2025:5427,Weld2025,2,0,5.0,2.5583725169677103,2.493668178791399,2.4901523767366536,2.497200963960083,0.07309786491601589,2.4170545118206377,2.570298828876099,361.7199956677615,311.6507517330641,261.2489248521806,371.79096262700074
test,WELD2025:5427,Weld2025,2,0,6.0,2.3143734282415225,2.301029920578003,2.301029920578003,2.301029920578003,0.07642239093833281,2.22460752963967,2.3774523115163357,206.24025084977734,199.99996542163214,167.72875742787923,238.4801913640446
test,WELD2025:5427,Weld2025,3,0,5.0,2.5583725169677103,2.527491684345276,2.5235203141418694,2.531567053262226,0.06362745716409468,2.459892856977775,2.595194510426321,361.7199956677615,336.8927650246371,288.332008322397,393.7263768851053
test,WELD2025:5427,Weld2025,3,0,6.0,2.3143734282415225,2.301029920578003,2.301029920578003,2.301029920578003,0.07510453044171461,2.2259253901362883,2.3761344510197175,206.24025084977734,199.99996542163214,168.2385009967453,237.75762344332753
test,WELD2025:5427,Weld2025,4,0,5.0,2.5583725169677103,2.5488636711376222,2.5473662467611176,2.550555096312096,0.06344506748061451,2.483921179280503,2.614000163792711,361.7199956677615,353.8862356400783,304.7341873051879,411.1498761682932
test,WELD2025:5427,Weld2025,4,0,6.0,2.3143734282415225,2.311595311211855,2.311440228484848,2.3117779777607015,0.06390925465714714,2.247530973827701,2.3756872324178486,206.24025084977734,204.92517338552867,176.81983209187783,237.51291643411153
test,FatigueData-AM2022:571,AM2022,2,0,5.0,2.0586749233032475,2.0519860961609737,2.047424842120845,2.057107705936928,0.07309786491601589,1.974326977204829,2.1302055708529437,114.46558266370401,112.71613697830658,94.25990054748112,134.96015577377585
test,FatigueData-AM2022:571,AM2022,3,0,5.0,2.0586749233032475,2.026924739990931,2.0215818640657286,2.0314225237829495,0.06362745716409468,1.957954406901634,2.095049980947044,114.46558266370401,106.39586261178927,90.77252303760673,124.46578454547667
test,FatigueData-AM2022:571,AM2022,4,0,5.0,2.0586749233032475,2.0434845873010534,2.038267004312574,2.0488663473534614,0.06344506748061451,1.9748219368319595,2.112311414834076,114.46558266370401,110.53112422399136,94.36738853829985,129.51241892264056
test,WELD2025:4591,Weld2025,2,0,5.0,0.8630954134601159,1.0078135130395869,1.003556487912128,1.0117882508284635,0.07309786491601589,0.930458622996112,1.0848861157444794,7.296177879325161,10.18154096671688,8.520373304458106,12.158671242048468
test,WELD2025:4591,Weld2025,2,0,6.0,0.7646546401452462,0.7895457856130006,0.7865078632896999,0.7931258039487997,0.07642239093833281,0.7100854723513671,0.8695481948871325,5.816405013913317,6.159504624362628,5.129623288204988,7.40539442647901
test,WELD2025:4591,Weld2025,3,0,5.0,0.8630954134601159,0.9481453461019202,0.9453129555327537,0.9520590069047778,0.06362745716409468,0.8816854983686591,1.0156864640688725,7.296177879325161,8.87452967797235,7.615273375072859,10.36779649589583
test,WELD2025:4591,Weld2025,3,0,6.0,0.7646546401452462,0.6470226719294052,0.6347417183220334,0.6586063333607156,0.07510453044171461,0.5596371878803188,0.7337108638024302,5.816405013913317,4.436318027022725,3.6277486392648406,5.41640167601169
test,WELD2025:4591,Weld2025,4,0,5.0,0.8630954134601159,0.9063486881378826,0.9057396006933628,0.9068351666938256,0.06344506748061451,0.8422945332127483,0.9702802341744401,7.296177879325161,8.060253264029225,6.954958344617286,9.33856689626043
test,WELD2025:4591,Weld2025,4,0,6.0,0.7646546401452462,0.7410893642562131,0.7387530264589081,0.7434998017051359,0.06390925465714714,0.6748437718017609,0.807409056362283,5.816405013913317,5.509210471080578,4.7298108347489265,6.418138081164602
test,WELD2025:5554,Weld2025,2,0,5.0,2.2832134909906845,2.2893421959756255,2.2869575280881946,2.2905770391212066,0.07309786491601589,2.2138596631721787,2.3636749040372225,191.96121539628413,194.68935036434146,163.62876900964,231.03347159860238
test,WELD2025:5554,Weld2025,3,0,5.0,2.2832134909906845,2.2706870609387204,2.2643862245985678,2.2768316109837965,0.06362745716409468,2.200758767434473,2.340459068147891,191.96121539628413,186.50353202417384,158.7664621803903,219.00754057653648
test,WELD2025:5554,Weld2025,4,0,5.0,2.2832134909906845,2.287618427132121,2.287211525811006,2.2880029306338012,0.06344506748061451,2.2237664583303913,2.351447998114416,191.96121539628413,193.9181356411305,167.4042418352109,224.61978029345764
test,WELD2025:3171,Weld2025,2,0,5.0,2.650916443489653,2.715244106744909,2.713034360064269,2.717120386622882,0.07309786491601589,2.639936495148253,2.790218251538898,447.6271742244127,519.0917262335997,436.45200723727385,616.9049450765148
test,WELD2025:3171,Weld2025,3,0,5.0,2.650916443489653,2.693224715101751,2.6928227486908467,2.693690471075508,0.06362745716409468,2.6291952915267522,2.757317928239603,447.6271742244127,493.42905075771193,425.78983728879285,571.8971446754011
test,WELD2025:3171,Weld2025,4,0,5.0,2.650916443489653,2.6840759860527124,2.6840759860527124,2.6840759860527124,0.06344506748061451,2.6206309185720977,2.747521053533327,447.6271742244127,483.1433275044266,417.4754279475417,559.1406326826527
test,WELD2025:3845,Weld2025,2,0,5.0,2.3467629900052507,2.4206557378235853,2.4188614878985293,2.4224005169020595,0.07309786491601589,2.3457636229825134,2.4954983818180754,222.2096882135718,263.42424125740644,221.69894323509942,312.96688103910196
test,WELD2025:3845,Weld2025,2,0,6.0,2.332842169649644,2.284461508590435,2.2733842048978126,2.2914449893948694,0.07642239093833281,2.1969618139594798,2.367867380333202,215.1999517641149,192.5136413165194,157.38444755765502,233.27456074872248
test,WELD2025:3845,Weld2025,2,0,7.0,2.2563190240574604,2.255272388458252,2.255272388458252,2.255272388458252,0.17283688789025264,2.0824355005679993,2.4281092763485046,180.43426882823795,179.9999516546772,120.90256106497003,267.984253685703
test,WELD2025:3845,Weld2025,3,0,5.0,2.3467629900052507,2.4032850083801165,2.4013148535016353,2.404636305705516,0.06362745716409468,2.3376873963375404,2.4682637628696105,222.2096882135718,253.09584083201523,217.6142828416775,293.9434335574194
test,WELD2025:3845,Weld2025,3,0,6.0,2.332842169649644,2.2786956081967924,2.2736127956087078,2.2839631855039326,0.07510453044171461,2.198508265166993,2.3590677159456472,215.1999517641149,189.97463037532722,157.94586665257637,228.59552056728026
test,WELD2025:3845,Weld2025,3,0,7.0,2.2563190240574604,2.2553841314119625,2.2553807090313653,2.2553879669604684,0.10188500503614173,2.1534957039952234,2.3572729719966103,180.43426882823795,180.04627117963818,142.3953160950725,227.6527872854369
test,WELD2025:3845,Weld2025,4,0,5.0,2.3467629900052507,2.3893987796081335,2.389021131349151,2.389855772643632,0.06344506748061451,2.3255760638685365,2.4533008401242467,222.2096882135718,245.1313063206473,211.62943080391278,283.98855643313857
test,WELD2025:3845,Weld2025,4,0,6.0,2.332842169649644,2.276069390152914,2.2729616909012877,2.2794696889800594,0.06390925465714714,2.2090524362441406,2.3433789436372066,215.1999517641149,188.82930302837062,161.827541466429,220.48494653087377
test,WELD2025:3845,Weld2025,4,0,7.0,2.2563190240574604,2.2553809335342345,2.2553778930009307,2.255384693358628,0.11888132054548817,2.1364965724554423,2.3742660139041165,180.43426882823795,180.04494543440123,136.92935815919517,236.73693137050276
test,WELD2025:5087,Weld2025,2,0,5.0,2.4107315190321983,2.405979439730781,2.403487847294268,2.40864643638518,0.07309786491601589,2.330389982378252,2.481744301301196,257.47289667537876,254.67096839884803,213.98827724379672,303.21054518552546
test,WELD2025:5087,Weld2025,2,0,6.0,2.077607783491716,2.1624101969668517,2.158734176855404,2.166062155305312,0.07642239093833281,2.0823117859170712,2.2424845462436447,119.56602286004507,145.3483804421866,120.86812524192231,174.77710693442756
test,WELD2025:5087,Weld2025,3,0,5.0,2.4107315190321983,2.3919897295701116,2.387813526887746,2.396096148854882,0.06362745716409468,2.324186069723651,2.4597236060189767,257.47289667537876,246.59810196970545,210.9531767030402,288.21966298300595
test,WELD2025:5087,Weld2025,3,0,6.0,2.077607783491716,2.0743275640464427,2.0738116912764735,2.074816844436118,0.07510453044171461,1.9987071608347589,2.1499213748778327,119.56602286004507,118.66634446053104,99.70275543010384,141.22818405119438
test,WELD2025:5087,Weld2025,4,0,5.0,2.4107315190321983,2.398440131502827,2.39416954946767,2.4015896165761643,0.06344506748061451,2.330724481987055,2.465034684056779,257.47289667537876,250.28805967308992,214.15315745907498,291.7660017755814
test,WELD2025:5087,Weld2025,4,0,6.0,2.077607783491716,2.0758659802831128,2.0725833955601076,2.0800914170268854,0.06390925465714714,2.0086741409029605,2.1440006716840325,119.56602286004507,119.08744572236749,102.01737414417593,139.31589576167116
test,WELD2025:4290,Weld2025,2,0,7.0,2.8265090360152985,2.8095598220825195,2.8095598220825195,2.8095598220825195,0.17283688789025264,2.636722934192267,2.982396709972772,670.6702406523348,645.0001595771737,433.2344006947311,960.2774045353852
test,WELD2025:4290,Weld2025,3,0,7.0,2.8265090360152985,2.8102797813559883,2.810249964059908,2.810311290711799,0.10188500503614173,2.7083649590237666,2.9121962957479406,670.6702406523348,646.0703066556237,510.9341827540987,816.9515399398284
test,WELD2025:4290,Weld2025,4,0,7.0,2.8265090360152985,2.8095598220825195,2.8095598220825195,2.8095598220825195,0.11888132054548817,2.6906785015370316,2.9284411426280075,670.6702406523348,645.0001595771737,490.5446025420516,848.0884382351674
test,WELD2025:3361,Weld2025,2,0,6.0,2.8743061878614826,2.926856756210327,2.926856756210327,2.926856756210327,0.07642239093833281,2.8504343652719943,3.00327914714866,748.6971636555637,845.000091954285,708.6541997702076,1007.5790923616684
test,WELD2025:3361,Weld2025,3,0,6.0,2.8743061878614826,2.913023491902715,2.9126032123495786,2.913440496850674,0.07510453044171461,2.837498681907864,2.9885450272923886,748.6971636555637,818.5090618154638,687.8578246438638,973.9687603688933
test,WELD2025:3361,Weld2025,4,0,6.0,2.8743061878614826,2.9253842791770293,2.9252753718283606,2.9254760455966857,0.06390925465714714,2.8613661171712135,2.989385300253833,748.6971636555637,842.1399674154475,726.7183344174402,975.85501930011
test,WELD2025:4572,Weld2025,2,0,6.0,2.3801852716228318,2.3578446706431686,2.356031836453387,2.3597834948290943,0.07642239093833281,2.2796094455150544,2.436205885767427,239.98564882766632,227.95266328282435,190.3747936100169,273.0271814644425
test,WELD2025:4572,Weld2025,3,0,6.0,2.3801852716228318,2.365300472334316,2.3633246859031924,2.3681232294798,0.07510453044171461,2.288220155461478,2.4432277599215144,239.98564882766632,231.89985246231842,194.18700138556153,277.4774916663393
test,WELD2025:4572,Weld2025,4,0,6.0,2.3801852716228318,2.3548186260482846,2.3530390495504485,2.3569261681810874,0.06390925465714714,2.2891297948933014,2.4208354228382345,239.98564882766632,226.36987240171078,194.59415661907013,263.5332529622095
test,WELD2025:4297,Weld2025,2,0,5.0,2.685389440903578,2.716211697614469,2.7128300289699947,2.7190010453445805,0.07309786491601589,2.639732164053979,2.7920989102605964,484.6067297478754,520.2495312910573,436.2467093485453,619.5821684091575
test,WELD2025:4297,Weld2025,3,0,5.0,2.685389440903578,2.7362854382499187,2.733566710776345,2.738821294890937,0.06362745716409468,2.6699392536122506,2.8024487520550316,484.6067297478754,544.8606425870951,467.6697220051173,634.525020863317
test,WELD2025:4297,Weld2025,4,0,5.0,2.685389440903578,2.677542018647817,2.677542018647817,2.677542018647817,0.06344506748061451,2.6140969511672023,2.7409870861284316,484.6067297478754,475.9288355958299,411.2415157200404,550.7913182233327
test,WELD2025:5503,Weld2025,2,0,5.0,2.8991210410136383,2.8330048076336296,2.831561478247225,2.83439391341694,0.07309786491601589,2.7584636133312093,2.9074917783329557,792.7222371166583,680.7768948424026,573.4078224757368,808.1496298159819
test,WELD2025:5503,Weld2025,2,0,6.0,2.80669593215485,2.6802669001387436,2.679079248097763,2.6813317887272277,0.07642239093833281,2.60265685715943,2.7577541796655605,640.7607958971422,478.9243297706338,400.55011167852723,572.4719074338847
test,WELD2025:5503,Weld2025,3,0,5.0,2.8991210410136383,2.820339787823026,2.817515025881847,2.8224231754111444,0.06362745716409468,2.7538875687177526,2.8860506325752393,792.7222371166583,661.2105704722975,567.3976970054455,769.2201152115778
test,WELD2025:5503,Weld2025,3,0,6.0,2.80669593215485,2.698535149402819,2.696834278747921,2.6998809218478925,0.07510453044171461,2.6217297483062065,2.774985452289607,640.7607958971422,499.49960531862405,418.5330403639588,595.6421907651998
test,WELD2025:5503,Weld2025,4,0,5.0,2.8991210410136383,2.8391270538038205,2.8384807468451116,2.839590990473786,0.06344506748061451,2.775035679364497,2.9030360579544006,792.7222371166583,690.4417645502986,595.7110820273266,799.9006652092951
test,WELD2025:5503,Weld2025,4,0,6.0,2.80669593215485,2.689351811151962,2.6872319777849327,2.691193565755419,0.06390925465714714,2.6233227231277856,2.7551028204125663,640.7607958971422,489.0483648340033,420.0710217500429,568.9876242830185
test,WELD2025:5546,Weld2025,2,0,5.0,2.1391651607364426,2.2302883428293865,2.2239169674032615,2.239700847242998,0.07309786491601589,2.1508191024872456,2.312798712159014,137.7733316643334,169.93715483768565,141.52041794631688,205.49379476983714
test,WELD2025:5546,Weld2025,2,0,6.0,1.893941836488713,1.732393741607666,1.732393741607666,1.732393741607666,0.07642239093833281,1.6559713506693332,1.8088161325459988,78.33247278534274,53.999997735116715,45.286770435810126,64.3896601000898
test,WELD2025:5546,Weld2025,3,0,5.0,2.1391651607364426,2.2895488178076984,2.27942901640585,2.293668031627365,0.06362745716409468,2.215801559241755,2.3572954887914594,137.7733316643334,194.78199865428002,164.3620537449114,227.66459066818237
test,WELD2025:5546,Weld2025,3,0,6.0,1.893941836488713,1.7432746111349866,1.739756319147833,1.7462724408577714,0.07510453044171461,1.6646517887061183,1.821376971299486,78.33247278534274,55.37001117142665,46.201043929109524,66.27915627942771
test,WELD2025:5546,Weld2025,4,0,5.0,2.1391651607364426,2.166584879422574,2.164422110001035,2.168383219378359,0.06344506748061451,2.1009770425204204,2.2318282868589736,137.7733316643334,146.75228746239634,126.17608341939993,170.5407964458313
test,WELD2025:5546,Weld2025,4,0,6.0,1.893941836488713,1.732393741607666,1.732393741607666,1.732393741607666,0.06390925465714714,1.6684844869505189,1.7963029962648132,78.33247278534274,53.999997735116715,46.610577835182944,62.56090121224657
test,CMA2022:97:1,CMA2022,2,0,6.0,2.6904559015588205,2.6939996458397206,2.6936070651631105,2.694378042765577,0.07642239093833281,2.6171846742247777,2.7708004337039096,490.29323568645464,494.31028388445463,414.17575655670595,589.9299342315718
test,CMA2022:97:1,CMA2022,3,0,6.0,2.6904559015588205,2.695501754836556,2.6951911488712743,2.6957804254943643,0.07510453044171461,2.6200866184295597,2.770884955936079,490.29323568645464,496.02293165218975,416.95253482024305,590.0447573512254
test,CMA2022:97:1,CMA2022,4,0,6.0,2.6904559015588205,2.6921939856337485,2.6916977722190896,2.692619241690586,0.06390925465714714,2.6277885175619424,2.756528496347733,490.29323568645464,492.2593632989989,424.4128431066899,570.8585319771532
test,WELD2025:5108,Weld2025,2,0,5.0,2.5337937182686017,2.5975301568406173,2.5926517889870095,2.603232137019564,0.07309786491601589,2.5195539240709937,2.67633000193558,341.8170472645619,395.84955115632977,330.7911821178818,474.6024785517827
test,WELD2025:5108,Weld2025,3,0,5.0,2.5337937182686017,2.5693158812883508,2.5669913997941514,2.572169381082566,0.06362745716409468,2.503363942630057,2.6357968382466606,341.8170472645619,370.95043208721876,318.6867025885911,432.3115495822435
test,WELD2025:5108,Weld2025,4,0,5.0,2.5337937182686017,2.589602284852493,2.5677691370350977,2.597296790149679,0.06344506748061451,2.504324069554483,2.6607418576302937,341.8170472645619,388.6890310510703,319.3920262151089,457.8696504879832
test,WELD2025:1045,Weld2025,2,0,5.0,2.7302653407764725,2.738112887498053,2.7374066397217565,2.7397000868195858,0.07309786491601589,2.6643087748057406,2.8127979517356017,537.3600067877192,547.1581689138792,461.6456788757181,649.8272986945265
test,WELD2025:1045,Weld2025,2,0,6.0,2.6436084176514205,2.6489167148519566,2.648907835883621,2.6489277547096943,0.07642239093833281,2.572485444945288,2.725350145648027,440.15781550079265,445.57079258478404,373.66760198208095,531.312637174662
test,WELD2025:1045,Weld2025,3,0,5.0,2.7302653407764725,2.74507474899292,2.74507474899292,2.74507474899292,0.06362745716409468,2.6814472918288255,2.8087022061570144,537.3600067877192,555.9999454757997,480.2277938329583,643.7277128458368
test,WELD2025:1045,Weld2025,3,0,6.0,2.6436084176514205,2.643301290604719,2.6419716611356874,2.644783463121173,0.07510453044171461,2.5668671306939728,2.7198879935628875,440.15781550079265,439.8466520239433,368.8647297663271,524.6721275737876
test,WELD2025:1045,Weld2025,4,0,5.0,2.7302653407764725,2.6842370968722395,2.6824884535920397,2.6868073170255973,0.06344506748061451,2.619043386111425,2.750252384506212,537.3600067877192,483.32259309634134,415.9521621282441,562.6682174048856
test,WELD2025:1045,Weld2025,4,0,6.0,2.6436084176514205,2.6397957765645654,2.638732563726011,2.640862914267432,0.06390925465714714,2.5748233090688637,2.704772168924579,440.15781550079265,436.3106124881043,375.6845274806615,506.72481047823726
test,WELD2025:4563,Weld2025,2,0,5.0,2.302565467945496,2.392082555847346,2.389381570098217,2.394583986679063,0.07309786491601589,2.316283705182201,2.4676818515950787,200.70836260702387,246.65081558051537,207.14941214520724,293.54984242961723
test,WELD2025:4563,Weld2025,3,0,5.0,2.302565467945496,2.3626669727617613,2.36001207925725,2.365366114790146,0.06362745716409468,2.2963846220931554,2.4289935719542406,200.70836260702387,230.49789986734075,197.87212695724145,268.5304699840977
test,WELD2025:4563,Weld2025,4,0,5.0,2.302565467945496,2.364179155865454,2.3620300253951916,2.3661013056931552,0.06344506748061451,2.298584957914577,2.42954637317377,200.70836260702387,231.3018763654029,198.87718215130312,268.8724924887601
test,WELD2025:582,Weld2025,2,0,5.0,2.539870199307476,2.495480959476887,2.4932531839246392,2.4980738312786115,0.07309786491601589,2.4201553190086234,2.5711716961946274,346.6332342194845,312.95432617911393,263.12088366335075,372.5389585961015
test,WELD2025:582,Weld2025,2,0,6.0,2.232112442280928,2.2024879825650627,2.1977851594487126,2.2066455442929467,0.07642239093833281,2.1213627685103797,2.2830679352312795,170.6524164432728,159.39987722964577,132.2399780603028,191.89688950709126
test,WELD2025:582,Weld2025,3,0,5.0,2.539870199307476,2.5465426445007324,2.5465426445007324,2.5465426445007324,0.06362745716409468,2.482915187336638,2.610170101664827,346.6332342194845,351.9999846186299,304.02912341651927,407.5398691386795
test,WELD2025:582,Weld2025,3,0,6.0,2.232112442280928,2.2132709625962064,2.2061835451825136,2.2219428916101447,0.07510453044171461,2.131079014740799,2.2970474220518593,170.6524164432728,163.40711504919216,135.23185791735816,198.17434071127676
test,WELD2025:582,Weld2025,4,0,5.0,2.539870199307476,2.5465426445007324,2.5465426445007324,2.5465426445007324,0.06344506748061451,2.483097577020118,2.609987711981347,346.6332342194845,351.9999846186299,304.1568326633761,407.3687514646292
test,WELD2025:582,Weld2025,4,0,6.0,2.232112442280928,2.230513257379009,2.2253933146511824,2.2348239096158737,0.06390925465714714,2.1614840599940353,2.298733164273021,170.6524164432728,170.02518551519393,145.03875394349419,198.94506211295933
test,FatigueData-AM2022:211,AM2022,2,0,5.0,2.502344490800288,2.504598182455072,2.503320180273592,2.5056135132052604,0.07309786491601589,2.430222315357576,2.5787113781212763,317.9395028439037,319.5936799625534,269.29129533764893,379.062984918975
test,FatigueData-AM2022:211,AM2022,3,0,5.0,2.502344490800288,2.510863310657496,2.509803924037743,2.5117107404486805,0.06362745716409468,2.4461764668736485,2.5753381976127754,317.9395028439037,324.2375511365767,279.36787661172735,376.1301936793558
test,FatigueData-AM2022:211,AM2022,4,0,5.0,2.502344490800288,2.549354457951038,2.5478796762920166,2.5512467860641364,0.06344506748061451,2.484434608811402,2.614691853544751,317.9395028439037,354.2863808863426,305.0946617257325,411.8052258375151
test,WELD2025:2414,Weld2025,2,0,5.0,1.5526293374981481,1.5675419790634195,1.565276775843546,1.569747021104697,0.07309786491601589,1.49217891092753,1.642844886020713,35.696804232025045,36.94383526787202,31.058387986252544,43.938465540770395
test,WELD2025:2414,Weld2025,2,0,6.0,1.4128884114520885,1.4372461094202453,1.4344453104077177,1.4398546850551655,0.07642239093833281,1.358022919469385,1.5162770759934983,25.87547979650251,27.36819209227199,22.804624180135622,32.830468176135206
test,WELD2025:2414,Weld2025,3,0,5.0,1.5526293374981481,1.49780038419162,1.489443546022136,1.5057773210919252,0.06362745716409468,1.4258160888580413,1.5694047782560199,35.696804232025045,31.46301839486019,26.65729566159297,37.102637075368996
test,WELD2025:2414,Weld2025,3,0,6.0,1.4128884114520885,1.3259228028976469,1.3212138559430635,1.3293284520360478,0.07510453044171461,1.246109325501349,1.4044329824777624,25.87547979650251,21.179846238835903,17.624196467106465,25.376573608378948
test,WELD2025:2414,Weld2025,4,0,5.0,1.5526293374981481,1.4960262636455863,1.4938881873264098,1.4975357891861334,0.06344506748061451,1.4304431198457954,1.560980856666748,35.696804232025045,31.334752132396293,26.94282435311765,36.38989954139013
test,WELD2025:2414,Weld2025,4,0,6.0,1.4128884114520885,1.3422565952054457,1.3400584268403872,1.3453997723905602,0.06390925465714714,1.27614917218324,1.4093090270477073,25.87547979650251,21.99158823070638,18.88639950856439,25.66309472909133
test,FatigueData-AM2022:872,AM2022,2,0,5.0,2.8631415211140907,2.790247563475212,2.7864349868366234,2.7942162326838202,0.07309786491601589,2.7133371219206075,2.867314097599836,729.6952532279358,616.9465833875189,516.8173940925162,736.7397418939282
test,FatigueData-AM2022:872,AM2022,3,0,5.0,2.8631415211140907,2.8450064503977837,2.8135314063533627,2.8619376075267366,0.06362745716409468,2.7499039491892683,2.925565064690831,729.6952532279358,699.852390545544,562.2169686305755,842.4906013876025
test,FatigueData-AM2022:872,AM2022,4,0,5.0,2.8631415211140907,2.810456314105023,2.809024347205071,2.812126861714099,0.06344506748061451,2.7455792797244563,2.8755719291947135,729.6952532279358,646.3329757783908,556.6462398153121,750.8824072874215
test,WELD2025:377,Weld2025,2,0,6.0,3.0553373143674234,3.0473062478638715,3.0347729703820634,3.0698538500244745,0.07642239093833281,2.9583505794437306,3.1462762409628073,1135.892715375703,1115.0805686013525,908.5536541794266,1400.4778389184225
test,WELD2025:377,Weld2025,2,0,7.0,3.010400082289252,3.0025980472564697,3.0025980472564697,3.0025980472564697,0.17283688789025264,2.829761159366217,3.1754349351467224,1024.2361081917645,1006.0001541253422,675.7112651832649,1497.7348495525378
test,WELD2025:377,Weld2025,3,0,6.0,3.0553373143674234,3.0924766688360394,3.091384918254116,3.0931543922023734,0.07510453044171461,3.0162803878124014,3.168258922644088,1135.892715375703,1237.3047176777695,1038.1984778691085,1473.1905442294724
test,WELD2025:377,Weld2025,3,0,7.0,3.010400082289252,3.0060678039509465,3.0059597538621667,3.0061595530918503,0.10188500503614173,2.904074748826025,3.1080445581279923,1024.2361081917645,1014.0696943672588,801.8160565095106,1282.4621550887186
test,WELD2025:377,Weld2025,4,0,6.0,3.0553373143674234,3.0749855683197627,3.073534428266883,3.0769608645416704,0.06390925465714714,3.0096251736097357,3.1408701191988175,1135.892715375703,1188.4627339600293,1022.4102001575201,1383.1526692668142
test,WELD2025:377,Weld2025,4,0,7.0,3.010400082289252,3.007474772929857,3.00704795090404,3.00792786665676,0.11888132054548817,2.888166630358552,3.126809187202248,1024.2361081917645,1017.3602685743773,772.9771045112032,1339.0882127409036
test,WELD2025:2763,Weld2025,2,0,5.0,2.4176496076960223,2.3205554084887456,2.3139693809771056,2.326392550198129,0.07309786491601589,2.2408715160610897,2.399490415114145,261.6071488881554,209.19697893577066,174.12916444023423,250.89408064924058
test,WELD2025:2763,Weld2025,2,0,6.0,2.028073587590244,2.0522395583422277,2.051435413928254,2.0643016260522566,0.07642239093833281,1.9750130229899212,2.1407240169905895,106.67768623899114,112.781939371682,94.40891858319245,138.26874373099233
test,WELD2025:2763,Weld2025,3,0,5.0,2.4176496076960223,2.4169636209375693,2.409388080910457,2.4242848314866663,0.06362745716409468,2.3457606237463624,2.4879122886507608,261.6071488881554,261.1942553550911,221.69741218827082,307.5475620206974
test,WELD2025:2763,Weld2025,3,0,6.0,2.028073587590244,2.124329490623614,2.1209536934417716,2.1286674736389855,0.07510453044171461,2.045849163000057,2.2037720040807,106.67768623899114,133.14641903983738,111.1345673191187,159.87185130164718
test,WELD2025:2763,Weld2025,4,0,5.0,2.4176496076960223,2.4148067741475012,2.4047291427828497,2.4250373872166215,0.06344506748061451,2.341284075302235,2.488482454697236,261.6071488881554,259.9002960173361,219.42397348333995,307.9515927923582
test,WELD2025:2763,Weld2025,4,0,6.0,2.028073587590244,2.070651533612905,2.065443505341826,2.074702214392324,0.06390925465714714,2.0015342506846787,2.1386114690494713,106.67768623899114,117.66614726563073,100.35389902459045,137.5977933045015
test,WELD2025:1410,Weld2025,2,0,5.0,2.2463474209866665,2.2166746053543362,2.214295892545893,2.2193401611970347,0.07309786491601589,2.141198027629877,2.2924380261130506,176.33861319550618,164.69279702339495,138.41973951527277,196.08213460139123
test,WELD2025:1410,Weld2025,2,0,6.0,2.084340451711154,2.057863137537921,2.056359305687013,2.0594247197343596,0.07642239093833281,1.9799369147486803,2.1358471106726924,121.43404220104912,114.2518227753162,95.48538746760657,136.7247414145092
test,WELD2025:1410,Weld2025,3,0,5.0,2.2463474209866665,2.2287373030183204,2.225953665230082,2.2322387216471795,0.06362745716409468,2.1623262080659877,2.2958661788112744,176.33861319550618,169.3313235650727,145.32027400549003,197.63605610597378
test,WELD2025:1410,Weld2025,3,0,6.0,2.084340451711154,2.064292985408129,2.062866295657661,2.065862755642988,0.07510453044171461,1.9877617652159465,2.1409672860847024,121.43404220104912,115.9559358726114,97.22137639143791,138.3462163582113
test,WELD2025:1410,Weld2025,4,0,5.0,2.2463474209866665,2.257678508758545,2.257678508758545,2.257678508758545,0.06344506748061451,2.1942334412779303,2.3211235762391595,176.33861319550618,180.99997244720956,156.39880891286808,209.47084094574026
test,WELD2025:1410,Weld2025,4,0,6.0,2.084340451711154,2.0732815209603355,2.0715721447610607,2.074794419501467,0.06390925465714714,2.0076628901039135,2.1387036741586143,121.43404220104912,118.38086825901074,101.78010395304872,137.62700980847748
test,WELD2025:1069,Weld2025,2,0,6.0,1.9925159717603957,1.9951948109690143,1.9927243029880939,1.9971531772081694,0.07642239093833281,1.916301912049761,2.0735755681465022,98.29150203497646,98.89966282354021,82.47112370400149,118.46104737606187
test,WELD2025:1069,Weld2025,3,0,6.0,1.9925159717603957,1.9853560267895967,1.9833322270689207,1.987156479064328,0.07510453044171461,1.908227696627206,2.0622610095060425,98.29150203497646,96.68431547929998,80.95202119847478,115.4146687658313
test,WELD2025:1069,Weld2025,4,0,6.0,1.9925159717603957,2.007873139039007,2.005685319078857,2.01041316245721,0.06390925465714714,1.9417760644217097,2.0743224171143573,98.29150203497646,101.82938926528708,87.45327230077953,118.66493812445714
test,WELD2025:3849,Weld2025,2,0,5.0,2.392036554756621,2.450622834619892,2.4444295830103475,2.456423380781621,0.07309786491601589,2.3713317180943316,2.529521245697637,246.62469135804486,282.24277576732226,235.14281774379646,338.47082946331085
test,WELD2025:3849,Weld2025,2,0,6.0,2.3168197228568106,2.2922561168670654,2.2922561168670654,2.2922561168670654,0.07642239093833281,2.2158337259287326,2.3686785078053982,207.40523924097533,196.000020539234,164.3742279233852,233.71065243443053
test,WELD2025:3849,Weld2025,3,0,5.0,2.392036554756621,2.4287674401008212,2.4200643332351897,2.4368431611146137,0.06362745716409468,2.356436876071095,2.500470618278708,246.62469135804486,268.3906858302338,227.21493584092394,316.5706283768334
test,WELD2025:3849,Weld2025,3,0,6.0,2.3168197228568106,2.2922561168670654,2.2922561168670654,2.2922561168670654,0.07510453044171461,2.217151586425351,2.36736064730878,207.40523924097533,196.000020539234,164.8737767595906,233.00253567549524
test,WELD2025:3849,Weld2025,4,0,5.0,2.392036554756621,2.3831861382418587,2.380960126474148,2.386784483582955,0.06344506748061451,2.3175150589935334,2.4502295510635697,246.62469135804486,241.6496320771981,207.7375756526277,281.9873011926581
test,WELD2025:3849,Weld2025,4,0,6.0,2.3168197228568106,2.318326950073242,2.318326950073242,2.318326950073242,0.06390925465714714,2.254417695416095,2.3822362047303893,207.40523924097533,208.12629354049898,179.64605947212814,241.12164881427003
test,WELD2025:3583,Weld2025,2,0,5.0,2.5222072182282287,2.480425196734512,2.471697697214529,2.485338926747664,0.07309786491601589,2.398599832298513,2.55843679166368,332.8183155486923,302.2909857002464,250.3801136918396,361.7735334496962
test,WELD2025:3583,Weld2025,3,0,5.0,2.5222072182282287,2.5099870576023795,2.5082804991021317,2.511781720740656,0.06362745716409468,2.444653041938037,2.575409177904751,332.8183155486923,323.5840136678642,278.38962240156945,376.19167273083315
test,WELD2025:3583,Weld2025,4,0,5.0,2.5222072182282287,2.4894274216357677,2.4859934317829704,2.4933876535744735,0.06344506748061451,2.4225483643023558,2.556832721055088,332.8183155486923,308.6223839462685,264.57473164698524,360.4397842457312
test,WELD2025:1867,Weld2025,2,0,6.0,2.298860847928605,2.3250306422472047,2.3222678701462636,2.3276225634532404,0.07642239093833281,2.2458454792079308,2.404044954391573,199.00356105399118,211.36381652367234,176.13492516528686,253.53910585701908
test,WELD2025:1867,Weld2025,3,0,6.0,2.298860847928605,2.3068035619386857,2.3055746812127214,2.3087916165013866,0.07510453044171461,2.2304701507710067,2.3838961469431013,199.00356105399118,202.6765774888609,170.00831022526134,242.04501740638932
test,WELD2025:1867,Weld2025,4,0,6.0,2.298860847928605,2.3197322112805963,2.319636015305085,2.3198411443713516,0.06390925465714714,2.2557267606479376,2.3837503990284987,199.00356105399118,208.8008254766321,180.1883716658188,241.96380145928853
test,WELD2025:2768,Weld2025,2,0,6.0,2.131262067890472,2.033423662185669,2.033423662185669,2.033423662185669,0.07642239093833281,1.9570012712473361,2.1098460531240018,135.28886954488752,107.99997679791556,90.57352521219418,128.77929793528608
test,WELD2025:2768,Weld2025,3,0,6.0,2.131262067890472,2.0377915189488665,2.035544745492288,2.040095590969992,0.07510453044171461,1.9604402150505735,2.1152001214117067,135.28886954488752,109.091652131654,91.29357519678403,130.37674116204047
test,WELD2025:2768,Weld2025,4,0,6.0,2.131262067890472,2.044269784439785,2.0440114852801985,2.0444886849791963,0.06390925465714714,1.9801022306230514,2.1083979396363435,135.28886954488752,110.73114340379294,95.52174126834845,128.35061076633272
test,WELD2025:4679,Weld2025,2,0,6.0,2.356621115967132,2.338456392288208,2.338456392288208,2.338456392288208,0.07642239093833281,2.262034001349875,2.414878783226541,227.3113472361565,217.99994914286768,182.82433455420576,259.9433928868067
test,WELD2025:4679,Weld2025,3,0,6.0,2.356621115967132,2.338456392288208,2.338456392288208,2.338456392288208,0.07510453044171461,2.2633518618464934,2.4135609227299226,227.3113472361565,217.99994914286768,183.37995501071157,259.1557939007943
test,WELD2025:4679,Weld2025,4,0,6.0,2.356621115967132,2.3401304303256683,2.34011281029975,2.3401525238054193,0.06390925465714714,2.276203555642603,2.4040617784625664,227.3113472361565,218.84187663413888,188.88764659617857,253.54892786194148
test,WELD2025:697,Weld2025,2,0,5.0,1.5216110386779287,1.4537693307896526,1.4502350294314048,1.458002706494208,0.07309786491601589,1.377137164515389,1.531100571410224,33.23617512733501,28.429507143647857,23.83072003219674,33.97039301585659
test,WELD2025:697,Weld2025,2,0,6.0,1.2867155139248838,1.1599459052059506,1.1544483043890297,1.1680708859237678,0.07642239093833281,1.0780259134506969,1.2444932768621007,19.351539195273077,14.452597410643824,11.96811940462245,17.558737120152433
test,WELD2025:697,Weld2025,3,0,5.0,1.5216110386779287,1.474041500393065,1.4708723204545389,1.4763221969380884,0.06362745716409468,1.4072448632904442,1.539949654102183,33.23617512733501,29.788010646568186,25.5414096885707,34.66966570654084
test,WELD2025:697,Weld2025,3,0,6.0,1.2867155139248838,1.1552942139677072,1.151268144330988,1.15837438637329,0.07510453044171461,1.0761636138892734,1.2334789168150047,19.351539195273077,14.298622945397629,11.916908750156821,17.119020689831004
test,WELD2025:697,Weld2025,4,0,5.0,1.5216110386779287,1.4829000750855408,1.4813708065710172,1.4842835927912144,0.06344506748061451,1.4179257390904025,1.547728660271829,33.23617512733501,30.401854422496324,26.177353579773794,35.296257593635175
test,WELD2025:697,Weld2025,4,0,6.0,1.2867155139248838,1.1516723275830087,1.1471480641698972,1.1553422306978334,0.06390925465714714,1.08323880951275,1.2192514853549805,19.351539195273077,14.179872556438877,12.112639993689964,16.567290419285918
test,FatigueData-AM2022:1098,AM2022,2,0,6.0,2.5599884838323166,2.4541632389013817,2.4505384244144657,2.4571785530560857,0.07642239093833281,2.374116033476133,2.5336009439944185,363.0684271729331,284.55304601568895,236.65519011515946,341.66535546621964
test,FatigueData-AM2022:1098,AM2022,3,0,6.0,2.5599884838323166,2.405988186597824,2.3770487308502197,2.4612362384796143,0.07510453044171461,2.301944200408505,2.536340768921329,363.0684271729331,254.6760976271146,200.4214502713315,343.82762623839693
test,FatigueData-AM2022:1098,AM2022,4,0,6.0,2.5599884838323166,2.516791232584575,2.479276418685913,2.5333969593048096,0.06390925465714714,2.415367164028766,2.5973062139619567,363.0684271729331,328.69358832764914,260.23587362429424,395.64548492905203
test,WELD2025:1590,Weld2025,2,0,5.0,3.271324368144919,3.2934164250362965,3.292001224430098,3.2956919184798195,0.07309786491601589,3.218903359514082,3.3687897833958353,1867.7741830042278,1965.2437556962084,1655.4015576564536,2337.705418041902
test,WELD2025:1590,Weld2025,2,0,6.0,3.1769726044195683,3.0979922348150883,3.0937565281299566,3.1033696016722425,0.07642239093833281,3.017334137191624,3.1797919926105753,1503.0471499006342,1253.1187689787434,1040.7205667618837,1512.8364947171174
test,WELD2025:1590,Weld2025,2,0,7.0,3.0417258821026265,2.9549375224583496,2.9518229961395264,2.9585345777852083,0.17283688789025264,2.7789861082492737,3.131371465675461,1100.8442595715342,901.4414470407378,601.1545080836735,1353.229527937345
test,WELD2025:1590,Weld2025,3,0,5.0,3.271324368144919,3.2876500332753533,3.286947619039256,3.2881535392499504,0.06362745716409468,3.2233201618751615,3.3517809964140453,1867.7741830042278,1939.3224870876766,1672.3229964467769,2247.9207511020836
test,WELD2025:1590,Weld2025,3,0,6.0,3.1769726044195683,3.17446470818797,3.1702349199339643,3.1792331847213724,0.07510453044171461,3.0951303894922497,3.254337715163087,1503.0471499006342,1494.392599502552,1244.8883120995447,1796.1297865959045
test,WELD2025:1590,Weld2025,3,0,7.0,3.0417258821026265,3.009910768871855,3.0066082006944796,3.011829478612538,0.10188500503614173,2.904723195658338,3.11371448364868,1100.8442595715342,1023.0827657818385,803.0141454916646,1299.3150940563094
test,WELD2025:1590,Weld2025,4,0,5.0,3.271324368144919,3.305162648719281,3.3042555076774733,3.3060869471620373,0.06344506748061451,3.2408104401968587,3.369532014642652,1867.7741830042278,2019.1224087127898,1741.046779642018,2341.7040908935214
test,WELD2025:1590,Weld2025,4,0,6.0,3.1769726044195683,3.204939561754175,3.2006125508440095,3.20987653126283,0.06390925465714714,3.1367032961868624,3.2737857859199773,1503.0471499006342,1603.0222918456636,1369.9455190917924,1878.3900795972602
test,WELD2025:1590,Weld2025,4,0,7.0,3.0417258821026265,3.01318059120646,3.010286087785349,3.015733408914905,0.11888132054548817,2.8914047672398606,3.1346147294603934,1100.8442595715342,1030.8146715145895,778.7620276972079,1363.3731268415029
test,FatigueData-AM2022:715,AM2022,2,0,5.0,2.636830013085896,2.653234635602818,2.6502222442718923,2.6569446874038123,0.07309786491601589,2.5771243793558765,2.730042552319828,433.3412313860314,450.0229224093762,377.6803408406203,537.0844175046827
test,FatigueData-AM2022:715,AM2022,2,0,6.0,2.5465614388079683,2.538424068549665,2.5374684150583326,2.5393368332183432,0.07642239093833281,2.46104602412,2.615759224156676,352.01521792064557,345.4809208877266,289.0986236816323,412.818569085268
test,FatigueData-AM2022:715,AM2022,3,0,5.0,2.636830013085896,2.6484815486381557,2.6441346494309226,2.6518981614438166,0.06362745716409468,2.580507192266828,2.715525618607911,433.3412313860314,445.1245510320439,380.6336611493749,519.4283131728815
test,FatigueData-AM2022:715,AM2022,3,0,6.0,2.5465614388079683,2.553326351091857,2.552002166353873,2.5548198025658144,0.07510453044171461,2.476897635912158,2.629924333007529,352.01521792064557,357.5414121377845,299.8455693618809,426.50520245898736
test,FatigueData-AM2022:715,AM2022,4,0,5.0,2.636830013085896,2.6628663903947425,2.658960177751753,2.6674513162306863,0.06344506748061451,2.5955151102711382,2.730896383711301,433.3412313860314,460.1149985825922,394.0171363204011,538.1413745657736
test,FatigueData-AM2022:715,AM2022,4,0,6.0,2.5465614388079683,2.5318171977996826,2.5318171977996826,2.5318171977996826,0.06390925465714714,2.4679079431425355,2.5957264524568298,352.01521792064557,340.26493604658975,293.7027028034345,394.20892486739456
test,WELD2025:138,Weld2025,2,0,6.0,2.274968281975079,2.252972425708273,2.252359447136485,2.253447556618736,0.07642239093833281,2.175937056198152,2.3298699475570688,188.3511525119102,179.04921682234192,149.94674967407175,213.73219580319736
test,WELD2025:138,Weld2025,3,0,6.0,2.274968281975079,2.2652434195062,2.2619151905987565,2.2686530275222165,0.07510453044171461,2.186810660157042,2.343757557963931,188.3511525119102,184.18040325603377,153.7484195490578,220.6772472891964
test,WELD2025:138,Weld2025,4,0,6.0,2.274968281975079,2.2563357097993872,2.255251471671795,2.2573770426548707,0.06390925465714714,2.1913422170146477,2.321286297312018,188.3511525119102,180.44120130748024,155.3610747847315,209.54934000045583
test,WELD2025:2285,Weld2025,2,0,5.0,2.3215263522136986,2.3436881846559046,2.342649618851698,2.344281650909095,0.07309786491601589,2.269551753935682,2.417379515825111,209.6651997531753,220.6419995744989,186.01662220072305,261.4445034934884
test,WELD2025:2285,Weld2025,2,0,6.0,2.226489202241343,2.2121875286102295,2.2121875286102295,2.2121875286102295,0.07642239093833281,2.1357651376718967,2.2886099195485623,168.45705431834293,162.99997155299653,136.6989370809495,194.36135564495444
test,WELD2025:2285,Weld2025,3,0,5.0,2.3215263522136986,2.340238058043633,2.339830189798614,2.340584946243929,0.06362745716409468,2.276202732634519,2.4042124034080237,209.6651997531753,218.896117181812,188.88728864571112,253.63688066489385
test,WELD2025:2285,Weld2025,3,0,6.0,2.226489202241343,2.2121875286102295,2.2121875286102295,2.2121875286102295,0.07510453044171461,2.137082998168515,2.287292059051944,168.45705431834293,162.99997155299653,137.11437808889832,193.77246279052972
test,WELD2025:2285,Weld2025,4,0,5.0,2.3215263522136986,2.341129215370026,2.3408626246823903,2.3414108370341027,0.06344506748061451,2.2774175572017756,2.4048559045147173,209.6651997531753,219.34574563211336,189.41639081391688,254.0129770684972
test,WELD2025:2285,Weld2025,4,0,6.0,2.226489202241343,2.214520215988159,2.2121875286102295,2.2209694385528564,0.06390925465714714,2.1482782739530824,2.2848786932100036,168.45705431834293,163.8778343056329,140.69487370112998,192.69865936470063
test,FatigueData-AM2022:203,AM2022,2,0,5.0,2.314546953443666,2.3016242140808076,2.298603716984299,2.303684916543971,0.07309786491601589,2.225505852068283,2.376782781459987,206.32267195643132,200.2738349867749,168.0760573611912,238.11282164493338
test,FatigueData-AM2022:203,AM2022,3,0,5.0,2.314546953443666,2.307061294501087,2.3042693387097355,2.3093930517921755,0.06362745716409468,2.240641881545641,2.3730205089562704,206.32267195643132,202.79689183491192,174.03711745724473,236.058970613261
test,FatigueData-AM2022:203,AM2022,4,0,5.0,2.314546953443666,2.3021018272517937,2.2985430227246644,2.3041485156626265,0.06344506748061451,2.2350979552440497,2.367593583143241,206.32267195643132,200.4942062828711,171.82959055842537,233.1275411733079
test,FatigueData-AM2022:275,AM2022,2,0,6.0,2.0365102261924237,2.0387935885337556,2.0384844258919013,2.0391540058416204,0.07642239093833281,1.9620620349535685,2.1155763967799532,108.77027491161124,109.34365542663056,91.63513731000131,130.48974930825787
test,FatigueData-AM2022:275,AM2022,2,0,7.0,1.9885228855894266,2.0015749761266792,1.9992406635946134,2.0028896784643138,0.17283688789025264,1.8264037757043607,2.1757265663545664,97.39191056342374,100.3633100318569,67.05077094514536,149.8740924753712
test,FatigueData-AM2022:275,AM2022,3,0,6.0,2.0365102261924237,2.042620222667866,2.0409667914624547,2.044349620396159,0.07510453044171461,1.9658622610207401,2.1194541508378735,108.77027491161124,110.31135587067187,92.44049471244828,131.66009097233987
test,FatigueData-AM2022:275,AM2022,3,0,7.0,1.9885228855894266,1.9931131266073958,1.9923716635013102,1.994004883725903,0.10188500503614173,1.8904866584651685,2.095889888762045,97.39191056342374,98.42674579419015,77.71174453641272,124.70672920984327
test,FatigueData-AM2022:275,AM2022,4,0,6.0,2.0365102261924237,2.034728972668528,2.0328580362518105,2.0368896593003356,0.06390925465714714,1.9689487815946634,2.1007989139574827,108.77027491161124,108.32506858314305,93.09980719807267,126.12434213154734
test,FatigueData-AM2022:275,AM2022,4,0,7.0,1.9885228855894266,1.987432655839862,1.9871739157884385,1.987737878937182,0.11888132054548817,1.8682925952429503,2.10661919948267,97.39191056342374,97.14772971292324,73.84015424918748,127.82600015500293
test,FatigueData-AM2022:640,AM2022,2,0,6.0,2.1265207723736124,2.1139106641521845,2.113791549154923,2.1140160287980843,0.07642239093833281,2.03736915821659,2.190438419736417,133.81992199032192,129.9902156247356,108.98560972426826,155.0380936808185
test,FatigueData-AM2022:640,AM2022,3,0,6.0,2.1265207723736124,2.116342562783611,2.1160661456143286,2.116748394048009,0.07510453044171461,2.040961615172614,2.191852924489724,133.81992199032192,130.72015759908984,109.89087088287432,155.54387870246796
test,FatigueData-AM2022:640,AM2022,4,0,6.0,2.1265207723736124,2.1242829567354033,2.122681848981379,2.126487991031036,0.06390925465714714,2.058772594324232,2.190397245688183,133.81992199032192,133.13215340001543,114.49132839166255,155.0233957198237
test,WELD2025:1847,Weld2025,2,0,5.0,2.4896281872000707,2.486970119523872,2.4834224972499332,2.4904172743796655,0.07309786491601589,2.4103246323339174,2.5635151392956814,308.765086820608,306.8810839764052,257.23178553749534,366.0286999191797
test,WELD2025:1847,Weld2025,2,0,6.0,2.136730649954992,2.1444143080183484,2.1295966539794966,2.155371838841026,0.07642239093833281,2.053174263041164,2.231794229779359,137.00318069765757,139.448648007106,113.02493424398996,170.52742327625262
test,WELD2025:1847,Weld2025,3,0,5.0,2.4896281872000707,2.505368974372411,2.502640555112406,2.5075479631867594,0.06362745716409468,2.439013097948311,2.571175420350854,308.765086820608,320.16140294556146,274.7977028478039,372.54215320088855
test,WELD2025:1847,Weld2025,3,0,6.0,2.136730649954992,2.2501766831959773,2.246682609175864,2.2538655609708442,0.07510453044171461,2.171578078734149,2.328970091412559,137.00318069765757,177.9003011241225,148.449274252902,213.28980216564116
test,WELD2025:1847,Weld2025,4,0,5.0,2.4896281872000707,2.4986900242751497,2.495295211046045,2.503043667338471,0.06344506748061451,2.4318501435654305,2.5664887348190857,308.765086820608,315.2753556515088,270.3025504781716,368.54348206523963
test,WELD2025:1847,Weld2025,4,0,6.0,2.136730649954992,2.274741781832204,2.269129895848044,2.2788881129536014,0.06390925465714714,2.205220641190897,2.3427973676107485,137.00318069765757,188.25294624427775,160.40601186239806,220.18988650738893
test,WELD2025:3158,Weld2025,2,0,5.0,2.611030934012869,2.5919901193904575,2.5894866802537972,2.5946688471649653,0.07309786491601589,2.5163888153377814,2.667766712080981,408.348471222159,390.8320038941242,328.3891619264719,465.3360639960785
test,WELD2025:3158,Weld2025,3,0,5.0,2.611030934012869,2.6407122905299687,2.6382771668140257,2.644098810888383,0.06362745716409468,2.574649709649931,2.707726268052478,408.348471222159,437.2323534540772,375.5343860782457,510.1833345985381
test,WELD2025:3158,Weld2025,4,0,5.0,2.611030934012869,2.6170758389053974,2.6158545865388434,2.618390952666127,0.06344506748061451,2.5524095190582288,2.6818360201467417,408.348471222159,414.07197604625935,356.78740842682635,480.65782857013915
test,FatigueData-AM2022:1117,AM2022,2,0,5.0,2.572397493786763,2.4850850766467127,2.4816932889843413,2.4882248227228225,0.07309786491601589,2.4085954240683254,2.5613226876388384,373.59193633972507,305.5519619329983,256.2096151232278,364.18553120818495
test,FatigueData-AM2022:1117,AM2022,2,0,6.0,2.4456222322057153,2.427287488759179,2.4262546919826575,2.428723986840913,0.07642239093833281,2.3498323010443247,2.505146377779246,279.0115824093535,267.47764373681264,223.7856843171448,319.99734703459717
test,FatigueData-AM2022:1117,AM2022,2,0,7.0,2.3749023675162175,2.3701326847076416,2.3701326847076416,2.3701326847076416,0.17283688789025264,2.197295796817389,2.5429695725978942,237.08406639297488,234.49451284379728,157.50552651751732,349.1158549775345
test,FatigueData-AM2022:1117,AM2022,3,0,5.0,2.572397493786763,2.560101125392199,2.5585535390276446,2.561344792207232,0.06362745716409468,2.49492608186355,2.624972249371327,373.59193633972507,363.16260727365403,312.5547344942605,421.66955864872483
test,FatigueData-AM2022:1117,AM2022,3,0,6.0,2.4456222322057153,2.4263106915725805,2.424276498707432,2.42804986510134,0.07510453044171461,2.3491719682657175,2.5031543955430546,279.0115824093535,266.8767201227916,223.44568290472859,318.53297334513314
test,FatigueData-AM2022:1117,AM2022,3,0,7.0,2.3749023675162175,2.3721810736277327,2.3721265299511907,2.372237245549211,0.10188500503614173,2.2702415249150487,2.474122250585353,237.08406639297488,235.60313968315742,186.312299029877,297.9354977111059
test,FatigueData-AM2022:1117,AM2022,4,0,5.0,2.572397493786763,2.5737240297358808,2.572742683100517,2.57482544268744,0.06344506748061451,2.5092976156199023,2.638270510168055,373.59193633972507,374.73480320918105,323.0707319491873,434.7809530256419
test,FatigueData-AM2022:1117,AM2022,4,0,6.0,2.4456222322057153,2.4247574803401215,2.421706764548597,2.4281845466565026,0.06390925465714714,2.3577975098914496,2.4920938013136498,279.0115824093535,265.9239666757585,227.92791087236787,310.5230200422159
test,FatigueData-AM2022:1117,AM2022,4,0,7.0,2.3749023675162175,2.3719993039456044,2.3719202330286104,2.3720856708599025,0.11888132054548817,2.253038912483122,2.490966991405391,237.08406639297488,235.5045509403907,179.0766298260519,309.7183888505865
test,FatigueData-AM2022:127,AM2022,2,0,6.0,2.4055959538351854,2.467685637508774,2.4675960488171387,2.4678286486644003,0.07642239093833281,2.391173657878806,2.544251039602733,254.44619092036933,293.5524014287736,246.13516084842817,350.14750782406287
test,FatigueData-AM2022:127,AM2022,3,0,6.0,2.4055959538351854,2.432091548539276,2.43208331573469,2.4320995222907507,0.07510453044171461,2.3569787852929753,2.5072040527324653,254.44619092036933,270.4528414020862,227.4986298007038,321.51708278995994
test,FatigueData-AM2022:127,AM2022,4,0,6.0,2.4055959538351854,2.411192203926249,2.409361722120832,2.4126701220330857,0.06390925465714714,2.345452467463685,2.476579376690233,254.44619092036933,257.7461601224496,221.5401612411234,299.6259173419536
test,FatigueData-AM2022:1544,AM2022,2,0,5.0,2.662874627841535,2.660540582846521,2.6594647944372496,2.661162683983745,0.07309786491601589,2.5863669295212337,2.7342605488997607,460.1237258607926,457.65749890258223,385.8041807276646,542.3261538134902
test,FatigueData-AM2022:1544,AM2022,3,0,5.0,2.662874627841535,2.656576949870328,2.6560344947301733,2.6573134061649615,0.06362745716409468,2.592407037566079,2.720940863329056,460.1237258607926,453.49964337128483,391.20737869302053,525.9456449598223
test,FatigueData-AM2022:1544,AM2022,4,0,5.0,2.662874627841535,2.657126155506753,2.6557686616218596,2.658320492713622,0.06344506748061451,2.592323594141245,2.7217655601942368,460.1237258607926,454.0734984849457,391.13222105447636,526.9453302677229
test,FatigueData-AM2022:563,AM2022,2,0,5.0,2.6577205761152056,2.6261152841713153,2.6235410088309887,2.6287376111495435,0.07309786491601589,2.550443143914973,2.7018354760655594,454.6954162267136,422.78082722448255,355.17561727669437,503.30990359631835
test,FatigueData-AM2022:563,AM2022,3,0,5.0,2.6577205761152056,2.6542121887022434,2.649240242919604,2.658902781707693,0.06362745716409468,2.585612785755509,2.722530238871788,454.6954162267136,451.0370195298969,385.1348207428552,527.8739600860021
test,FatigueData-AM2022:563,AM2022,4,0,5.0,2.6577205761152056,2.6384321391056678,2.637740796522577,2.639146540927001,0.06344506748061451,2.5742957290419626,2.702591608407616,454.6954162267136,434.9427931241718,375.2284237966135,504.18695914473795
test,WELD2025:1865,Weld2025,2,0,6.0,2.215995445193492,2.319226313980443,2.3161158538879008,2.3213211501261184,0.07642239093833281,2.239693462949568,2.397743541064451,164.4354477414989,208.55774093737637,173.6574673664788,249.88692973136256
test,WELD2025:1865,Weld2025,3,0,6.0,2.215995445193492,2.3071568921385377,2.3070043785603795,2.3073124237584315,0.07510453044171461,2.231899848118665,2.382416954200146,164.4354477414989,202.84153674394324,170.5688997726248,241.22202236859923
test,WELD2025:1865,Weld2025,4,0,6.0,2.215995445193492,2.3005858303640894,2.2953521444399687,2.3031142012859465,0.06390925465714714,2.2314428897828216,2.3670234559430936,164.4354477414989,199.79555888201733,170.38952404249645,232.82169996511882
test,WELD2025:2540,Weld2025,2,0,6.0,2.3364596366882324,2.3364596366882324,2.3364596366882324,2.3364596366882324,0.07642239093833281,2.2600372457498996,2.4128820276265652,216.9999514527976,216.9999514527976,181.9856925592804,258.75099447819315
test,WELD2025:2540,Weld2025,3,0,6.0,2.3364596366882324,2.3364596366882324,2.3364596366882324,2.3364596366882324,0.07510453044171461,2.261355106246518,2.411564167129947,216.9999514527976,216.9999514527976,182.53876430338858,257.9670083240636
test,WELD2025:2540,Weld2025,4,0,6.0,2.3364596366882324,2.3364596366882324,2.3364596366882324,2.3364596366882324,0.06390925465714714,2.2725503820310853,2.4003688913453796,216.9999514527976,216.9999514527976,187.30543614160177,251.4020943573551
test,WELD2025:154,Weld2025,2,0,5.0,2.612604591276335,2.6024033226127585,2.599368789253339,2.6066425268901443,0.07309786491601589,2.526270924337323,2.67974039180616,409.8307976091293,400.3163448259783,335.9471215514934,478.3440671300084
test,WELD2025:154,Weld2025,3,0,5.0,2.612604591276335,2.574009587407652,2.567184408263084,2.5813692163205255,0.06362745716409468,2.5035569510989895,2.64499667348462,409.8307976091293,374.98128017408413,318.82836430671665,441.56706512001193
test,WELD2025:154,Weld2025,4,0,5.0,2.612604591276335,2.6151714271134825,2.6136376866177677,2.616667249920769,0.06344506748061451,2.550192619137153,2.6801123174013837,409.8307976091293,412.26021661153226,354.9707916643514,478.7538918240217
test,WELD2025:4551,Weld2025,2,0,5.0,2.6791917453689984,2.7035431407949106,2.70225570629893,2.7051106439861394,0.07309786491601589,2.629157841382914,2.7782085089021553,477.7401541703255,505.2928358885899,425.7531221017221,600.0791107816746
test,WELD2025:4551,Weld2025,3,0,5.0,2.6791917453689984,2.634628334868129,2.6167755728042477,2.6771995725332958,0.06362745716409468,2.5531481156401528,2.7408270296973907,477.7401541703255,431.14994483382,357.394706428233,550.5883650352615
test,WELD2025:4551,Weld2025,4,0,5.0,2.6791917453689984,2.697816631221918,2.694464182148698,2.7011079342538236,0.06344506748061451,2.6310191146680832,2.764553001734438,477.7401541703255,498.6738918089311,427.5817049550717,581.5043953581772
test,FatigueData-AM2022:380,AM2022,2,0,5.0,2.43372361370765,2.4279161213911067,2.4260987698115524,2.429244183810618,0.07309786491601589,2.3530009048955365,2.502342048726634,271.4711068830897,267.86509265526064,225.424390908783,317.9377150489101
test,FatigueData-AM2022:380,AM2022,2,0,6.0,2.4065320324423283,2.403931932827224,2.4036509444086582,2.404185111399847,0.07642239093833281,2.3272285534703254,2.48060750233818,254.9952158766439,253.47313297635685,212.43621427999435,302.41790628359627
test,FatigueData-AM2022:380,AM2022,3,0,5.0,2.43372361370765,2.4239077588206843,2.4221997346235677,2.4252459433690317,0.06362745716409468,2.358572277459473,2.4888734005331266,271.4711068830897,265.40418017713847,228.3348899401931,308.2289313308771
test,FatigueData-AM2022:380,AM2022,3,0,6.0,2.4065320324423283,2.4135701581835747,2.4115514755249023,2.4163362979888916,0.07510453044171461,2.3364469450831877,2.491440828430606,254.9952158766439,259.1613050156523,216.99361004724952,310.05649153059744
test,FatigueData-AM2022:380,AM2022,4,0,5.0,2.43372361370765,2.428213661386705,2.4248995173183046,2.4348236719892213,0.06344506748061451,2.36145444983769,2.498268739469836,271.4711068830897,268.0486728984495,229.85526172401663,314.9696729357344
test,FatigueData-AM2022:380,AM2022,4,0,6.0,2.4065320324423283,2.404391054552711,2.4039875030682283,2.404838193867648,0.06390925465714714,2.340078248411081,2.468747448524795,254.9952158766439,253.74123805854975,218.81558364040467,294.2709887770948
test,FatigueData-AM2022:313,AM2022,2,0,5.0,2.472960928100883,2.4784293675327014,2.472366099679502,2.4830098525392064,0.07309786491601589,2.399268234763486,2.5561077174552223,297.13986937508764,300.90497454503264,250.76575878326022,359.8385743485631
test,FatigueData-AM2022:313,AM2022,3,0,5.0,2.472960928100883,2.4769711770861083,2.476421002832256,2.47736985698869,0.06362745716409468,2.412793545668161,2.5409973141527846,297.13986937508764,299.8963479538259,258.69828263500466,347.5340121500787
test,FatigueData-AM2022:313,AM2022,4,0,5.0,2.472960928100883,2.4692141460581167,2.467102585404173,2.4708517788496236,0.06344506748061451,2.403657517923558,2.534296846330238,297.13986937508764,294.58738552603825,253.31302310233426,342.2132701312359
test,WELD2025:2916,Weld2025,2,0,6.0,2.292240718577427,2.292230755625418,2.289035483811133,2.2955305531780277,0.07642239093833281,2.2126130928728003,2.3719529441163605,195.99307131075486,195.98857517449827,163.1597731690891,235.47941277144838
test,WELD2025:2916,Weld2025,3,0,6.0,2.292240718577427,2.3019094098190487,2.2978176050435954,2.306034238427264,0.07510453044171461,2.222713074601881,2.3811387688689787,195.99307131075486,200.40539549420703,166.99869392557844,240.5131181902584
test,WELD2025:2916,Weld2025,4,0,6.0,2.292240718577427,2.2946522954421322,2.2913753844263574,2.297798020593243,0.06390925465714714,2.22746612976921,2.36170727525039,195.99307131075486,197.08442083262614,168.8364180368548,229.98911138705716
test,WELD2025:5552,Weld2025,2,0,6.0,1.7773843166117276,1.7937159721428313,1.7881848621237124,1.799584782748854,0.07642239093833281,1.7117624711853796,1.8760071736871868,59.89413768401355,62.18934348886005,51.49469274674753,75.16353094466322
test,WELD2025:5552,Weld2025,3,0,6.0,1.7773843166117276,1.8113198641200756,1.8050030432143453,1.816258099206636,0.07510453044171461,1.7298985127726307,1.8913626296483506,59.89413768401355,64.76194211400544,53.690631584330575,77.86864716731878
test,WELD2025:5552,Weld2025,4,0,6.0,1.7773843166117276,1.7831082724375853,1.7801419005212198,1.7867668207121754,0.06390925465714714,1.7162326458640726,1.8506760753693225,59.89413768401355,60.68876117567532,52.027462619863044,70.90487167573787
test,WELD2025:1366,Weld2025,2,0,5.0,1.6283945459088056,1.6469194375890015,1.6438241212901037,1.6505863923869057,0.07309786491601589,1.5707262563740878,1.7236842573029216,42.500549570715485,44.352636135856955,37.21570550221385,52.927850557632176
test,WELD2025:1366,Weld2025,3,0,5.0,1.6283945459088056,1.6578603234663403,1.6575860888468128,1.6581724610698252,0.06362745716409468,1.5939586316827181,1.7217999182339199,42.500549570715485,45.48417517365819,39.26075361524086,52.69870197790984
test,WELD2025:1366,Weld2025,4,0,5.0,1.6283945459088056,1.6383716978049179,1.624995651941921,1.6538657534116274,0.06344506748061451,1.5615505844613065,1.717310820892242,42.500549570715485,43.4882265809075,36.43766883813973,52.15678592708894
test,WELD2025:1961,Weld2025,2,0,5.0,2.4686763082459033,2.4656246347576714,2.4623953837664803,2.467589042877848,0.07309786491601589,2.3892975188504644,2.540686907793864,294.2227892107371,292.1626094402412,245.07415779752108,347.2857054613507
test,WELD2025:1961,Weld2025,3,0,5.0,2.4686763082459033,2.474554816885491,2.472944713836021,2.476098688160159,0.06362745716409468,2.409317256671926,2.539726145324254,294.2227892107371,298.2323954720052,256.6358103420401,346.51827623670687
test,WELD2025:1961,Weld2025,4,0,5.0,2.4686763082459033,2.4815823652135447,2.4800321279006186,2.482677624869829,0.06344506748061451,2.416587060420004,2.5461226923504436,294.2227892107371,303.09750765345694,260.9678817302023,351.6597737503291
test,WELD2025:4367,Weld2025,2,0,5.0,2.70414382322842,2.68025525048823,2.6783120459594625,2.6818432912137697,0.07309786491601589,2.6052141810434466,2.7549411561297856,505.99220127955067,478.91148312747583,402.91569129843674,568.7758604646
test,WELD2025:4367,Weld2025,2,0,6.0,2.5152231114018266,2.484299898147583,2.484299898147583,2.484299898147583,0.07642239093833281,2.40787750720925,2.560722289085916,327.5089037956223,305.0000412951237,255.78643393280177,363.6824039482327
test,WELD2025:4367,Weld2025,3,0,5.0,2.70414382322842,2.717963519349709,2.7156710522647565,2.7217326529403945,0.06362745716409468,2.652043595100662,2.785360110104489,505.99220127955067,522.3523096658707,448.790437897543,610.0425251797095
test,WELD2025:4367,Weld2025,3,0,6.0,2.5152231114018266,2.484509167940672,2.484299898147583,2.485658678347307,0.07510453044171461,2.4091953677058684,2.5607632087890217,327.5089037956223,305.14704448909225,256.56379311497125,363.7166721181617
test,WELD2025:4367,Weld2025,4,0,5.0,2.70414382322842,2.706942903752565,2.7065414056542396,2.7075753806702734,0.06344506748061451,2.643096338173625,2.771020448150888,505.99220127955067,509.26391425456745,439.63912838160786,590.2288696220071
test,WELD2025:4367,Weld2025,4,0,6.0,2.5152231114018266,2.501238910232578,2.4995065539295487,2.5024987119619904,0.06390925465714714,2.4355972992724015,2.5664079666191375,327.5089037956223,317.1311557093003,272.6448503633373,368.47494832343534
test,WELD2025:4734,Weld2025,2,0,5.0,2.7754337541522154,2.7792214000687023,2.775990363586527,2.7798476144912883,0.07309786491601589,2.702892498670511,2.852945479407304,596.2573617658232,601.4802894768246,504.53639372811494,712.7635453831132
test,WELD2025:4734,Weld2025,3,0,5.0,2.7754337541522154,2.775597811310083,2.775505175298009,2.7756925667178827,0.06362745716409468,2.7118777181339144,2.839320023881977,596.2573617658232,596.4826438511632,515.0835949579192,690.7486167238176
test,WELD2025:4734,Weld2025,4,0,5.0,2.7754337541522154,2.775883470298966,2.775847654447502,2.775915591908973,0.06344506748061451,2.7124025869668875,2.8393606593895875,596.2573617658232,596.8751118328884,515.70647820815,690.8132508258858
test,WELD2025:4824,Weld2025,2,0,5.0,1.130404991292665,1.2337088931758535,1.2296903055577126,1.239626788137198,0.07309786491601589,1.1565924406416968,1.312724653053214,13.502214135004596,17.128088299067368,14.341429444004849,20.54587554364022
test,WELD2025:4824,Weld2025,2,0,6.0,1.080826165016432,1.07918119430542,1.07918119430542,1.07918119430542,0.07642239093833281,1.0027588033670871,1.1556035852437527,12.045536973466842,11.99999857031013,10.063725986608322,14.308812250955974
test,WELD2025:4824,Weld2025,3,0,5.0,1.130404991292665,1.1611806423516238,1.1593579599585384,1.1663259478477461,0.06362745716409468,1.0957305027944437,1.2299534050118408,13.502214135004596,14.493745874070495,12.466097026829567,16.98061459499458
test,WELD2025:4824,Weld2025,3,0,6.0,1.080826165016432,1.0817381134403252,1.0816826734361138,1.0818019999759683,0.07510453044171461,1.0065781429943992,1.1569065304176829,12.045536973466842,12.07085723486038,10.152620271432726,14.351805181688169
test,WELD2025:4824,Weld2025,4,0,5.0,1.130404991292665,1.2201780993148872,1.2177904471603198,1.2225512423440745,0.06344506748061451,1.1543453796797052,1.285996309824689,13.502214135004596,16.602676250544235,14.267417819269964,19.319519012626518
test,WELD2025:4824,Weld2025,4,0,6.0,1.080826165016432,1.07918119430542,1.07918119430542,1.07918119430542,0.06390925465714714,1.0152719396482728,1.143090448962567,12.045536973466842,11.99999857031013,10.357905385980947,13.902421418363593
test,WELD2025:140,Weld2025,2,0,6.0,2.629201542375591,2.509962606102385,2.508469474222129,2.5117029691947974,0.07642239093833281,2.432047083283796,2.58812536013313,425.7959657734383,323.56579586379416,270.4251524960981,387.36944389483983
test,WELD2025:140,Weld2025,3,0,6.0,2.629201542375591,2.610522254405673,2.6052833515181373,2.6159649896115056,0.07510453044171461,2.5301788210764227,2.69106952005322,425.7959657734383,407.870461604296,338.98370420042994,490.9864649322762
test,WELD2025:140,Weld2025,4,0,6.0,2.629201542375591,2.615908106744096,2.6104573689688624,2.623438291459478,0.06390925465714714,2.5465481143117152,2.687347546116625,425.7959657734383,412.9601136717686,352.0044179825957,486.79661104109596
test,WELD2025:5529,Weld2025,2,0,5.0,2.566911079091667,2.5729009606451685,2.5724498868093386,2.573030688933659,0.07309786491601589,2.4993520218933227,2.646128553849675,368.9020588938629,374.0252833731651,315.75629817823733,442.71940064675056
test,WELD2025:5529,Weld2025,2,0,6.0,2.376672468959315,2.4330930380072617,2.4292842334950024,2.4372271649951016,0.07642239093833281,2.3528618425566696,2.5136495559334344,238.05234773555443,271.0772292824933,225.3522209273247,326.32440583730573
test,WELD2025:5529,Weld2025,3,0,5.0,2.566911079091667,2.5901216765022466,2.5876596685995295,2.5931483091292673,0.06362745716409468,2.5240322114354345,2.6567757662933618,368.9020588938629,389.1541592377443,334.219828048129,453.70729928640276
test,WELD2025:5529,Weld2025,3,0,6.0,2.376672468959315,2.425488954366935,2.4244517368038805,2.4263340930097237,0.07510453044171461,2.349347206362166,2.5014386234514383,238.05234773555443,266.372234809637,223.53586157059075,317.277024126599
test,WELD2025:5529,Weld2025,4,0,5.0,2.566911079091667,2.5865186563505578,2.5861255096042126,2.586903746477946,0.06344506748061451,2.522680442123598,2.6503488139585607,368.9020588938629,385.9389903419783,333.1811647792767,447.0425008322774
test,WELD2025:5529,Weld2025,4,0,6.0,2.376672468959315,2.4383642066237328,2.4367208467372077,2.440234708590929,0.06390925465714714,2.3728115920800605,2.504143963248076,238.05234773555443,274.3874266243478,235.94544201728357,319.2595985786008
test,FatigueData-AM2022:142,AM2022,2,0,6.0,2.4770109769947344,2.462038869265825,2.4609525536296,2.4626515041771646,0.07642239093833281,2.3845301626912674,2.5390738951154974,299.92383251712675,289.76029109544754,242.39863098015644,345.99824434701355
test,FatigueData-AM2022:142,AM2022,2,0,7.0,2.4395506837127736,2.4199721813201904,2.4199721813201904,2.4199721813201904,0.17283688789025264,2.247135293429938,2.592809069210443,275.13806821792,263.0099515797452,176.65880706773336,391.56969175874474
test,FatigueData-AM2022:142,AM2022,3,0,6.0,2.4770109769947344,2.472255425461909,2.4600576836187735,2.482962625278067,0.07510453044171461,2.384953153177059,2.558067155719782,299.92383251712675,296.65756349597063,242.63483536898318,361.4657524035489
test,FatigueData-AM2022:142,AM2022,3,0,7.0,2.4395506837127736,2.4199721813201904,2.4199721813201904,2.4199721813201904,0.10188500503614173,2.318087176284049,2.521857186356332,275.13806821792,263.0099515797452,208.01141882099142,332.550179322171
test,FatigueData-AM2022:142,AM2022,4,0,6.0,2.4770109769947344,2.461942321966773,2.461461793677034,2.462365400289916,0.06390925465714714,2.397552539019887,2.526274654947063,299.92383251712675,289.69588211658254,249.77705400771455,335.95000736524196
test,FatigueData-AM2022:142,AM2022,4,0,7.0,2.4395506837127736,2.4160821586847305,2.4016661643981934,2.4199721813201904,0.11888132054548817,2.2827848438527054,2.5388535018656784,275.13806821792,260.6646621891879,191.7718438165375,345.82270370567977
test,CMA2022:32:2,CMA2022,2,0,5.0,2.0631002040980775,1.9954843258650716,1.992637612274447,1.9982410223935585,0.07309786491601589,1.919539747358431,2.071338887309574,115.63790209677506,98.96561455154757,83.08827590040337,117.85252379370169
test,CMA2022:32:2,CMA2022,2,0,6.0,1.966674068259516,1.926279902458191,1.897376537322998,1.9551832675933838,0.07642239093833281,1.8209541463846652,2.0316056585317166,92.61345119171074,84.38784615538822,66.21465893483608,107.54882216872511
test,CMA2022:32:2,CMA2022,3,0,5.0,2.0631002040980775,1.9839223747105166,1.981840674354093,1.9863238663619984,0.06362745716409468,1.9182132171899984,2.049951323526093,115.63790209677506,96.36567653428041,82.8348742313289,112.18927035874559
test,CMA2022:32:2,CMA2022,3,0,6.0,1.966674068259516,1.897376537322998,1.897376537322998,1.897376537322998,0.07510453044171461,1.8222720068812834,1.9724810677647127,92.61345119171074,78.954436320001,66.4158915503654,93.86011192640227
test,CMA2022:32:2,CMA2022,4,0,5.0,2.0631002040980775,2.003153613167866,2.0019281458247082,2.004060709925105,0.06344506748061451,1.9384830783440936,2.0675057774057195,115.63790209677506,100.72878910202137,86.79267591235781,116.816926987671
test,CMA2022:32:2,CMA2022,4,0,6.0,1.966674068259516,1.9551832675933838,1.9551832675933838,1.9551832675933838,0.06390925465714714,1.8912740129362366,2.019092522250531,92.61345119171074,90.1951671199694,77.85275988389041,104.49428104966346
test,WELD2025:1604,Weld2025,2,0,5.0,2.4168030305803465,2.423696893118069,2.4202707513822044,2.4265519410008873,0.07309786491601589,2.3471728864661885,2.4996498059169032,261.0976906360806,265.27534811265116,222.41951349373835,315.97287800640225
test,WELD2025:1604,Weld2025,3,0,5.0,2.4168030305803465,2.392982521779773,2.388197929204088,2.4005837189951604,0.06362745716409468,2.3245704720399933,2.464211176159255,261.0976906360806,247.16246722587326,211.1399780355022,291.21328015589756
test,WELD2025:1604,Weld2025,4,0,5.0,2.4168030305803465,2.4205001001760222,2.4165605948676094,2.4239029045094393,0.06344506748061451,2.353115527386995,2.487347971990054,261.0976906360806,263.3298551082135,225.48389457847648,307.1481981968356
test,FatigueData-AM2022:753,AM2022,2,0,5.0,1.9313078260640353,1.9006768788964283,1.899000875517849,1.902244973746461,0.07309786491601589,1.825903010601833,1.975342838662477,85.37050020611342,79.55672171496829,66.97350232407653,94.48064265208967
test,FatigueData-AM2022:753,AM2022,2,0,6.0,1.7701601996847478,1.7324090003967285,1.7324090003967285,1.7324090003967285,0.07642239093833281,1.6559866094583957,1.8088313913350613,58.906090418653775,54.001895040020074,45.288361599054745,64.3919224486631
test,FatigueData-AM2022:753,AM2022,3,0,5.0,1.9313078260640353,1.9545862674713135,1.9545862674713135,1.9545862674713135,0.06362745716409468,1.8909588103072188,2.018213724635408,85.37050020611342,90.0712660917844,77.79627633953002,104.28305000061698
test,FatigueData-AM2022:753,AM2022,3,0,6.0,1.7701601996847478,1.748831910748259,1.743739574993818,1.7546849137281078,0.07510453044171461,1.6686350445521034,1.8297894441698224,58.906090418653775,56.08308701500536,46.62673920411113,67.5755274452588
test,FatigueData-AM2022:753,AM2022,4,0,5.0,1.9313078260640353,1.9469867247316945,1.946166029198135,1.9478027995712108,0.06344506748061451,1.8827209617175207,2.0112478670518255,85.37050020611342,88.50885545305557,76.33451695435605,102.62374687604661
test,FatigueData-AM2022:753,AM2022,4,0,6.0,1.7701601996847478,1.742487620562315,1.7324090003967285,1.7539100646972656,0.06390925465714714,1.6684997457395814,1.8178193193544128,58.906090418653775,55.26976532343045,46.61221551076785,65.73842871878378
test,CMA2022:65:1,CMA2022,2,0,5.0,2.555704019280639,2.7325464870920246,2.7322398397832592,2.732871930103101,0.07309786491601589,2.6591419748672434,2.805969795019117,359.5042420313649,540.1899338626611,456.1860229914452,639.6903437671472
test,CMA2022:65:1,CMA2022,3,0,5.0,2.555704019280639,2.7507195472717285,2.7507195472717285,2.7507195472717285,0.06362745716409468,2.687092090107634,2.814347004435823,359.5042420313649,563.2737951356521,486.51035699370516,652.1492579255117
test,CMA2022:65:1,CMA2022,4,0,5.0,2.555704019280639,2.7507195472717285,2.7507195472717285,2.7507195472717285,0.06344506748061451,2.687274479791114,2.814164614752343,359.5042420313649,563.2737951356521,486.7147185712459,651.8754337610546
test,FatigueData-AM2022:1300,AM2022,2,0,5.0,2.941150537620695,2.9356068990894357,2.9335691727335966,2.9377135344840206,0.07309786491601589,2.8604713078175807,3.0108113994000365,873.2740151330125,862.1977776140575,725.2225638157091,1025.2066141864316
test,FatigueData-AM2022:1300,AM2022,2,0,6.0,2.827044670255486,2.807572844866435,2.8035458807500437,2.812982633720981,0.07642239093833281,2.727123489811711,2.8894050246593137,671.497917678544,642.0559054791781,533.4865685877061,775.1844006725257
test,FatigueData-AM2022:1300,AM2022,3,0,5.0,2.941150537620695,2.933957203517225,2.928595298826001,2.9386317117060483,0.06362745716409468,2.8649678416619064,3.002259168870143,873.2740151330125,858.9288762989289,732.7702714625797,1005.2154820846275
test,FatigueData-AM2022:1300,AM2022,3,0,6.0,2.827044670255486,2.814282343347563,2.809836182854616,2.8178661371006744,0.07510453044171461,2.7347316524129015,2.892970667542389,671.497917678544,652.0521681777944,542.9147645147532,781.5750148542529
test,FatigueData-AM2022:1300,AM2022,4,0,5.0,2.941150537620695,2.952012666344562,2.949767124740772,2.955686471575968,0.06344506748061451,2.8863220572601573,3.0191315390565827,873.2740151330125,895.3908795447869,769.7010114533307,1045.0366918700333
test,FatigueData-AM2022:1300,AM2022,4,0,6.0,2.827044670255486,2.8027118583476653,2.8023971504093135,2.803261836192191,0.06390925465714714,2.7384878957521663,2.867171090849338,671.497917678544,634.909548213897,547.6308376969165,736.4971843294092
test,WELD2025:2388,Weld2025,2,0,5.0,2.5600900902381714,2.5660595123723837,2.565838584095892,2.566257674729105,0.07309786491601589,2.492740719179876,2.6393555396451207,363.15337965377637,368.17942265953184,310.9859146635966,435.86855594187324
test,WELD2025:2388,Weld2025,3,0,5.0,2.5600900902381714,2.569373846054077,2.569373846054077,2.569373846054077,0.06362745716409468,2.5057463888899827,2.6330013032181716,363.15337965377637,370.99994570247,320.4397534326722,429.53771570716015
test,WELD2025:2388,Weld2025,4,0,5.0,2.5600900902381714,2.566550301321411,2.5664322840975613,2.566660493055031,0.06344506748061451,2.5029872166169467,2.630105560535646,363.15337965377637,368.59573127045275,318.4103796801517,426.68321672399145
test,FatigueData-AM2022:446,AM2022,2,0,5.0,2.8200740554598664,2.788302045819071,2.7795758345915362,2.7975646748848417,0.07309786491601589,2.7064779696755203,2.8706625398008576,660.806118398246,614.1890166427955,508.71901335504594,742.4420133745252
test,FatigueData-AM2022:446,AM2022,2,0,6.0,2.479914246398703,2.500361624022551,2.4623343031904628,2.5467894588174205,0.07642239093833281,2.38591191225213,2.6232118497557533,301.9355474811495,316.4911890742314,243.1710736292171,419.9637932496375
test,FatigueData-AM2022:446,AM2022,3,0,5.0,2.8200740554598664,2.7081522870600634,2.703507680560327,2.712077660597833,0.06362745716409468,2.639880223396232,2.7757051177619276,660.806118398246,510.68404194099537,436.3954595971541,596.6300423258019
test,FatigueData-AM2022:446,AM2022,3,0,6.0,2.479914246398703,2.4560812419835645,2.451012134552002,2.4599922782594406,0.07510453044171461,2.3759076041102873,2.535096808701155,301.9355474811495,285.81251530679833,237.63346690708494,342.8442015235596
test,FatigueData-AM2022:446,AM2022,4,0,5.0,2.8200740554598664,2.731260824915485,2.7261131886107024,2.7362193347903596,0.06344506748061451,2.6626681211300878,2.7996644022709742,660.806118398246,538.5931491331785,459.90498937120225,630.4699653663774
test,FatigueData-AM2022:446,AM2022,4,0,6.0,2.479914246398703,2.4972290212988093,2.4872002976403778,2.5087509736596836,0.06390925465714714,2.4232910429832306,2.5726602283168307,301.9355474811495,314.2165249707764,265.0275629101571,373.8180161137255
test,WELD2025:2035,Weld2025,2,0,5.0,2.471154452328171,2.4444117230203357,2.441956821557992,2.4474889273087435,0.07309786491601589,2.368858956641976,2.5205867922247593,295.9064640092241,278.234976132937,233.80777910694428,331.578828053481
test,WELD2025:2035,Weld2025,2,0,6.0,2.2651907931940998,2.2579276984208354,2.257678508758545,2.259255936394938,0.07642239093833281,2.181256117820212,2.335678327333271,184.15808626020285,181.10385648457356,151.79452860928942,216.6099127048814
test,WELD2025:2035,Weld2025,3,0,5.0,2.471154452328171,2.462541099871446,2.462197187196876,2.4628840326181844,0.06362745716409468,2.398569730032781,2.526511489782279,295.9064640092241,290.0955720407463,250.36275968935968,336.13326173868836
test,WELD2025:2035,Weld2025,3,0,6.0,2.2651907931940998,2.2668281903940617,2.265807632695514,2.268290407297174,0.07510453044171461,2.1907031022537993,2.3433949377388887,184.15808626020285,184.85371814678192,155.13261106917042,220.4930666515241
test,WELD2025:2035,Weld2025,4,0,5.0,2.471154452328171,2.4765156343568693,2.4747566124565323,2.4789147572985706,0.06344506748061451,2.4113115449759177,2.542359824779185,295.9064640092241,299.58194383001194,257.8169966751568,348.6260415591326
test,WELD2025:2035,Weld2025,4,0,6.0,2.2651907931940998,2.267777904868126,2.257678508758545,2.26882266998291,0.06390925465714714,2.193769254101398,2.3327319246400573,184.15808626020285,185.25839827577764,156.23173440302358,215.14533050884697
test,WELD2025:2657,Weld2025,2,0,5.0,2.698878235225122,2.7323178430741435,2.723401298111969,2.7376924820267767,0.07309786491601589,2.650303433195953,2.8107903469427926,499.89435806841595,539.905613671788,446.99579043056644,646.8302869244502
test,WELD2025:2657,Weld2025,2,0,6.0,2.605680332835478,2.565847873687744,2.565847873687744,2.565847873687744,0.07642239093833281,2.4894254827494113,2.642270264626077,403.3483947152693,368.0000466163801,308.6210061198887,438.80368356083414
test,WELD2025:2657,Weld2025,3,0,5.0,2.698878235225122,2.7189586930749714,2.716707648802345,2.7218085963280343,0.06362745716409468,2.6530801916382503,2.7854360534921287,499.89435806841595,523.5506378976514,449.86291354386054,610.1492102719516
test,WELD2025:2657,Weld2025,3,0,6.0,2.605680332835478,2.565847873687744,2.565847873687744,2.565847873687744,0.07510453044171461,2.4907433432460295,2.6409524041294588,403.3483947152693,368.0000466163801,309.55893456757445,437.4741581884332
test,WELD2025:2657,Weld2025,4,0,5.0,2.698878235225122,2.711874602448415,2.7103417054161065,2.714410673293939,0.06344506748061451,2.646896637935492,2.7778557407745534,499.89435806841595,515.0798996939957,443.50307765971945,599.5918772540185
test,WELD2025:2657,Weld2025,4,0,6.0,2.605680332835478,2.565847873687744,2.565847873687744,2.565847873687744,0.06390925465714714,2.501938619030597,2.6297571283448913,403.3483947152693,368.0000466163801,317.6425099182768,426.34102829781773
test,WELD2025:3697,Weld2025,2,0,6.0,2.1825601652729536,2.050531689002426,2.049353343832782,2.0517418102845917,0.07642239093833281,1.972930952894449,2.1281642012229245,152.25100402052087,112.33929368745541,93.95739188047932,134.32727394868738
test,WELD2025:3697,Weld2025,3,0,6.0,2.1825601652729536,2.0787265957866192,2.0750128295486356,2.083962715941411,0.07510453044171461,1.999908299106921,2.1590672463831257,152.25100402052087,119.87444122376037,99.97888731809864,144.23386667035246
test,WELD2025:3697,Weld2025,4,0,6.0,2.1825601652729536,2.0576831322802427,2.055051988337916,2.0609474043091627,0.06390925465714714,1.991142733680769,2.12485665896631,152.25100402052087,114.20447778663258,97.98119540114409,133.30813694702843
test,WELD2025:4566,Weld2025,2,0,6.0,2.126725137245146,2.089753964080299,2.088055138906953,2.0917958313864826,0.07642239093833281,2.01163274796862,2.1682182223248154,133.88290811581277,122.95719980062486,102.71473451357265,147.30524892494688
test,WELD2025:4566,Weld2025,3,0,6.0,2.126725137245146,2.066512778197531,2.058055110181158,2.0724783517658714,0.07510453044171461,1.9829505797394433,2.147582882207586,133.88290811581277,116.5501342747193,96.1502858560243,140.46977352005834
test,WELD2025:4566,Weld2025,4,0,6.0,2.126725137245146,2.0038555245243135,2.0009339185924957,2.007621713649255,0.06390925465714714,1.9370246639353486,2.0715309683064023,133.88290811581277,100.89171967090002,86.50170423991825,117.90465947112759
test,WELD2025:5775,Weld2025,2,0,5.0,1.6984021037370962,1.7244642586011416,1.7215141064910386,1.7270838009434455,0.07309786491601589,1.6484162415750228,1.8001816658594614,49.93466075672751,53.02299541744158,44.50576204289804,63.122132984021434
test,WELD2025:5775,Weld2025,2,0,6.0,1.4653391013350774,1.4524009113813916,1.4515342158218383,1.453227100884664,0.07642239093833281,1.3751118248835055,1.5296494918229968,29.19705858808216,28.340069527605532,23.719843805430852,33.85707938513985
test,WELD2025:5775,Weld2025,3,0,5.0,1.6984021037370962,1.7237821159147408,1.720248183747058,1.7271340177206347,0.06362745716409468,1.6566207265829633,1.7907614748847294,49.93466075672751,52.939778016484084,45.354535826061074,61.7677063661941
test,WELD2025:5775,Weld2025,3,0,6.0,1.4653391013350774,1.4490218394153835,1.4473966165716698,1.450263164989895,0.07510453044171461,1.3722920861299552,1.5253676954316095,29.19705858808216,28.120422363271985,23.56633712500867,33.524915774167575
test,WELD2025:5775,Weld2025,4,0,5.0,1.6984021037370962,1.6897758555147275,1.688439948824008,1.691529372222923,0.06344506748061451,1.6249948813433934,1.7549744397035374,49.93466075672751,48.95261039849403,42.169153328283336,56.881945212768294
test,WELD2025:5775,Weld2025,4,0,6.0,1.4653391013350774,1.4594716536831562,1.4586951479888328,1.4600058985813995,0.06390925465714714,1.3947858933316857,1.5239151532385466,29.19705858808216,28.80525032327395,24.819092253083603,33.41297557585219
test,WELD2025:5766,Weld2025,2,0,5.0,2.3552519087577464,2.385407983692364,2.3850262063820864,2.3857963243566402,0.07309786491601589,2.3119283414660705,2.458894189272656,226.59582759765271,242.88907653489926,205.082376524845,287.6697455948899
test,WELD2025:5766,Weld2025,3,0,5.0,2.3552519087577464,2.359608589672407,2.358652409124405,2.360835555033464,0.06362745716409468,2.2950249519603103,2.4244630121975588,226.59582759765271,228.8803925612442,197.25360629696206,265.7437212466213
test,WELD2025:5766,Weld2025,4,0,5.0,2.3552519087577464,2.3628648404290122,2.361079859391779,2.3641792046498766,0.06344506748061451,2.297634791911164,2.4276242721304913,226.59582759765271,230.60294028327004,198.44254670923317,267.68514570484024
test,WELD2025:1144,Weld2025,2,0,6.0,2.1470805255072953,2.217866517456557,2.216772132336052,2.2193245148793412,0.07642239093833281,2.1403497413977193,2.295746905817674,140.30738339513704,165.14541376714018,138.14963486542158,197.5817855398426
test,WELD2025:1144,Weld2025,3,0,6.0,2.1470805255072953,2.2030375537394526,2.2014698131339463,2.2043048102690563,0.07510453044171461,2.1263652826922317,2.279409340710771,140.30738339513704,159.60171499593378,133.77201925729867,190.2870970412676
test,WELD2025:1144,Weld2025,4,0,6.0,2.1470805255072953,2.134894774036299,2.113943338394165,2.166716990936959,0.06390925465714714,2.050034083737018,2.230626245594106,140.30738339513704,136.42525494235306,112.21065145564933,170.06942586878907
test,WELD2025:4476,Weld2025,2,0,6.0,2.02821480271137,1.9792251606595004,1.9780656965896424,1.980697964104622,0.07642239093833281,1.9016433056513096,2.057120355042955,106.71237917768258,95.32902707726363,79.73395480735564,114.05658261834009
test,WELD2025:4476,Weld2025,3,0,6.0,2.02821480271137,2.0176553228168235,2.017349341973048,2.0180154871790097,0.07510453044171461,1.9422448115313333,2.0931200176207243,106.71237917768258,104.14905238627972,87.54771420835847,123.91389762463939
test,WELD2025:4476,Weld2025,4,0,6.0,2.02821480271137,1.9948853306979522,1.9937043968619468,1.9967330050899414,0.06390925465714714,1.9297951422047996,2.0606422597470884,106.71237917768258,98.82921156799374,85.07366489329095,114.98528334798723
test,FatigueData-AM2022:613,AM2022,2,0,6.0,2.4065287898143146,2.4314351081848145,2.4314351081848145,2.4314351081848145,0.07642239093833281,2.3550127172464816,2.5078574991231473,254.99331198060565,270.0443580797701,226.47106231064413,322.0012066296017
test,FatigueData-AM2022:613,AM2022,2,0,7.0,2.3247728312029703,2.3834931445274137,2.381520473467232,2.3855048697400107,0.17283688789025264,2.2086835855769795,2.5583417576302634,211.2383814614062,241.82051655134072,161.6901580582722,361.69437739751754
test,FatigueData-AM2022:613,AM2022,3,0,6.0,2.4065287898143146,2.427385973015736,2.427086949284361,2.4276561871600357,0.07510453044171461,2.3519824188426464,2.5027607176017503,254.99331198060565,267.5383060869395,224.89635612007942,318.2443613738998
test,FatigueData-AM2022:613,AM2022,3,0,7.0,2.3247728312029703,2.3568340104404175,2.3542073445618774,2.359327534133533,0.10188500503614173,2.252322339525736,2.461212539169675,211.2383814614062,227.42280431168254,178.7814023468321,289.2094897034916
test,FatigueData-AM2022:613,AM2022,4,0,6.0,2.4065287898143146,2.4314351081848145,2.4314351081848145,2.4314351081848145,0.06390925465714714,2.3675258535276673,2.4953443628419616,254.99331198060565,270.0443580797701,233.09118702136064,312.85590958028075
test,FatigueData-AM2022:613,AM2022,4,0,7.0,2.3247728312029703,2.3654114685332877,2.364405829423187,2.3667519112520523,0.11888132054548817,2.2455245088776987,2.4856332317975403,211.2383814614062,231.95912858211722,176.004798715347,305.93786512524326
test,WELD2025:469,Weld2025,2,0,5.0,2.381983277509883,2.382017135620117,2.382017135620117,2.382017135620117,0.07309786491601589,2.3089192707041013,2.455115000536133,240.98126371694661,241.00005163295484,203.6663455144159,285.17733128852063
test,WELD2025:469,Weld2025,2,0,6.0,2.1817545890808105,2.274318992482663,2.2714200862304263,2.27683372781275,0.07642239093833281,2.1949976952920935,2.3532561187510828,151.96885421788923,188.0697695861486,156.6742755717458,225.55690084815856
test,WELD2025:469,Weld2025,3,0,5.0,2.381983277509883,2.3819738678863485,2.3819729035215795,2.3819747207729525,0.06362745716409468,2.318345446357485,2.4456021779370474,240.98126371694661,240.97604256286726,208.13515767582734,278.998698883814
test,WELD2025:469,Weld2025,3,0,6.0,2.1817545890808105,2.2629009564839393,2.2609571115689144,2.2647616692755417,0.07510453044171461,2.1858525811272,2.3398661997172563,151.96885421788923,183.18965994921015,153.4096153907762,218.70877078657438
test,WELD2025:469,Weld2025,4,0,5.0,2.381983277509883,2.382017135620117,2.382017135620117,2.382017135620117,0.06344506748061451,2.3185720681395026,2.445462203100732,240.98126371694661,241.00005163295484,208.24379425984236,278.9087909847367
test,WELD2025:469,Weld2025,4,0,6.0,2.1817545890808105,2.2755242189639633,2.2739309497793707,2.2768662337713943,0.06390925465714714,2.2100216951222236,2.3407754884285414,151.96885421788923,188.59241374284838,162.1891116687074,219.16716424517344
test,WELD2025:2461,Weld2025,2,0,5.0,2.5115606792924496,2.532480574097108,2.530650223826612,2.5342459225554546,0.07309786491601589,2.457552358910596,2.6073437874714704,324.75861402293486,340.78508121282334,286.78231019226496,404.89628072890434
test,WELD2025:2461,Weld2025,3,0,5.0,2.5115606792924496,2.537964926028638,2.5369021736381527,2.539357730298951,0.06362745716409468,2.473274716474058,2.6029851874630454,324.75861402293486,345.11586637564284,297.35463776832756,400.8530454485031
test,WELD2025:2461,Weld2025,4,0,5.0,2.5115606792924496,2.5277836971024867,2.525574355738807,2.5298024115723172,0.06344506748061451,2.4621292882581924,2.593247479052932,324.75861402293486,337.1193625760225,289.82062472205126,391.96517153242695
test,FatigueData-AM2022:679,AM2022,2,0,5.0,2.0947095247258614,2.1392704910657017,2.135491136003984,2.144202576726072,0.07309786491601589,2.062393271087968,2.217300441642088,124.36825039016573,137.8067501647099,115.44982291113595,164.93029722954768
test,FatigueData-AM2022:679,AM2022,2,0,6.0,1.9209387698168723,1.9832593733129324,1.978873213212032,1.9861684547706155,0.07642239093833281,1.902450822273699,2.0625908457089484,83.35636541064933,96.21867527715371,79.88234810503975,115.5023567222595
test,FatigueData-AM2022:679,AM2022,3,0,5.0,2.0947095247258614,2.106919002113851,2.1017598341487824,2.110184068384614,0.06362745716409468,2.038132376984688,2.1738115255487083,124.36825039016573,127.91427160044056,109.17730682900012,149.21467095112178
test,FatigueData-AM2022:679,AM2022,3,0,6.0,1.9209387698168723,1.9021462308085682,1.901974081993103,1.9032400279779575,0.07510453044171461,1.8268695515513884,1.9783445584196722,83.35636541064933,79.82634244058805,67.12272070312636,95.13592790666462
test,FatigueData-AM2022:679,AM2022,4,0,5.0,2.0947095247258614,2.1182033938597726,2.116393338910709,2.1201686242649687,0.06344506748061451,2.052948271430094,2.1836136917455833,124.36825039016573,131.28145877165102,112.96613533348469,152.62078807212998
test,FatigueData-AM2022:679,AM2022,4,0,6.0,1.9209387698168723,1.901974081993103,1.901974081993103,1.901974081993103,0.06390925465714714,1.8380648273359559,1.9658833366502502,83.35636541064933,79.79470656298139,68.87550994600777,92.44498081340693
test,FatigueData-AM2022:797,AM2022,2,0,5.0,1.8778263341018397,1.871114414584678,1.8689391526770138,1.8731678937711536,0.07309786491601589,1.795841287760998,1.9462657586871694,75.47903413648943,74.32149115682608,62.49442661347515,88.3620450633717
test,FatigueData-AM2022:797,AM2022,3,0,5.0,1.8778263341018397,1.8741620198397362,1.8709922570083344,1.8770818008274348,0.06362745716409468,1.8073647998442397,1.9407092579915295,75.47903413648943,74.84486680381508,64.17484077986042,87.23871461124439
test,FatigueData-AM2022:797,AM2022,4,0,5.0,1.8778263341018397,1.9048457810389192,1.9017880034032313,1.9079406340700795,0.06344506748061451,1.8383429359226167,1.9713857015506941,75.47903413648943,80.3240838882287,68.91962979077692,93.62367868857946
test,WELD2025:4335,Weld2025,2,0,5.0,2.4640184598335098,2.452189600673824,2.4476106494701133,2.455277531230585,0.07309786491601589,2.3745127845540974,2.528375396146601,291.08408417093943,283.2628371237977,236.87148598576147,337.57897963199656
test,WELD2025:4335,Weld2025,2,0,6.0,2.223159840528154,2.185271576557504,2.171729317752261,2.191846536228007,0.07642239093833281,2.095306926813928,2.2682689271663397,167.17057664197495,153.2045193162785,124.53944523588905,185.4679736944938
test,WELD2025:4335,Weld2025,3,0,5.0,2.4640184598335098,2.4450043995682673,2.439085875807643,2.4512970780502954,0.06362745716409468,2.3754584186435483,2.51492453521439,291.08408417093943,278.61493932397553,237.38781258149731,327.28381976231384
test,WELD2025:4335,Weld2025,3,0,6.0,2.223159840528154,2.2237331064823374,2.222222672978809,2.225500014758578,0.07510453044171461,2.1471181425370944,2.300604545200293,167.17057664197495,167.39138644171268,140.31953684360843,199.80416875821908
test,WELD2025:4335,Weld2025,4,0,5.0,2.4640184598335098,2.4672729599867784,2.464671660844228,2.4700048083793136,0.06344506748061451,2.401226593363613,2.533449875859928,291.08408417093943,293.2735930520681,251.89908697029685,341.5465287851593
test,WELD2025:4335,Weld2025,4,0,6.0,2.223159840528154,2.1850893087623615,2.1794300822713093,2.1893294963746346,0.06390925465714714,2.115520827614162,2.2532387510317817,167.17057664197495,153.1402348452552,130.47305385637114,179.15905005019073
test,FatigueData-AM2022:799,AM2022,2,0,6.0,1.6901577126875493,1.6530742562509289,1.6481927633285522,1.6616634042216896,0.07642239093833281,1.5717703723902194,1.7380857951600224,48.995671331908135,44.98567654289318,37.30528587497853,54.71240369312645
test,FatigueData-AM2022:799,AM2022,3,0,6.0,1.6901577126875493,1.65668881992459,1.656559299407801,1.656855366885623,0.07510453044171461,1.5814547689660863,1.7319598973273376,48.995671331908135,45.361647553599276,38.14650632709766,53.94608065034094
test,FatigueData-AM2022:799,AM2022,4,0,6.0,1.6901577126875493,1.6531056319445994,1.6516913079766777,1.6547385222423174,0.06390925465714714,1.5877820533195306,1.7186477768994646,48.995671331908135,44.988926659697114,38.70633520001236,52.31759563979309
test,WELD2025:4473,Weld2025,2,0,6.0,2.3498846346667595,2.2983616717918522,2.2960431938729977,2.3006814509898907,0.07642239093833281,2.219620802934665,2.3771038419282235,223.81265270302094,198.77495865266653,165.81384989150325,238.2889161665287
test,WELD2025:4473,Weld2025,3,0,6.0,2.3498846346667595,2.2997338238104463,2.298367847503769,2.3010479833806343,0.07510453044171461,2.2232633170620546,2.376152513822349,223.81265270302094,199.4039806683917,167.21041203821983,237.7675122595906
test,WELD2025:4473,Weld2025,4,0,6.0,2.3498846346667595,2.2983180944344195,2.2969600606696283,2.299460891068558,0.06390925465714714,2.233050806012481,2.363370145725705,223.81265270302094,198.75501445991728,171.02153732191397,230.8714049015419
test,WELD2025:2307,Weld2025,2,0,5.0,2.4044861578538765,2.378483290783436,2.3768016474581226,2.379979657599374,0.07309786491601589,2.3037037825421067,2.45307752251539,253.79680927299833,239.04699616946252,201.2351225513631,283.8425648413417
test,WELD2025:2307,Weld2025,2,0,6.0,2.237802522735644,2.26022731511222,2.259978362865074,2.2604445318378175,0.07642239093833281,2.183555971926741,2.3368669227761503,172.9029976324156,182.0653561889907,152.60050538552753,217.20355182146068
test,WELD2025:2307,Weld2025,3,0,5.0,2.4044861578538765,2.3724568704961078,2.3712867937287205,2.374299199827203,0.06362745716409468,2.307659336564626,2.437926656991298,253.79680927299833,235.75280597498312,203.07634418736419,274.1111218035918
test,WELD2025:2307,Weld2025,3,0,6.0,2.237802522735644,2.2613695938014375,2.2606801472281113,2.2621639377830784,0.07510453044171461,2.1855756167863967,2.337268468224793,172.9029976324156,182.5448536841956,153.31181205844712,217.40446947956673
test,WELD2025:2307,Weld2025,4,0,5.0,2.4044861578538765,2.389544931390239,2.3890733688899,2.3900609402086994,0.06344506748061451,2.3256283014092856,2.453506007689314,253.79680927299833,245.21381348504408,211.6548874154012,284.1227488024543
test,WELD2025:2307,Weld2025,4,0,6.0,2.237802522735644,2.2601815237942873,2.259909393941024,2.260384493004207,0.06390925465714714,2.196000139283877,2.324293747661354,172.9029976324156,182.04616052003354,157.03633079693662,211.0054864148844
test,WELD2025:3353,Weld2025,2,0,5.0,2.364493771847429,2.700062035328167,2.6947041948152632,2.704082083677623,0.07309786491601589,2.6216063298992474,2.777179948593639,231.46949910806265,501.258829137875,418.4141179638376,598.6595964548724
test,WELD2025:3353,Weld2025,2,0,6.0,2.244778329395123,2.435082903706645,2.4269698337404275,2.441803385809868,0.07642239093833281,2.3505474428020947,2.518225776748201,175.70265715723733,272.32211018714423,224.15449012137154,329.78111098483123
test,WELD2025:3353,Weld2025,3,0,5.0,2.364493771847429,2.7064481078676925,2.7027986124444214,2.7093816713980523,0.06362745716409468,2.6391711552803265,2.7730091285621468,231.46949910806265,508.6840353670926,435.68354256460213,592.9377875809906
test,WELD2025:3353,Weld2025,3,0,6.0,2.244778329395123,2.4343025733698944,2.423568596711566,2.4437095525831127,0.07510453044171461,2.3484640662698513,2.5188140830248273,175.70265715723733,271.833247402917,223.08176209441615,330.2281435213487
test,WELD2025:3353,Weld2025,4,0,5.0,2.364493771847429,2.6652594574051243,2.656647008824815,2.6843711683435547,0.06344506748061451,2.5932019413442005,2.7478162358241693,231.46949910806265,462.6573408736932,391.92407439487,559.5207998795526
test,WELD2025:3353,Weld2025,4,0,6.0,2.244778329395123,2.3291919802152234,2.3006622356787982,2.3642059204347388,0.06390925465714714,2.236752981021651,2.428115175091886,175.70265715723733,213.39880357565693,172.4856545200171,267.98789356864864
test,WELD2025:308,Weld2025,2,0,5.0,1.4339329622706145,1.48769452294064,1.4811047821118997,1.491474066682833,0.07309786491601589,1.4080069171958838,1.5645719315988489,27.160199914268205,30.739338892428567,25.58626638933238,36.69204619411963
test,WELD2025:308,Weld2025,2,0,6.0,1.1831016815473407,1.2070863389952935,1.2026255063469276,1.2112220079125453,0.07642239093833281,1.1262031154085947,1.2876443988508781,15.244096226765313,16.109658680054018,13.372207757904071,19.392973269816647
test,WELD2025:308,Weld2025,3,0,5.0,1.4339329622706145,1.3870730733532284,1.3807556040350368,1.394534145274932,0.06362745716409468,1.3171281468709422,1.4581616024390267,27.160199914268205,24.382210331099504,20.755258506025264,28.718490079155593
test,WELD2025:308,Weld2025,3,0,6.0,1.1831016815473407,1.1820821164044144,1.1793555134487426,1.1853595254937774,0.07510453044171461,1.104250983007028,1.260464055935492,15.244096226765313,15.208350620550888,12.713085945611912,18.21646299631692
test,WELD2025:308,Weld2025,4,0,5.0,1.4339329622706145,1.4579740450793681,1.454952273444693,1.460543932982271,0.06344506748061451,1.3915072059640785,1.5239890004628855,27.160199914268205,28.706090195048,24.632427088700823,33.41865758518081
test,WELD2025:308,Weld2025,4,0,6.0,1.1831016815473407,1.1874310758270266,1.1865708369820447,1.1882792758718292,0.06390925465714714,1.1226615823248975,1.2521885305289764,15.244096226765313,15.396821533012531,13.263605077514544,17.872632710154786
test,WELD2025:5771,Weld2025,2,0,7.0,2.064167345799319,2.0456577132093385,2.0372258617914643,2.0533970821000755,0.17283688789025264,1.8643889739012116,2.226233969990328,115.92239514873415,111.08558672752766,73.17942182586253,168.35808220773671
test,WELD2025:5771,Weld2025,3,0,7.0,2.064167345799319,2.0449685369169437,2.04448001838331,2.0455728749320325,0.10188500503614173,1.9425950133471683,2.147457879968174,115.92239514873415,110.90944624218714,87.61833848400288,140.4293481629793
test,WELD2025:5771,Weld2025,4,0,7.0,2.064167345799319,2.046771024482045,2.0463616712060424,2.047230603888625,0.11888132054548817,1.9274803506605542,2.166111924434113,115.92239514873415,111.37071926759262,84.62142815885453,146.59255840727022
test,WELD2025:2057,Weld2025,2,0,6.0,2.3444943260393765,2.3763707556902753,2.373544379721517,2.378949434424255,0.07642239093833281,2.2971219887831844,2.455371825362588,221.05193761677128,237.88702532838604,198.20836942244793,285.3460239193567
test,WELD2025:2057,Weld2025,3,0,6.0,2.3444943260393765,2.3714673139034845,2.3700728699095093,2.3728653051091775,0.07510453044171461,2.2949683394677947,2.447969835550892,221.05193761677128,235.21624570562918,197.22789496290582,280.52387899281996
test,WELD2025:2057,Weld2025,4,0,6.0,2.3444943260393765,2.3667119166904236,2.365611091389965,2.367940173283942,0.06390925465714714,2.3017018367328177,2.431849427941089,221.05193761677128,232.65474622289432,200.3096336814421,270.30210507779606
test,WELD2025:2775,Weld2025,2,0,5.0,2.490737097179057,2.4860929641550147,2.480809065425203,2.492079353172213,0.07309786491601589,2.407711200509187,2.565177218088229,309.55448249181984,306.261894124011,255.68850302251496,367.43220419653693
test,WELD2025:2775,Weld2025,2,0,6.0,2.2533863234243254,2.247050271255529,2.2448406862936023,2.2496479210632203,0.07642239093833281,2.1684182953552695,2.326070312001553,179.2199382797678,176.62422581838135,147.37312590344328,211.87041243387114
test,WELD2025:2775,Weld2025,3,0,5.0,2.490737097179057,2.496664737891839,2.495600569175532,2.497715764465599,0.06362745716409468,2.4319731120114376,2.561343221629694,309.55448249181984,313.80852523798546,270.37909621407726,364.2027507665053
test,WELD2025:2775,Weld2025,3,0,6.0,2.2533863234243254,2.2278807525635442,2.2252738859037957,2.230609357127813,0.07510453044171461,2.150169355462081,2.3057138875695276,179.2199382797678,168.99768385365036,141.30884786257315,202.1686856163778
test,WELD2025:2775,Weld2025,4,0,5.0,2.490737097179057,2.4862949490808353,2.4862949490808353,2.4862949490808353,0.06344506748061451,2.4228498816002206,2.54974001656145,309.55448249181984,306.4043658246593,264.7584815221789,354.6010494419118
test,WELD2025:2775,Weld2025,4,0,6.0,2.2533863234243254,2.2393712470614036,2.237239481817524,2.2423999517592894,0.06390925465714714,2.1733302271603767,2.3063092064164366,179.2199382797678,173.52867355227625,149.04939829959508,202.446002877034
test,WELD2025:1730,Weld2025,2,0,5.0,2.8009295190267833,2.759235419993749,2.7573803639630228,2.760948386826075,0.07309786491601589,2.684282499047007,2.834046251742091,632.309226572152,574.4277605064974,483.3731234273234,682.4113661077847
test,WELD2025:1730,Weld2025,3,0,5.0,2.8009295190267833,2.752483124114219,2.7492050299198962,2.7558233661200866,0.06362745716409468,2.6855775727558013,2.819450823284181,632.309226572152,565.5657798148821,484.81670181811455,659.8585118962811
test,WELD2025:1730,Weld2025,4,0,5.0,2.8009295190267833,2.7468782316114373,2.7451102427462093,2.7498642117846535,0.06344506748061451,2.6816651752655947,2.813309279265268,632.309226572152,558.3136316538443,480.46878223600976,650.5928397822343
test,WELD2025:4890,Weld2025,2,0,5.0,2.5417971937192543,2.53786609441468,2.5357829304651944,2.540591383476725,0.07309786491601589,2.4626850655491785,2.613689248392741,348.1746868978175,345.03733791441874,290.19175269776775,410.8556355410409
test,WELD2025:4890,Weld2025,2,0,6.0,2.414080033788238,2.414629505265407,2.4135849589463283,2.4160090758476476,0.07642239093833281,2.3371625680079955,2.4924314667859804,259.4657473497883,259.79423242379875,217.35146311037985,310.7645466535763
test,WELD2025:4890,Weld2025,3,0,5.0,2.5417971937192543,2.5399615530678763,2.5368112904569977,2.542212430742661,0.06362745716409468,2.473183833292903,2.6058398879067557,348.1746868978175,346.7061561226484,297.2924179864213,403.4966077548031
test,WELD2025:4890,Weld2025,3,0,6.0,2.414080033788238,2.4129815893129205,2.412300892935282,2.413373686947157,0.07510453044171461,2.337196362493567,2.4884782173888715,259.4657473497883,258.8103197507425,217.3683769027095,307.94858819628644
test,WELD2025:4890,Weld2025,4,0,5.0,2.5417971937192543,2.5424546072186045,2.541983310866122,2.542959845270314,0.06344506748061451,2.478538243385507,2.6064049127509286,348.1746868978175,348.7021356245663,300.9804196496468,404.02190565387787
test,WELD2025:4890,Weld2025,4,0,6.0,2.414080033788238,2.414070785547456,2.4124273690737,2.4157610524176576,0.06390925465714714,2.348518114416553,2.4796703070748047,259.4657473497883,259.4602221215001,223.1095264492422,301.76600060714844
test,WELD2025:3273,Weld2025,2,0,6.0,2.574234542292326,2.58387545872535,2.5805174754009483,2.5861298062985765,0.07642239093833281,2.5040950844626155,2.6625521972369093,375.1755624517539,383.59722673732887,319.2236687108389,459.7822457852077
test,WELD2025:3273,Weld2025,3,0,6.0,2.574234542292326,2.607363293965302,2.606225784839435,2.610225417673165,0.07510453044171461,2.5311212543977204,2.68532994811488,375.1755624517539,404.91446720031365,339.72010871883293,484.540349371532
test,WELD2025:3273,Weld2025,4,0,6.0,2.574234542292326,2.606471135462509,2.605823097586513,2.607092807315472,0.06390925465714714,2.541913842929366,2.671002061972619,375.1755624517539,404.08351699647733,348.26821734497327,468.8156080143301
test,WELD2025:699,Weld2025,2,0,6.0,2.914532175368242,2.9069978351165284,2.9037338315416807,2.910267930541792,0.07642239093833281,2.827311440603348,2.9866903214801246,821.3574020947594,807.2310063307553,671.9105196569404,969.8181809707494
test,WELD2025:699,Weld2025,3,0,6.0,2.914532175368242,2.9056655018431794,2.902697131012293,2.9080584032774985,0.07510453044171461,2.8275926005705783,2.983162933719213,821.3574020947594,804.7583691153809,672.345651835306,961.9731129457153
test,WELD2025:699,Weld2025,4,0,6.0,2.914532175368242,2.901270251174526,2.899121637868005,2.9050013982270753,0.06390925465714714,2.835212383210858,2.9689106528842224,821.3574020947594,796.6549357121758,684.2461826706673,930.9163389650503
test,WELD2025:1625,Weld2025,2,0,6.0,2.245627931568825,2.224158891953327,2.221929480410848,2.226155357502899,0.07642239093833281,2.145507089472515,2.302577748441232,176.04671740941038,167.55557864977334,139.7999736243203,200.71403809483823
test,WELD2025:1625,Weld2025,2,0,7.0,2.2183430023325714,2.2068259716033936,2.2068259716033936,2.2068259716033936,0.17283688789025264,2.033989083713141,2.379662859493646,165.326701989612,161.00003542992346,108.14067690624773,239.69714403497548
test,WELD2025:1625,Weld2025,3,0,6.0,2.245627931568825,2.2252653872345345,2.217031501290379,2.2334588681300493,0.07510453044171461,2.1419269708486643,2.308563398571764,176.04671740941038,167.98302096342212,138.6522657392361,203.49952440078016
test,WELD2025:1625,Weld2025,3,0,7.0,2.2183430023325714,2.2068259716033936,2.2068259716033936,2.2068259716033936,0.10188500503614173,2.104940966567252,2.308710976639535,165.326701989612,161.00003542992346,127.33299861413826,203.56868754018726
test,WELD2025:1625,Weld2025,4,0,6.0,2.245627931568825,2.232713411018622,2.230585845127967,2.235685485119992,0.06390925465714714,2.16667659047082,2.299594739777139,176.04671740941038,170.8887255892531,146.78328078108075,199.34013120544216
test,WELD2025:1625,Weld2025,4,0,7.0,2.2183430023325714,2.2079608892975138,2.207905524031815,2.2080123556075164,0.11888132054548817,2.0890242034863267,2.326893676153005,165.326701989612,161.42131811495256,122.75076389732247,212.27247135420612
test,WELD2025:2052,Weld2025,2,0,5.0,2.0367318321827996,1.9058342474168943,1.8947141165019807,1.9127717431857516,0.07309786491601589,1.8216162515859649,1.9858696081017675,108.82579091818415,80.50711195745211,66.31568371854999,96.79871856645437
test,WELD2025:2052,Weld2025,2,0,6.0,1.873820717419224,1.8388490676879883,1.8388490676879883,1.8388490676879883,0.07642239093833281,1.7624266767496555,1.915271458626321,74.78607098582667,68.99999633797009,57.86642824611291,82.27567587878035
test,WELD2025:2052,Weld2025,3,0,5.0,2.0367318321827996,1.9334061480437132,1.9256323553140147,1.9427652337726284,0.06362745716409468,1.86200489814992,2.006392690936723,108.82579091818415,85.78397137136609,72.77880127799459,101.48285833730239
test,WELD2025:2052,Weld2025,3,0,6.0,1.873820717419224,1.8388490676879883,1.8388490676879883,1.8388490676879883,0.07510453044171461,1.7637445372462737,1.913953598129703,74.78607098582667,68.99999633797009,58.04228979844326,82.02638991626378
test,WELD2025:2052,Weld2025,4,0,5.0,2.0367318321827996,1.9424346317272687,1.9333965380976899,1.9488472048069059,0.06344506748061451,1.8699514706170755,2.0122922722875205,108.82579091818415,87.58598767770118,74.12274096736607,102.8708367246747
test,WELD2025:2052,Weld2025,4,0,6.0,1.873820717419224,1.8388490676879883,1.8388490676879883,1.8388490676879883,0.06390925465714714,1.7749398130308411,1.9027583223451354,74.78607098582667,68.99999633797009,59.5579599042615,79.9389284369901
test,FatigueData-AM2022:1134,AM2022,2,0,5.0,2.479154502819477,2.447091041769574,2.445267772008692,2.4482343447098787,0.07309786491601589,2.372169907092676,2.5213322096258945,301.4078109511704,279.956813557242,235.59708195733702,332.14843433464114
test,FatigueData-AM2022:1134,AM2022,3,0,5.0,2.479154502819477,2.5277317377631414,2.5265735179344944,2.5287310946733905,0.06362745716409468,2.4629460607704,2.592358551837485,301.4078109511704,337.07903175836856,290.3661998217852,391.1637057549549
test,FatigueData-AM2022:1134,AM2022,4,0,5.0,2.479154502819477,2.458965332797077,2.4567672683376975,2.461305305981243,0.06344506748061451,2.393322200857083,2.5247503734618575,301.4078109511704,287.71687379202575,247.3558584926624,334.7729609194019
test,WELD2025:923,Weld2025,2,0,7.0,1.8939481119258352,1.8825840204954147,1.881523609161377,1.885293960571289,0.17283688789025264,1.7086867212711243,2.0581308484615417,78.33360467644341,76.31045103921873,51.13128664659256,114.32227241576936
test,WELD2025:923,Weld2025,3,0,7.0,1.8939481119258352,1.8818028894695287,1.8805786773434816,1.8847639745470834,0.10188500503614173,1.7786936723073399,1.9866489795832252,78.33360467644341,76.17332084528815,60.07498517560552,96.97258652342263
test,WELD2025:923,Weld2025,4,0,7.0,1.8939481119258352,1.8792849630117416,1.8777532577514648,1.881523609161377,0.11888132054548817,1.7588719372059767,2.000404929706865,78.33360467644341,75.73296550801533,57.39471942973843,100.09328199128562
test,FatigueData-AM2022:754,AM2022,2,0,5.0,2.382986613176825,2.395654747853472,2.3916438633075434,2.4019306209795457,0.07309786491601589,2.3185459983915275,2.4750284858955616,241.53863807042833,248.68795315396736,208.23129421546741,298.55784401638624
test,FatigueData-AM2022:754,AM2022,2,0,6.0,2.133135020158831,2.156190350651741,2.156620502471924,2.156620502471924,0.07642239093833281,2.080198111533591,2.2330428934102566,135.87358056475608,143.28157627720506,120.2812995086859,171.0184214336731
test,FatigueData-AM2022:754,AM2022,3,0,5.0,2.382986613176825,2.376342027583801,2.372034018762686,2.3816151367830627,0.06362745716409468,2.3084065615985914,2.4452425939471576,241.53863807042833,237.87128988147174,203.42604778869494,278.767791173929
test,FatigueData-AM2022:754,AM2022,3,0,6.0,2.133135020158831,2.137655967855225,2.136954951956982,2.1382748858908798,0.07510453044171461,2.0618504215152673,2.2133794163325944,135.87358056475608,137.29539404110741,115.305605709749,163.44792681613885
test,FatigueData-AM2022:754,AM2022,4,0,5.0,2.382986613176825,2.418254084697238,2.4166940224888616,2.419434534008899,0.06344506748061451,2.353248955008247,2.482879601489514,241.53863807042833,261.9715228642189,225.55318028901436,304.0042124606743
test,FatigueData-AM2022:754,AM2022,4,0,6.0,2.133135020158831,2.1527491360902786,2.142855644226074,2.156620502471924,0.06390925465714714,2.078946389568927,2.220529757129071,135.87358056475608,142.1507436767677,119.93512430000399,166.16125247680029
test,FatigueData-AM2022:125,AM2022,2,0,6.0,2.4241480639627286,2.4143276230473925,2.413637136522831,2.4150454289317436,0.07642239093833281,2.337214745584498,2.4914678198700764,265.55107506078355,259.61370973487055,217.37757800329067,310.075762167091
test,FatigueData-AM2022:125,AM2022,3,0,6.0,2.4241480639627286,2.4133444156200543,2.413166276588132,2.4135187486188108,0.07510453044171461,2.3380617461464173,2.4886232790605254,265.55107506078355,259.0266301865692,217.80194118981203,308.0514653918358
test,FatigueData-AM2022:125,AM2022,4,0,6.0,2.4241480639627286,2.4107365999275454,2.4097425403418926,2.411565418244731,0.06390925465714714,2.3458332856847455,2.475474672901878,265.55107506078355,257.47590891833755,221.734507551091,298.86473505429035
test,FatigueData-AM2022:6,AM2022,2,0,5.0,2.445390755415518,2.4481558762950044,2.4409594055119097,2.454935206352017,0.07309786491601589,2.367861540595894,2.528033071268033,278.86291025345645,280.64407405206,233.27142404527936,337.31299386595623
test,FatigueData-AM2022:6,AM2022,3,0,5.0,2.445390755415518,2.455137739481389,2.4513663364891096,2.458280030760862,0.06362745716409468,2.387738879325015,2.521907487924957,278.86291025345645,285.1922630957619,244.19618753527854,332.588698725797
test,FatigueData-AM2022:6,AM2022,4,0,5.0,2.445390755415518,2.4430241918850015,2.441194849807454,2.444729843905592,0.06344506748061451,2.3777497823268394,2.5081749113862064,278.86291025345645,277.34745936276676,238.64359476857376,322.236633269968
test,WELD2025:4401,Weld2025,2,0,5.0,1.7823770469890219,1.8129132986068726,1.8129132986068726,1.8129132986068726,0.07309786491601589,1.7398154336908567,1.8860111635228884,60.586664947640756,64.99999131386927,54.930737979785135,76.91502110089814
test,WELD2025:4401,Weld2025,3,0,5.0,1.7823770469890219,1.8129132986068726,1.8129132986068726,1.8129132986068726,0.06362745716409468,1.7492858414427779,1.8765407557709672,60.586664947640756,64.99999131386927,56.14173649083482,75.2559349761619
test,WELD2025:4401,Weld2025,4,0,5.0,1.7823770469890219,1.8129132986068726,1.8129132986068726,1.8129132986068726,0.06344506748061451,1.749468231126258,1.8763583660874872,60.586664947640756,64.99999131386927,56.1653191621392,75.22433654487509
test,WELD2025:5751,Weld2025,2,0,6.0,2.2418071564549344,2.4032811468130975,2.401787988112378,2.4047896802993907,0.07642239093833281,2.325365597174045,2.4812120712377235,174.5047112456618,253.0935904184197,211.52689633088434,302.83918674055155
test,WELD2025:5751,Weld2025,3,0,6.0,2.2418071564549344,2.391888501272966,2.387759124692725,2.3942232785221655,0.07510453044171461,2.3126545942510104,2.46932780896388,174.5047112456618,246.54062991337142,205.42561425234203,294.6644945883553
test,WELD2025:5751,Weld2025,4,0,6.0,2.2418071564549344,2.3334136732419326,2.3269241400274736,2.3442234698254283,0.06390925465714714,2.2630148853703265,2.4081327244825754,174.5047112456618,215.48332746419243,183.2377225716156,255.93679343363493
test,WELD2025:2547,Weld2025,2,0,6.0,2.05599848175874,1.890426602405345,1.8880561161061522,1.8921183189413247,0.07642239093833281,1.8116337251678194,1.9685407098796575,113.76233088222553,77.700998973902,64.80876195268618,93.01236985676258
test,WELD2025:2547,Weld2025,3,0,6.0,2.05599848175874,1.8854884146022002,1.8811129487058669,1.8897399052020063,0.07510453044171461,1.8060084182641523,1.964844435643721,113.76233088222553,76.82249619569923,63.974723607545435,92.2241021094063
test,WELD2025:2547,Weld2025,4,0,6.0,2.05599848175874,1.909398731222384,1.9084812655320489,1.9100590040108647,0.06390925465714714,1.8445720108749017,1.9739682586680118,113.76233088222553,81.17059532904482,69.91526544690925,94.18207590424791
test,WELD2025:4302,Weld2025,2,0,5.0,2.5872534916303382,2.610634755793643,2.6071334907219423,2.6139935605284674,0.07309786491601589,2.5340356258059265,2.6870914254444833,386.5925598968279,407.9761316938641,342.00749673377794,486.5096124176795
test,WELD2025:4302,Weld2025,3,0,5.0,2.5872534916303382,2.5921564914120028,2.589392134400933,2.5944361589885134,0.06362745716409468,2.5257646772368387,2.6580636161526083,386.5925598968279,390.98175474213804,335.5557438639388,455.05471241275086
test,WELD2025:4302,Weld2025,4,0,5.0,2.5872534916303382,2.6422912784756045,2.638925422682758,2.6450230724968193,0.06344506748061451,2.5754803552021435,2.708468139977434,386.5925598968279,438.8249161070665,376.25333250780614,511.0555864132735
test,WELD2025:1537,Weld2025,2,0,5.0,2.5218979149223353,2.5633063912111895,2.5602059330151987,2.5658517609734983,0.07309786491601589,2.487108068099183,2.638949625889514,332.5813676692736,365.8528067567998,306.97857665526885,435.4613612985267
test,WELD2025:1537,Weld2025,2,0,6.0,2.3759939392713965,2.3047080623853953,2.2988531589508057,2.3116915173783203,0.07642239093833281,2.222430768012473,2.388113908316653,237.68071172340694,201.70100511225735,166.89017421347725,244.40715084882945
test,WELD2025:1537,Weld2025,3,0,5.0,2.5218979149223353,2.5369321267896416,2.534173110085778,2.538957213183023,0.06362745716409468,2.4705456529216834,2.6025846703471176,332.5813676692736,344.29611863812625,295.4919492513418,400.4835392626978
test,WELD2025:1537,Weld2025,3,0,6.0,2.3759939392713965,2.2999162181077657,2.2988531589508057,2.303778942086862,0.07510453044171461,2.223748628509091,2.378883472528577,237.68071172340694,199.48774361924677,167.39736924858528,239.26736814224654
test,WELD2025:1537,Weld2025,4,0,5.0,2.5218979149223353,2.577189987251339,2.573148879437042,2.5818694824761907,0.06344506748061451,2.5097038119564274,2.6453145499568054,332.5813676692736,377.7374004743179,323.3730418846117,441.89038297931273
test,WELD2025:1537,Weld2025,4,0,6.0,2.3759939392713965,2.3089510601523955,2.3022609360695014,2.318767525708366,0.06390925465714714,2.2383516814123543,2.382676780365513,237.68071172340694,203.68125401082406,173.12176909464193,241.366381894238
test,FatigueData-AM2022:842,AM2022,2,0,5.0,2.1758822613798467,2.1062990186782224,2.104083532707891,2.108133569583857,0.07309786491601589,2.030985667791875,2.181231434499873,149.92783212631664,127.73179599117357,107.39539700631622,151.78590154480156
test,FatigueData-AM2022:842,AM2022,3,0,5.0,2.1758822613798467,2.1553477642372094,2.1505527601305876,2.160252145471491,0.06362745716409468,2.0869253029664927,2.223879602635586,149.92783212631664,143.0038613225065,122.15895332445369,167.44786040488583
test,FatigueData-AM2022:842,AM2022,4,0,5.0,2.1758822613798467,2.1153834159010354,2.1118937358799696,2.119729972400599,0.06344506748061451,2.048448668399355,2.1831750398812138,149.92783212631664,130.43177843017722,111.8017672252596,152.46671382561917
test,WELD2025:4237,Weld2025,2,0,6.0,2.480173868097794,2.466833715938284,2.4665756332671727,2.467071977653262,0.07642239093833281,2.39015324232884,2.543494368591595,302.11609883123407,292.9771270267104,245.55752211527968,349.5379771812043
test,WELD2025:4237,Weld2025,3,0,6.0,2.480173868097794,2.471770656284088,2.4709045327401116,2.472480808938073,0.07510453044171461,2.395800002298397,2.5475853393797876,302.11609883123407,296.32661245518153,248.77114341689105,352.84611448632296
test,WELD2025:4237,Weld2025,4,0,6.0,2.480173868097794,2.4721021879707745,2.470294916705953,2.4734962555600415,0.06390925465714714,2.4063856620488058,2.5374055102171886,302.11609883123407,296.5529086047573,254.909289246814,344.67160794915816
test,FatigueData-AM2022:668,AM2022,2,0,5.0,2.4917229548862108,2.5058391720708624,2.50445975434642,2.5073949163049685,0.07309786491601589,2.4313618894304043,2.5804927812209844,310.2579759187254,320.5082198696099,269.9988344875517,380.6210309218193
test,FatigueData-AM2022:668,AM2022,3,0,5.0,2.4917229548862108,2.5012554857581346,2.499342206683513,2.5036206683850906,0.06362745716409468,2.435714749519418,2.5672481255491855,310.2579759187254,317.1432597449489,272.71859418642833,369.1884668438918
test,FatigueData-AM2022:668,AM2022,4,0,5.0,2.4917229548862108,2.497846454727937,2.4954732615290345,2.500225842933998,0.06344506748061451,2.43202819404842,2.5636709104146127,310.2579759187254,314.6635621073889,270.4133908608827,366.1600092703563
test,WELD2025:2073,Weld2025,2,0,5.0,2.172495674311009,2.156231788243905,2.154038595784267,2.158259832126179,0.07309786491601589,2.0809407308682513,2.2313576970421947,148.76325567882645,143.29524793785382,120.48714976639377,170.35610310929303
test,WELD2025:2073,Weld2025,3,0,5.0,2.172495674311009,2.1749487623136075,2.1729032702241557,2.176601557820149,0.06362745716409468,2.1092758130600613,2.2402290149842434,148.76325567882645,149.6059141921832,128.61031829561057,173.87174588190356
test,WELD2025:2073,Weld2025,4,0,5.0,2.172495674311009,2.147965896574121,2.147017036614413,2.148905330201701,0.06344506748061451,2.083571969133798,2.212350397682316,148.76325567882645,140.59371171206922,121.2193550852041,163.06111124920486
test,FatigueData-AM2022:807,AM2022,2,0,5.0,2.1535148970695723,2.2998671116094345,2.2942349640056134,2.3057145979148763,0.07309786491601589,2.2211370990895976,2.378812462830892,142.40160920814276,199.46518843804162,166.39378432273946,239.2282497208666
test,FatigueData-AM2022:807,AM2022,3,0,5.0,2.1535148970695723,2.1486337055958313,2.1474590756003513,2.149758250270302,0.06362745716409468,2.083831618436257,2.213385707434397,142.40160920814276,140.81006714953077,121.29184951681853,163.45029450681315
test,FatigueData-AM2022:807,AM2022,4,0,5.0,2.1535148970695723,2.244903194872706,2.2420071995583655,2.2453890306149216,0.06344506748061451,2.178562132077751,2.308834098095536,142.40160920814276,175.75318128619,150.8558416101735,203.6264069617605
test,WELD2025:3830,Weld2025,2,0,5.0,2.0523904945031988,2.091012078322048,2.0897691707607553,2.0922767239951647,0.07309786491601589,2.0166713058447394,2.1653745889111806,112.82114279723997,123.31391280335319,103.91334039051799,146.34388797166164
test,WELD2025:3830,Weld2025,3,0,5.0,2.0523904945031988,2.0815873837832477,2.080847344259058,2.087715486260827,0.06362745716409468,2.0172198870949636,2.151342943424922,112.82114279723997,120.66668555173999,104.04468198187155,141.69122121323954
test,WELD2025:3830,Weld2025,4,0,5.0,2.0523904945031988,2.0852587368096773,2.0806296419791233,2.0875086677722563,0.06344506748061451,2.0171845744985086,2.150953735252871,112.82114279723997,121.6910775776124,104.0362224258451,141.56429655783836
test,FatigueData-AM2022:1574,AM2022,2,0,6.0,2.3676246630988373,2.364839119609492,2.363628032785482,2.3660711311244964,0.07642239093833281,2.2872056418471494,2.442493522062829,233.14422536617414,231.6536351450267,193.73390920673688,277.0087720222814
test,FatigueData-AM2022:1574,AM2022,3,0,6.0,2.3676246630988373,2.368781606202601,2.367736162773628,2.3701261730315384,0.07510453044171461,2.2926316323319136,2.445230703473253,233.14422536617414,233.76614025414452,196.16956648297884,278.7601589430145
test,FatigueData-AM2022:1574,AM2022,4,0,6.0,2.3676246630988373,2.374237942888849,2.373468069619832,2.374887346699618,0.06390925465714714,2.309558814962685,2.4387966013567652,233.14422536617414,236.72163016008176,203.96648654902208,274.6607498301004
test,WELD2025:4426,Weld2025,2,0,5.0,2.673369757400071,2.6868762753965525,2.68262633307908,2.692241556296542,0.07309786491601589,2.609528468163064,2.7653394212125577,471.3784862420517,486.2686546169023,406.9382078841769,582.5583361677285
test,WELD2025:4426,Weld2025,2,0,6.0,2.529745736411719,2.501062390835881,2.4976638029257043,2.5049125861191177,0.07642239093833281,2.4212414119873715,2.5813349770574505,338.6458332983693,317.0022836475266,263.779725506517,381.3598578671706
test,WELD2025:4426,Weld2025,2,0,7.0,2.467493381978397,2.447158098220825,2.447158098220825,2.447158098220825,0.17283688789025264,2.2743212103305726,2.619994986111078,293.4224790260961,280.00004311823403,188.0707300202038,416.86457078031583
test,WELD2025:4426,Weld2025,3,0,5.0,2.673369757400071,2.6836322104947956,2.67961392549521,2.6881299753193892,0.06362745716409468,2.6159864683311156,2.751757432483484,471.3784862420517,482.6498888309252,413.03463253132577,564.6215273395386
test,WELD2025:4426,Weld2025,3,0,6.0,2.529745736411719,2.4854416609707624,2.478656914384162,2.4907694109803,0.07510453044171461,2.4035523839424475,2.5658739414220144,338.6458332983693,305.8029432054299,253.25170852330416,368.022135810996
test,WELD2025:4426,Weld2025,3,0,7.0,2.467493381978397,2.4601749777793884,2.4551684856414795,2.463178873062134,0.10188500503614173,2.353283480605338,2.5650638780982753,293.4224790260961,288.51937170692537,225.5711120567392,367.33632609902526
test,WELD2025:4426,Weld2025,4,0,5.0,2.673369757400071,2.6704627918454147,2.6688037735297505,2.671727551787375,0.06344506748061451,2.605358706049136,2.7351726192679897,471.3784862420517,468.233833748498,403.0497963475061,543.4663004200388
test,WELD2025:4426,Weld2025,4,0,6.0,2.529745736411719,2.513833572190495,2.5122927971281266,2.515516025520676,0.06390925465714714,2.4483835424709794,2.5794252801778232,338.6458332983693,326.4627030568703,280.79123206534376,379.6866087455711
test,WELD2025:4426,Weld2025,4,0,7.0,2.467493381978397,2.464005524013926,2.4629204833558402,2.46505351246616,0.11888132054548817,2.3440391628103523,2.5839348330116483,293.4224790260961,291.07541412037216,220.82038503762658,383.64967356655114
test,WELD2025:3335,Weld2025,2,0,5.0,2.472028091345576,2.524194488476968,2.5223235550340375,2.52607863934393,0.07309786491601589,2.4492256901180216,2.5991765042599457,296.50231690662235,334.3447348597524,281.3362472629148,397.3530073084198
test,WELD2025:3335,Weld2025,2,0,6.0,2.389802316500674,2.4088905040331747,2.4075478580202514,2.410202446156257,0.07642239093833281,2.3311254670819186,2.4866248370945896,245.35918279825262,256.3837550606893,214.35097687183216,306.6371975349258
test,WELD2025:3335,Weld2025,3,0,5.0,2.472028091345576,2.512777321672894,2.5093553940607234,2.5158189933008726,0.06362745716409468,2.4457279368966285,2.5794464504649675,296.50231690662235,325.66967568517134,279.07950043223906,379.7051175472797
test,WELD2025:3335,Weld2025,3,0,6.0,2.389802316500674,2.3936956291462756,2.3923509086627006,2.395121604115754,0.07510453044171461,2.317246378220986,2.4702261345574685,245.35918279825262,247.56863899608925,207.60909639970973,295.27463039223625
test,WELD2025:3335,Weld2025,4,0,5.0,2.472028091345576,2.4934460794283257,2.4923729995409056,2.494570632918907,0.06344506748061451,2.428927932060291,2.5580157003995216,296.50231690662235,311.4914134490866,268.4898869687925,361.4229283865639
test,WELD2025:3335,Weld2025,4,0,6.0,2.389802316500674,2.3986196546219976,2.397386840394623,2.4035358108873224,0.06390925465714714,2.3334775857374757,2.4674450655444695,245.35918279825262,250.39154194865824,215.51504117736746,293.3898367987162
test,WELD2025:4240,Weld2025,2,0,5.0,2.551079084027707,2.5444281467167587,2.5440729208649033,2.5447447762973856,0.07309786491601589,2.4709750559488874,2.6178426412134015,355.6960841119649,350.2903285680599,295.78425756173357,414.80371874295594
test,WELD2025:4240,Weld2025,3,0,5.0,2.551079084027707,2.5448137391619987,2.544419415237603,2.545093762654224,0.06362745716409468,2.4807919580735085,2.6087212198183183,355.6960841119649,350.6014752415586,302.54637801750107,406.18251077934804
test,WELD2025:4240,Weld2025,4,0,5.0,2.551079084027707,2.5438351902836516,2.5435033272288363,2.5441427209609766,0.06344506748061451,2.4800582597482217,2.6075877884415912,355.6960841119649,349.8123920930852,302.0356868143567,405.1238287355719
test,WELD2025:4822,Weld2025,2,0,5.0,1.2763983179263851,1.4084300606947961,1.3993083142347154,1.4178381724590583,0.07309786491601589,1.3262104493186995,1.4909360373750742,18.897237352951862,25.61120784907183,21.19387894067402,30.969631467937027
test,WELD2025:4822,Weld2025,3,0,5.0,1.2763983179263851,1.414638087185536,1.4019760256051583,1.4245933627947966,0.06362745716409468,1.3383485684410636,1.4882208199588913,18.897237352951862,25.97993661647836,21.79458322325551,30.77661274612599
test,WELD2025:4822,Weld2025,4,0,5.0,1.2763983179263851,1.4899232593738825,1.478336884472902,1.5016792321840304,0.06344506748061451,1.4148918169922875,1.565124299664645,18.897237352951862,30.897494199231268,25.995119425724038,36.73874356137785
test,WELD2025:2722,Weld2025,2,0,6.0,2.167652717030481,1.9791921105528514,1.9742711400650308,1.9845665751457093,0.07642239093833281,1.897848749126698,2.060988966084042,147.113564041881,95.3217727492368,79.04033078759105,115.07711514707805
test,WELD2025:2722,Weld2025,3,0,6.0,2.167652717030481,1.9815647702564108,1.9771911849870252,1.9865526674171978,0.07510453044171461,1.9020866545453106,2.0616571978589127,147.113564041881,95.8439646404071,79.81539266063609,115.25431605236997
test,WELD2025:2722,Weld2025,4,0,6.0,2.167652717030481,1.9876629798753902,1.982637722075965,1.992471639964466,0.06390925465714714,1.9187284674188179,2.056380894621613,147.113564041881,97.19926477136681,82.93320846775391,113.86254707105844
test,WELD2025:4628,Weld2025,2,0,5.0,2.095066927630358,2.2367361855296757,2.2330753089023334,2.2408923652200636,0.07309786491601589,2.1599774439863175,2.3139902301360795,124.47064144206617,172.4789841027536,144.53647006864247,206.0583557978283
test,WELD2025:4628,Weld2025,2,0,6.0,1.8980541966299536,2.0351525149130496,2.0304543673704005,2.038629744625396,0.07642239093833281,1.9540319764320677,2.1150521355637286,79.07773048025916,108.4307632765921,89.956381258618,130.33232285470706
test,WELD2025:4628,Weld2025,3,0,5.0,2.095066927630358,2.2389995572494996,2.2357799610079225,2.241776421837816,0.06362745716409468,2.1721525038438276,2.3054038790019105,124.47064144206617,173.380223019266,148.64575247856067,202.02442483583292
test,WELD2025:4628,Weld2025,3,0,6.0,1.8980541966299536,2.026028082655041,2.02149308939476,2.031862072951709,0.07510453044171461,1.9463885589530454,2.1069666033934236,79.07773048025916,106.17642115227409,88.38703367665418,127.92829254005356
test,WELD2025:4628,Weld2025,4,0,5.0,2.095066927630358,2.1614796625532797,2.1614796625532797,2.1614796625532797,0.06344506748061451,2.098034595072665,2.2249247300338943,124.47064144206617,145.03728536370488,125.32410017606558,167.8513080574281
test,WELD2025:4628,Weld2025,4,0,6.0,1.8980541966299536,2.005185286580457,2.002634756921117,2.0084122264735638,0.06390925465714714,1.9387255022639698,2.072321481130711,79.07773048025916,101.20111246915475,86.84113725629885,118.11946768954446
test,WELD2025:3532,Weld2025,2,0,5.0,2.277834739412159,2.290133192852095,2.28284978550263,2.3031959533691406,0.07309786491601589,2.2097519205866143,2.3762938182851565,189.59843115247293,195.04426851644277,162.08839451195,237.84488620362745
test,WELD2025:3532,Weld2025,3,0,5.0,2.277834739412159,2.3031959533691406,2.3031959533691406,2.3031959533691406,0.06362745716409468,2.239568496205046,2.366823410533235,189.59843115247293,200.999951843002,173.60750521565845,232.71448196149288
test,WELD2025:3532,Weld2025,4,0,5.0,2.277834739412159,2.2738255147898276,2.2737115773101686,2.273970312271023,0.06344506748061451,2.210266509829554,2.3374153797516377,189.59843115247293,187.85619208975498,162.28056453078935,217.4780246975934
test,WELD2025:2062,Weld2025,2,0,6.0,2.224464098045453,2.2761432353479347,2.2747779839280433,2.2775786054646403,0.07642239093833281,2.1983555929897105,2.354000996402973,167.6733718960798,188.86141331954536,157.89035201368364,225.94409540563598
test,WELD2025:2062,Weld2025,3,0,6.0,2.224464098045453,2.239743388833904,2.2365964861717114,2.243339720439251,0.07510453044171461,2.1614919557299968,2.3184442508809657,167.6733718960798,173.67743193281777,145.0413908596034,208.18251502297792
test,WELD2025:2062,Weld2025,4,0,6.0,2.224464098045453,2.2766012480535736,2.274673128080928,2.278161875532451,0.06390925465714714,2.210763873423781,2.342071130189598,167.6733718960798,189.0606941279858,162.46651826194397,219.82198750393795
test,WELD2025:5773,Weld2025,2,0,5.0,2.1012798484801456,2.124615837463179,2.1223295919070964,2.1268280583710086,0.07309786491601589,2.0492317269910805,2.1999259232870245,126.26408866545975,133.23423647621223,112.00353425664335,158.4622883555695
test,WELD2025:5773,Weld2025,2,0,6.0,1.890089554931378,1.8829954181209347,1.8808135986328125,1.8891444893226401,0.07642239093833281,1.8043912076944797,1.965566880260973,77.6407201382476,76.38277250255557,63.736939774411574,92.37764367207693
test,WELD2025:5773,Weld2025,3,0,5.0,2.1012798484801456,2.125985259748583,2.1245928821440274,2.1279038184709473,0.06362745716409468,2.0609654249799325,2.1915312756350422,126.26408866545975,133.65501523513262,115.0708775156087,155.42872184416217
test,WELD2025:5773,Weld2025,3,0,6.0,1.890089554931378,1.8877091737878873,1.8808135986328125,1.8970435890320705,0.07510453044171461,1.8057090681910979,1.972148119473785,77.6407201382476,77.21633311281842,63.93064236690339,93.78818241953388
test,WELD2025:5773,Weld2025,4,0,5.0,2.1012798484801456,2.118186809549939,2.1163679473365753,2.120317476402937,0.06344506748061451,2.0529228798559607,2.1837625438835517,126.26408866545975,131.27644565058102,112.95953081910771,152.67310700598688
test,WELD2025:5773,Weld2025,4,0,6.0,1.890089554931378,1.8808135986328125,1.8808135986328125,1.8808135986328125,0.06390925465714714,1.8169043439756654,1.9447228532899596,77.6407201382476,76.00000111158127,65.60007621966417,88.04868076096761
test,WELD2025:3531,Weld2025,2,0,5.0,2.992095919327988,2.9671148096035007,2.965934124345119,2.9690060376948324,0.07309786491601589,2.892836259429103,3.0421039026108483,981.964798188057,927.0748714637397,781.3331656633708,1101.8028784035203
test,WELD2025:3531,Weld2025,2,0,6.0,2.902511218727074,2.790611993499092,2.7880794719970816,2.792541085805761,0.07642239093833281,2.711657081058749,2.868963476744094,798.9345795378018,617.4644997471006,514.8219805943158,739.5430784197167
test,WELD2025:3531,Weld2025,2,0,7.0,2.8425907345424513,2.7799800634384155,2.778874397277832,2.7877197265625,0.17283688789025264,2.6060375093875794,2.9605566144527526,695.9703444240012,602.5319258321271,403.68025674315453,913.1804693704993
test,WELD2025:3531,Weld2025,3,0,5.0,2.992095919327988,2.991679190723869,2.990576086338331,2.992599572273518,0.06362745716409468,2.9269486291742366,3.056227029437613,981.964798188057,981.0230027732898,845.1788666755376,1138.2221411868647
test,WELD2025:3531,Weld2025,3,0,6.0,2.902511218727074,2.8067833872735504,2.8049923412095374,2.8082629815177915,0.07510453044171461,2.729887810767823,2.883367511959506,798.9345795378018,640.8898407190883,536.8930854123042,764.4824360376301
test,WELD2025:3531,Weld2025,3,0,7.0,2.8425907345424513,2.778874397277832,2.778874397277832,2.778874397277832,0.10188500503614173,2.6769893922416905,2.8807594023139735,695.9703444240012,600.9998965916736,475.32361589518933,759.9051753886525
test,WELD2025:3531,Weld2025,4,0,5.0,2.992095919327988,2.9929194936251253,2.9918207235364935,2.9938686618142074,0.06344506748061451,2.928375656055879,3.057313729294822,981.964798188057,983.8287137939845,847.9605659735277,1141.0737883664237
test,WELD2025:3531,Weld2025,4,0,6.0,2.902511218727074,2.829291391517697,2.8256409692954474,2.832708611540296,0.06390925465714714,2.7617317146383003,2.896617866197443,798.9345795378018,674.9807566807425,577.7390389272983,788.1663083587986
test,WELD2025:3531,Weld2025,4,0,7.0,2.8425907345424513,2.7793413372850244,2.779325785046472,2.7793531682939903,0.11888132054548817,2.6604444645009835,2.8982344888394787,695.9703444240012,601.6464206085637,457.5562210463335,791.1056547837474
test,FatigueData-AM2022:1542,AM2022,2,0,5.0,1.9973156604355742,2.007536875735471,2.0023628825655564,2.010893695423159,0.07309786491601589,1.9292650176495405,2.0839915603391748,99.38381423270741,101.75057584371037,84.96988249160798,121.3365270863413
test,FatigueData-AM2022:1542,AM2022,2,0,6.0,1.7713359965421387,1.8096891969919198,1.8017249083402522,1.8160633495062921,0.07642239093833281,1.7253025174019194,1.892485740444625,59.06578721891153,64.5192331642882,53.125437232777514,78.07028062463333
test,FatigueData-AM2022:1542,AM2022,3,0,5.0,1.9973156604355742,1.9824585062335434,1.9790513692107672,1.9860531150463567,0.06362745716409468,1.9154239120466725,2.0496805722104514,99.38381423270741,96.0414053232215,82.30456275288249,112.11935023001057
test,FatigueData-AM2022:1542,AM2022,3,0,6.0,1.7713359965421387,1.7623841867751913,1.7577146491674884,1.7661859458058293,0.07510453044171461,1.6826101187257738,1.841290476247544,59.06578721891153,57.86076705793961,48.15153304600213,69.3889756424076
test,FatigueData-AM2022:1542,AM2022,4,0,5.0,1.9973156604355742,1.9916116296435624,1.987563427866607,1.9964888383497739,0.06344506748061451,1.9241183603859926,2.0599339058303885,99.38381423270741,98.08704016660845,83.96887998080071,114.79789002209148
test,FatigueData-AM2022:1542,AM2022,4,0,6.0,1.7713359965421387,1.7615371294441753,1.7569685270729183,1.767049421225215,0.06390925465714714,1.6930592724157711,1.8309586758823622,59.06578721891153,57.748024152881555,49.32411168010017,67.75770315320834
test,WELD2025:3940,Weld2025,2,0,6.0,2.1412638845397747,2.220520494635835,2.2179283434769705,2.2224834428211198,0.07642239093833281,2.1415059525386377,2.2989058337594526,138.44073123379684,166.1577086807609,138.51791713741403,199.02417564750547
test,WELD2025:3940,Weld2025,3,0,6.0,2.1412638845397747,2.1978313753821297,2.1964732986213025,2.199323282960345,0.07510453044171461,2.121368768179588,2.2744278134020597,138.44073123379684,157.69988454795106,132.2418049350107,188.11690002499085
test,WELD2025:3940,Weld2025,4,0,6.0,2.1412638845397747,2.15866679087246,2.1573073285160724,2.159795639277099,0.06390925465714714,2.0933980738589253,2.2237048939342463,138.44073123379684,144.10093238747567,123.99325867091132,167.380512750363
test,WELD2025:2931,Weld2025,2,0,5.0,3.060492643514113,3.058385679063436,3.058065490787757,3.0587133081735884,0.07309786491601589,2.9849676258717412,3.1318111730896043,1149.4567726816695,1143.8937288214402,965.9788681982739,1354.6003175826404
test,WELD2025:2931,Weld2025,2,0,6.0,3.0092049644890895,3.0005877623482364,3.000523510163645,3.0006324323736755,0.07642239093833281,2.924101119225312,3.0770548233120083,1021.4214279534259,1001.3542890435525,839.6554654628587,1194.1388374734813
test,WELD2025:2931,Weld2025,3,0,5.0,3.060492643514113,3.0604571828045666,3.060242443927376,3.0606345895935787,0.06362745716409468,2.996614986763281,3.124262046757673,1149.4567726816695,1149.3629218720923,992.2360156252226,1331.2574364013071
test,WELD2025:2931,Weld2025,3,0,6.0,3.0092049644890895,3.0052813724808622,3.003644689651377,3.0100688641386526,0.07510453044171461,2.9285401592096623,3.085173394580367,1021.4214279534259,1012.2350528369889,848.2818194435499,1216.6716668778397
test,WELD2025:2931,Weld2025,4,0,5.0,3.060492643514113,3.059345079176531,3.059124138831668,3.059529767589325,0.06344506748061451,2.9956790713510535,3.1229748350699396,1149.4567726816695,1146.4234981421778,990.100024711622,1327.3175448922045
test,WELD2025:2931,Weld2025,4,0,6.0,3.0092049644890895,3.0008460538749278,2.9999622907121632,3.00151194844045,0.06390925465714714,2.936053036055016,3.065421203097597,1021.4214279534259,1001.9500098414161,863.0839411680209,1162.5755981344496
test,WELD2025:4705,Weld2025,2,0,5.0,1.9115138760110522,1.9069408082332349,1.8999362189632085,1.91313574343962,0.07309786491601589,1.8268383540471926,1.9862336083556358,81.56688479040135,80.71250163905123,67.11789912183424,96.87988360442938
test,WELD2025:4705,Weld2025,2,0,6.0,1.5818467354479704,1.5962336257743983,1.5884755454334176,1.6042441332043953,0.07642239093833281,1.5120531544950848,1.680666524142728,38.18095047033209,39.46695547935039,32.51270881481046,47.93652235618466
test,WELD2025:4705,Weld2025,3,0,5.0,1.9115138760110522,1.8425051023991386,1.8327055303961202,1.8516264124731443,0.06362745716409468,1.7690780732320255,1.915253869637239,81.56688479040135,69.5833129792976,58.759497513717704,82.27234376953042
test,WELD2025:4705,Weld2025,3,0,6.0,1.5818467354479704,1.5722429064111376,1.5680293921404502,1.5756357212093965,0.07510453044171461,1.4929248616987356,1.6507402516511112,38.18095047033209,37.34589797352004,31.11178018373987,44.744561018903696
test,WELD2025:4705,Weld2025,4,0,5.0,1.9115138760110522,1.8529110135439062,1.845341028053852,1.8626138682006876,0.06344506748061451,1.7818959605732374,1.926058935681302,81.56688479040135,71.27069822968824,60.51958768845402,84.34492097851123
test,WELD2025:4705,Weld2025,4,0,6.0,1.5818467354479704,1.5833442903424744,1.5807568368145828,1.5862416549141123,0.06390925465714714,1.5168475821574356,1.6501509095712594,38.18095047033209,38.3128350949802,32.87362389845726,44.68388336868976
test,FatigueData-AM2022:1210,AM2022,2,0,5.0,2.700991843714502,2.7079240483326465,2.6964917507459134,2.716655356946747,0.07309786491601589,2.6233938858298975,2.789753221862763,502.3331553451763,510.41572802450577,420.13985946155964,616.2447350514277
test,FatigueData-AM2022:1210,AM2022,3,0,5.0,2.700991843714502,2.695879400147305,2.688118153935804,2.705482711518702,0.06362745716409468,2.6244906967717094,2.769110168682797,502.3331553451763,496.4544411668977,421.20226388375295,587.6384014832843
test,FatigueData-AM2022:1210,AM2022,4,0,5.0,2.700991843714502,2.68281888961792,2.68281888961792,2.68281888961792,0.06344506748061451,2.6193738221373053,2.7462639570985345,502.3331553451763,481.74685666019514,416.26876269910883,557.5245002703525
test,WELD2025:4993,Weld2025,2,0,5.0,2.198362090682359,2.1531332389885836,2.148272228390457,2.1565974480875734,0.07309786491601589,2.0751743634744413,2.2296953130035893,157.89271430631453,142.27652161591593,118.89794911193509,169.70526373451113
test,WELD2025:4993,Weld2025,3,0,5.0,2.198362090682359,2.1386679880409174,2.138560478544047,2.138775649649252,0.06362745716409468,2.0749330213799526,2.202403106813347,157.89271430631453,137.61570141729158,118.83189460362446,159.36872817520415
test,WELD2025:4993,Weld2025,4,0,5.0,2.198362090682359,2.178366336786329,2.177309008137916,2.179182548569566,0.06344506748061451,2.113863940657301,2.242627616050181,157.89271430631453,150.7878457972607,129.97623140267896,174.83469331216884
test,WELD2025:2533,Weld2025,2,0,6.0,2.3638206095093075,2.3506487631733695,2.3449193813122635,2.3552620820550154,0.07642239093833281,2.2684969903739307,2.4316844729933482,231.110996158573,224.2067911903174,185.56539498553695,270.1994576695511
test,WELD2025:2533,Weld2025,3,0,6.0,2.3638206095093075,2.37203925665711,2.367312369415414,2.37785226432108,0.07510453044171461,2.2922078389736993,2.4529567947627946,231.110996158573,235.52621706459345,195.97823361224687,283.76367156996105
test,WELD2025:2533,Weld2025,4,0,6.0,2.3638206095093075,2.3618674824240697,2.361102990266162,2.362785839901486,0.06390925465714714,2.297193735609015,2.426695094558633,231.110996158573,230.0739678702473,198.24111677862868,267.1130427731254
test,WELD2025:268,Weld2025,2,0,5.0,3.154882623783941,3.148067157669861,3.147938397328167,3.148197934963941,0.07309786491601589,3.0748405324121513,3.221295799879957,1428.507825344458,1406.2649668574975,1188.065904160028,1664.5459939543694
test,WELD2025:268,Weld2025,3,0,5.0,3.154882623783941,3.163656027334831,3.1569456990836327,3.1649459179399693,0.06362745716409468,3.0933182419195377,3.228573375104064,1428.507825344458,1457.659298409338,1239.7046834545865,1692.6742016831788
test,WELD2025:268,Weld2025,4,0,5.0,3.154882623783941,3.1480083013522906,3.147935854972943,3.1480707487234945,0.06344506748061451,3.0844907874923284,3.211515816204109,1428.507825344458,1406.074400380651,1214.7608519827197,1627.4805844044977
test,WELD2025:3145,Weld2025,2,0,5.0,2.857103633345699,2.912267985983503,2.9064813348749405,2.91921870133666,0.07309786491601589,2.8333834699589246,2.992316566252676,719.6206767110497,817.0864076045033,681.3707245751997,982.4638203287737
test,WELD2025:3145,Weld2025,3,0,5.0,2.857103633345699,2.940200968409469,2.9391456123455697,2.9417702509057944,0.06362745716409468,2.8755181551814752,3.0053977080698893,719.6206767110497,871.3667188919537,750.7894393531943,1012.5062391854707
test,WELD2025:3145,Weld2025,4,0,5.0,2.857103633345699,2.943997399164411,2.939165350056451,2.948830948344324,0.06344506748061451,2.8757202825758363,3.0122760158249386,719.6206767110497,879.0172526926207,751.1389497418533,1028.6698614706186
test,WELD2025:3827,Weld2025,2,0,6.0,1.927441637283627,1.7942323621827343,1.7847697224384986,1.8043369297778438,0.07642239093833281,1.7083473315001658,1.8807593207161766,84.61388526947091,62.26333258781432,51.09134449322732,75.99050326132202
test,WELD2025:3827,Weld2025,2,0,7.0,1.595574532148631,1.414434873937459,1.409358336349076,1.4186247229467923,0.17283688789025264,1.2365214484588234,1.591461610837045,39.40710509815327,25.96778303741124,17.239372288428044,39.03566756718794
test,WELD2025:3827,Weld2025,3,0,6.0,1.927441637283627,1.8327982939139669,1.8307587938745753,1.8346922542692314,0.07510453044171461,1.7556542634328607,1.909796784710946,84.61388526947091,68.04532518912073,56.9710552046736,81.24502650770027
test,WELD2025:3827,Weld2025,3,0,7.0,1.595574532148631,1.462960180640612,1.4614953318310717,1.464159857028016,0.10188500503614173,1.35961032679493,1.5660448620641578,39.40710509815327,29.037564041998753,22.88813080554462,36.81670028585173
test,WELD2025:3827,Weld2025,4,0,6.0,1.927441637283627,1.8637375489026597,1.8618169264740099,1.8665123449143393,0.06390925465714714,1.7979076718168627,1.9304215995714864,84.61388526947091,73.06973779267733,62.79248518816279,85.19646977124441
test,WELD2025:3827,Weld2025,4,0,7.0,1.595574532148631,1.4055338250300033,1.4006519581841208,1.4120341743299223,0.11888132054548817,1.2817706376386326,1.5309154948754105,39.40710509815327,25.44097932506202,19.13245222931137,33.95591946522419
test,NIMS-DERIVED:4758,NIMS-derived,2,0,6.0,2.476580733712008,2.427881672978401,2.422941267490387,2.428678512573242,0.07642239093833281,2.346518876552054,2.505100903511575,299.62685357196887,267.84384633118844,222.0848210225877,319.96384238785066
test,NIMS-DERIVED:4758,NIMS-derived,3,0,6.0,2.476580733712008,2.4036618749595196,2.400928292583835,2.4059893409863533,0.07510453044171461,2.3258237621421203,2.481093871428068,299.62685357196887,253.31556446432137,211.75016730535282,302.75677569225525
test,NIMS-DERIVED:4758,NIMS-derived,4,0,6.0,2.476580733712008,2.417844687211706,2.4161141190488977,2.419821843641913,0.06390925465714714,2.3522048643917506,2.48373109829906,299.62685357196887,261.72468586295304,225.01157749557663,304.60084115043156
test,FatigueData-AM2022:1119,AM2022,2,0,5.0,2.419696820042338,2.427022692367394,2.42543096921951,2.4292016480212855,0.07309786491601589,2.352333104303494,2.5022995129373014,262.84324487574423,267.3146079855834,225.07802946936354,317.90657703085833
test,FatigueData-AM2022:1119,AM2022,2,0,6.0,2.3926163935485096,2.3938981548099663,2.3936565901088844,2.394115130854117,0.07642239093833281,2.3172341991705516,2.47053752179245,246.9541868384701,247.6841152398686,207.60327443717532,295.4864169205506
test,FatigueData-AM2022:1119,AM2022,3,0,5.0,2.419696820042338,2.420845863032074,2.420069864945789,2.421846389877764,0.06362745716409468,2.356442407781694,2.4854738470418587,262.84324487574423,263.53958822878394,227.21782994924413,305.82560745840516
test,FatigueData-AM2022:1119,AM2022,3,0,6.0,2.3926163935485096,2.392751559257672,2.392102096663559,2.3933225534573275,0.07510453044171461,2.3169975662218443,2.468427083899042,246.9541868384701,247.03105848690606,207.49018897109377,294.0539948795007
test,FatigueData-AM2022:1119,AM2022,4,0,5.0,2.419696820042338,2.4293961620820275,2.429194290172248,2.430326312297586,0.06344506748061451,2.3657492226916332,2.4937713797782006,262.84324487574423,268.7795126130951,232.13959514622658,311.7248178060888
test,FatigueData-AM2022:1119,AM2022,4,0,6.0,2.3926163935485096,2.3918830752031064,2.3918480520426306,2.3919112006730914,0.06390925465714714,2.3279387973854835,2.4558204553302385,246.9541868384701,246.53754965704758,212.7839160761968,285.6409411374622
test,WELD2025:2148,Weld2025,2,0,6.0,2.718992869382663,2.6620397305072467,2.6605188379168117,2.6648267695756283,0.07642239093833281,2.584096446978479,2.741249160513961,523.59183973763,459.24002351229035,383.7924676526981,551.1237927640968
test,WELD2025:2148,Weld2025,3,0,6.0,2.718992869382663,2.702093453882675,2.7010326988408395,2.703125055801967,0.07510453044171461,2.625928168399125,2.7782295862436817,523.59183973763,503.60896648486755,422.59871134539827,600.1082347512695
test,WELD2025:2148,Weld2025,4,0,6.0,2.718992869382663,2.658762781618617,2.6551811172591946,2.682242427777734,0.06390925465714714,2.5912718626020474,2.7461516824348813,523.59183973763,455.7878895324753,390.18616162031805,557.3803865690575
test,WELD2025:3909,Weld2025,2,0,5.0,2.681592405027333,2.685323481568817,2.6850527499221992,2.6856711044782857,0.07309786491601589,2.6119548850061833,2.7587689693943016,480.3882817919165,484.53313472964265,409.2181474856328,573.8111320544049
test,WELD2025:3909,Weld2025,2,0,6.0,2.5746116804162402,2.574031352996826,2.574031352996826,2.574031352996826,0.07642239093833281,2.4976089620584934,2.650453743935159,375.5015036441691,375.000073627273,314.4915362973488,447.1505239094909
test,WELD2025:3909,Weld2025,3,0,5.0,2.681592405027333,2.6837328899114103,2.683532504408708,2.6839119773540876,0.06362745716409468,2.6199050472446137,2.747539434518182,480.3882817919165,482.7617911096143,416.77825044557375,559.1642981295442
test,WELD2025:3909,Weld2025,3,0,6.0,2.5746116804162402,2.5819658637046814,2.582091808319092,2.582091808319092,0.07510453044171461,2.506987277877377,2.6571963387608064,375.5015036441691,381.9142505414466,321.3566399786801,454.1468840152238
test,WELD2025:3909,Weld2025,4,0,5.0,2.681592405027333,2.6836861213257697,2.683530707557513,2.6838761594808873,0.06344506748061451,2.6200856400768986,2.747321226961502,480.3882817919165,482.7098059441237,416.95159553554214,558.8834213671668
test,WELD2025:3909,Weld2025,4,0,6.0,2.5746116804162402,2.581210196018219,2.578061580657959,2.582091808319092,0.06390925465714714,2.514152326000812,2.646001062976239,375.5015036441691,381.250301688646,326.7024008483056,442.58945564026146
test,FatigueData-AM2022:570,AM2022,2,0,5.0,1.985910815167855,2.02572310973835,2.0221220853348423,2.028633251345764,0.07309786491601589,1.9490242204188264,2.1017311162617798,96.80790353333549,106.10188747182382,88.9250709609522,126.39535565299806
test,FatigueData-AM2022:570,AM2022,3,0,5.0,1.985910815167855,2.022562068173146,2.0195204047087625,2.0267641969783465,0.06362745716409468,1.9558929475446678,2.090391654142441,96.80790353333549,105.33242145733288,90.34267539385775,123.13787485153084
test,FatigueData-AM2022:570,AM2022,4,0,5.0,1.985910815167855,1.9968774615331668,1.9908090822520867,2.0036699784606364,0.06344506748061451,1.9273640147714723,2.067115045941251,96.80790353333549,99.28358750449966,84.59876337477913,116.71187494531026
test,WELD2025:2705,Weld2025,2,0,5.0,2.717939145509963,2.7166394767416016,2.7157608034233713,2.7174411610089932,0.07309786491601589,2.6426629385073555,2.790539025925009,522.3229945933715,520.762228417609,439.2006139227782,617.3607657514107
test,WELD2025:2705,Weld2025,3,0,5.0,2.717939145509963,2.6981414060731836,2.696329746657189,2.699587495079843,0.06362745716409468,2.6327022894930945,2.7632149522439375,522.3229945933715,499.0469504552557,429.2420788225812,579.7155532288975
test,WELD2025:2705,Weld2025,4,0,5.0,2.717939145509963,2.7191640309885177,2.717590529703658,2.7206168833648303,0.06344506748061451,2.6541454622230436,2.784061950845445,522.3229945933715,523.7982353658971,450.9677259937367,608.221756156454
test,WELD2025:2402,Weld2025,2,0,5.0,2.36919089451961,2.3488862799663353,2.3459887745878847,2.351266269492754,0.07309786491601589,2.272890909671869,2.42436413440877,233.98655025851295,223.29874383889805,187.45235877883172,265.6832250587626
test,WELD2025:2402,Weld2025,3,0,5.0,2.36919089451961,2.326004223161724,2.3220315191724077,2.33038260044391,0.06362745716409468,2.258404062008313,2.3940100576080043,233.98655025851295,211.83817346931966,181.302612438824,247.7479431672047
test,WELD2025:2402,Weld2025,4,0,5.0,2.36919089451961,2.3745000720520806,2.3742054600784654,2.3749631220158998,0.06344506748061451,2.310760392597851,2.4384081894965144,233.98655025851295,236.8645524756722,204.53158909930943,274.4152164280602
test,WELD2025:2302,Weld2025,2,0,5.0,2.5857750046858143,2.59727118496482,2.596841702824221,2.597662471075204,0.07309786491601589,2.523743837908205,2.6707603359912198,385.2787042846424,395.6135745405156,333.99797821270806,468.55474036462624
test,WELD2025:2302,Weld2025,2,0,6.0,2.4016405017378846,2.401400566101074,2.401400566101074,2.401400566101074,0.07642239093833281,2.3249781751627414,2.477822957039407,252.13927616490716,252.00001469169433,211.3382832188905,300.48511058851
test,WELD2025:2302,Weld2025,3,0,5.0,2.5857750046858143,2.5946974351526313,2.5942213411946273,2.5953052466100166,0.06362745716409468,2.530593884030533,2.658932703774111,385.2787042846424,393.27599196026415,339.30783181313024,455.9662560950096
test,WELD2025:2302,Weld2025,3,0,6.0,2.4016405017378846,2.401400566101074,2.401400566101074,2.401400566101074,0.07510453044171461,2.3262960356593596,2.476505096542789,252.13927616490716,252.00001469169433,211.9805602641512,299.57467479792086
test,WELD2025:2302,Weld2025,4,0,5.0,2.5857750046858143,2.596054564622497,2.595645096998266,2.5963688400691654,0.06344506748061451,2.5322000295176514,2.65981390754978,385.2787042846424,394.50686468044586,340.56501271450975,456.89237216072905
test,WELD2025:2302,Weld2025,4,0,6.0,2.4016405017378846,2.401400566101074,2.401400566101074,2.401400566101074,0.06390925465714714,2.337491311443927,2.4653098207582214,252.13927616490716,252.00001469169433,217.5160517019062,291.95090158974983
test,WELD2025:2662,Weld2025,2,0,5.0,2.538747089108637,2.5267369374130126,2.526124509578239,2.5273239471969697,0.07309786491601589,2.453026644662223,2.6004218121129856,345.73797907571713,336.30779796540895,283.8093144661519,398.49402327712517
test,WELD2025:2662,Weld2025,3,0,5.0,2.538747089108637,2.526740007820474,2.5261835060686035,2.527225703238965,0.06362745716409468,2.462556048904509,2.59085316040306,345.73797907571713,336.31017562772183,290.10555771433,389.810165417689
test,WELD2025:2662,Weld2025,4,0,5.0,2.538747089108637,2.527927108644537,2.526833087751639,2.528927042280524,0.06344506748061451,2.4633880202710245,2.5923721097611385,345.73797907571713,337.2307035969456,290.6618412026905,391.1759174008806
test,WELD2025:4688,Weld2025,2,0,6.0,2.5908501612634653,2.7315518209718257,2.7251179022434724,2.7368540114432385,0.07642239093833281,2.6486955113051396,2.8132764023815713,389.80747348603114,538.9541507301539,445.34390334878947,650.5435905828352
test,WELD2025:4688,Weld2025,2,0,7.0,2.499765064134926,2.4997173379359676,2.4997167965342273,2.499717840558994,0.17283688789025264,2.3268799086439746,2.6725547284492466,316.05674576293734,316.02201504688827,212.26574224074466,470.49469227829354
test,WELD2025:4688,Weld2025,3,0,6.0,2.5908501612634653,2.621313449100253,2.6159082478138656,2.6301216004454444,0.07510453044171461,2.540803717372151,2.705226130887159,389.80747348603114,418.1320417361027,347.3791253743736,507.25475977876806
test,WELD2025:4688,Weld2025,3,0,7.0,2.499765064134926,2.4996871948242188,2.4996871948242188,2.4996871948242188,0.10188500503614173,2.3978021897880772,2.6015721998603603,316.05674576293734,316.00008164285657,249.92067765979476,399.5509796681224
test,WELD2025:4688,Weld2025,4,0,6.0,2.5908501612634653,2.649726154441427,2.6470526724313945,2.652319527321688,0.06390925465714714,2.5831434177742474,2.716228781978835,389.80747348603114,446.40202338676266,382.95118503182744,520.2699973751276
test,WELD2025:4688,Weld2025,4,0,7.0,2.499765064134926,2.4996871948242188,2.4996871948242188,2.4996871948242188,0.11888132054548817,2.380805874278731,2.6185685153697067,316.05674576293734,316.00008164285657,240.32883116551213,415.4975959980521
test,WELD2025:4191,Weld2025,2,0,5.0,2.6627981015863957,2.5533847306876494,2.5447127578726483,2.56135508452146,0.07309786491601589,2.4716148929566324,2.6344529494374758,460.04265542354676,357.58947751042103,296.2203515082465,430.975864445301
test,WELD2025:4191,Weld2025,2,0,6.0,2.3019409109727405,2.302466824070102,2.301996149377076,2.3028325745743903,0.07642239093833281,2.225573758438743,2.379254965512723,200.41993224377813,200.66277970598694,168.1023398212321,239.47212362382803
test,WELD2025:4191,Weld2025,3,0,5.0,2.6627981015863957,2.5933199347145877,2.5870625980519284,2.5986732886356294,0.06362745716409468,2.523435140887834,2.6623007457997243,460.04265542354676,392.03057062505724,333.76065641753445,459.51611428110726
test,WELD2025:4191,Weld2025,3,0,6.0,2.3019409109727405,2.334316695222321,2.331977611090668,2.3360641266814692,0.07510453044171461,2.2568730806489534,2.411168657123184,200.41993224377813,215.93184484023368,180.66460698993347,257.73218588653293
test,WELD2025:4191,Weld2025,4,0,5.0,2.6627981015863957,2.5922475239282927,2.5865282350424943,2.5967551407335203,0.06344506748061451,2.5230831675618797,2.660200208214135,460.04265542354676,391.06371706247296,333.4902701648803,457.29895422446856
test,WELD2025:4191,Weld2025,4,0,6.0,2.3019409109727405,2.3269160144238916,2.3248056838925466,2.3285476705660533,0.06390925465714714,2.2608964292353995,2.3924569252232004,200.41993224377813,212.28339003292683,182.34607906241231,246.86352452771533
test,WELD2025:2277,Weld2025,2,0,6.0,1.923925759950103,1.9240189258406502,1.9224401299490024,1.9251600409601664,0.07642239093833281,1.8460177390106696,2.001582431898499,83.93164981090277,83.94965696047909,70.14839503547026,100.36503303869448
test,WELD2025:2277,Weld2025,3,0,6.0,1.923925759950103,1.9224221121058627,1.9217432120241347,1.9231762587796755,0.07510453044171461,1.84663868158242,1.99828078922139,83.93164981090277,83.64155766034527,70.24876305900621,99.60491959327888
test,WELD2025:2277,Weld2025,4,0,6.0,1.923925759950103,1.9226510412645736,1.9221606195592549,1.9231598401807268,0.06390925465714714,1.8582513649021077,1.987069094837874,83.93164981090277,83.6856591625355,72.15249691224831,97.06643845043143
test,WELD2025:2822,Weld2025,2,0,5.0,2.172204878645785,2.1791278774043628,2.178227188898721,2.1799400587490134,0.07309786491601589,2.105129323982705,2.2530379236650293,148.66367985649032,151.0524860627391,127.38823605632398,179.0762220980762
test,WELD2025:2822,Weld2025,3,0,5.0,2.172204878645785,2.1869342851529683,2.185395683918731,2.1884296127833642,0.06362745716409468,2.1217682267546367,2.252057069947459,148.66367985649032,153.79219135378662,132.3634952316959,178.67223497696037
test,WELD2025:2822,Weld2025,4,0,5.0,2.172204878645785,2.2068259716033936,2.2068259716033936,2.2068259716033936,0.06344506748061451,2.143380904122779,2.270271039084008,148.66367985649032,161.00003542992346,139.1172243604272,186.324961036313
test,WELD2025:2814,Weld2025,2,0,5.0,2.6761632712389885,2.7123602312375095,2.707401169580413,2.716556369648951,0.07309786491601589,2.6343033046643973,2.789654234564967,474.4203081179499,515.6561850089043,430.8273887492463,616.1042924430961
test,WELD2025:2814,Weld2025,3,0,5.0,2.6761632712389885,2.7085375666164127,2.704026965098836,2.711921105362401,0.06362745716409468,2.6403995079347418,2.7755485625264953,474.4203081179499,511.13729067000463,436.91756834773435,596.4150068437565
test,WELD2025:2814,Weld2025,4,0,5.0,2.6761632712389885,2.7109207984294343,2.706136287924838,2.715580456678698,0.06344506748061451,2.6426912204442234,2.7790255241593127,474.4203081179499,513.9499148344836,439.22921628595265,601.2090704331705
test,WELD2025:3195,Weld2025,2,0,6.0,2.04775930360491,2.077040637877702,2.0748255151119235,2.0790931712479757,0.07642239093833281,1.9984031241735907,2.1555155621863085,111.62444269391835,119.40998337511371,99.63298092020143,143.05912426470093
test,WELD2025:3195,Weld2025,3,0,6.0,2.04775930360491,2.0832985150236984,2.0798753985860126,2.0868655151715503,0.07510453044171461,2.004770868144298,2.161970045613265,111.62444269391835,121.14305317803597,101.10458901609768,145.2011465237736
test,WELD2025:3195,Weld2025,4,0,6.0,2.04775930360491,2.069804698228836,2.0678036212921143,2.074207067489624,0.06390925465714714,2.003894366634967,2.138116322146771,111.62444269391835,117.43693235277942,100.90074355389534,137.4410049960797
test,WELD2025:3916,Weld2025,2,0,5.0,2.4831180487977558,2.5519730082876753,2.544954513483208,2.5578394045070083,0.07309786491601589,2.4718566485671922,2.630937269423024,304.17117034912303,356.4289804220609,296.38529228173763,427.5011323631149
test,WELD2025:3916,Weld2025,2,0,6.0,2.2127612706305024,2.311149410988662,2.305878434881654,2.316369039945574,0.07642239093833281,2.2294560439433213,2.3927914308839067,163.2154514593979,204.71487992939788,169.61179251335733,247.05373890903567
test,WELD2025:3916,Weld2025,3,0,5.0,2.4831180487977558,2.55740104578938,2.5549759511367776,2.560602672674297,0.06362745716409468,2.4913484939726827,2.6242301298383914,304.17117034912303,360.9117702933821,309.99057806378164,420.94962778271935
test,WELD2025:3916,Weld2025,3,0,6.0,2.2127612706305024,2.3155369468496523,2.3099907865583846,2.321021123883331,0.07510453044171461,2.23488625611667,2.3961256543250458,163.2154514593979,206.79353004446705,171.74585173268304,248.95775229954
test,WELD2025:3916,Weld2025,4,0,5.0,2.4831180487977558,2.4513044404411852,2.446437484704552,2.4604968731565933,0.06344506748061451,2.3829924172239374,2.523941940637208,304.17117034912303,282.68609100757527,241.54186608980453,334.15036560595104
test,WELD2025:3916,Weld2025,4,0,6.0,2.2127612706305024,2.183903925151335,2.1806393516011364,2.191466129117673,0.06390925465714714,2.1167300969439893,2.2553753837748203,163.2154514593979,152.7228166664621,130.83685522576246,180.04264469195974
test,FatigueData-AM2022:1409,AM2022,2,0,5.0,2.524737713011512,2.5119388525297284,2.5091012580078305,2.515750981207075,0.07309786491601589,2.4360033930918146,2.5888488461230907,334.7632018392205,325.0415292089001,272.8999104074452,388.0152958336316
test,FatigueData-AM2022:1409,AM2022,2,0,6.0,2.334545490240381,2.253328448378988,2.243200502056331,2.2629226172509416,0.07642239093833281,2.1667781111179982,2.3393450081892744,216.0456320243372,179.19605662482115,146.81759684105222,218.4464584799993
test,FatigueData-AM2022:1409,AM2022,3,0,5.0,2.524737713011512,2.5090960624576626,2.505951967324999,2.512347103394765,0.06362745716409468,2.442324510160904,2.5759745605588593,334.7632018392205,322.9208317713857,276.900991074934,376.68173364839714
test,FatigueData-AM2022:1409,AM2022,3,0,6.0,2.334545490240381,2.2224899198301813,2.2026935918636306,2.2387250436588153,0.07510453044171461,2.127589061421916,2.31382957410053,216.0456320243372,166.9129065526805,134.1495009596635,205.9821439241174
test,FatigueData-AM2022:1409,AM2022,4,0,5.0,2.524737713011512,2.4677144334516115,2.457397564219159,2.4779145387181942,0.06344506748061451,2.393952496738544,2.541359606198809,334.7632018392205,293.57186609796054,247.7151091280652,347.824048853892
test,FatigueData-AM2022:1409,AM2022,4,0,6.0,2.334545490240381,2.2007768331254853,2.1979475560348964,2.203023660232731,0.06390925465714714,2.1340383013777493,2.2669329148898782,216.0456320243372,158.77306665183806,136.1564756537135,184.89829860423336
test,CMA2022:48:1,CMA2022,2,0,5.0,2.677043500176783,2.6731262803077698,2.669877529144287,2.6802735328674316,0.07309786491601589,2.5967796642282712,2.7533713977834475,475.38283926233373,471.1142929297492,395.1660849046053,566.7237298334127
test,CMA2022:48:1,CMA2022,3,0,5.0,2.677043500176783,2.7046391665935516,2.7010655403137207,2.7114615440368652,0.06362745716409468,2.6374380831496262,2.7750890012009597,475.38283926233373,506.56965017820255,433.9483917256388,595.784226771929
test,CMA2022:48:1,CMA2022,4,0,5.0,2.677043500176783,2.6803193261950824,2.6777918103587126,2.6832522947090016,0.06344506748061451,2.614346742878098,2.7466973621896162,475.38283926233373,478.98214682903676,411.4781161689696,558.0811607313273
test,WELD2025:2876,Weld2025,2,0,5.0,2.324960629462718,2.329014709011818,2.3267297726198173,2.330242588031307,0.07309786491601589,2.2536319077038014,2.403340452947323,211.32974522595637,213.3117157937761,179.3213119972964,253.12815458623828
test,WELD2025:2876,Weld2025,2,0,6.0,2.0983793721173876,2.1205665820853126,2.1189410251299687,2.1231878631631136,0.07642239093833281,2.042518634191636,2.1996102541014464,125.42363178544409,131.99776631814697,110.28555528501289,158.34715107258296
test,WELD2025:2876,Weld2025,3,0,5.0,2.324960629462718,2.30056620006732,2.299706413913175,2.3015616222472084,0.06362745716409468,2.23607895674908,2.3651890794113033,211.32974522595637,199.786528241197,172.21816471292053,231.84037970610208
test,WELD2025:2876,Weld2025,3,0,6.0,2.0983793721173876,2.1085997477378644,2.106783606228783,2.1103398693869697,0.07510453044171461,2.031679075787068,2.1854443998286843,125.42363178544409,128.41026662939205,107.56700477778138,153.2654976988821
test,WELD2025:2876,Weld2025,4,0,5.0,2.324960629462718,2.3290493708724442,2.3286888845332805,2.3295173368072652,0.06344506748061451,2.265243817052666,2.39296240428788,211.32974522595637,213.32874128301097,184.18057185200948,247.1510183726736
test,WELD2025:2876,Weld2025,4,0,6.0,2.0983793721173876,2.1160207907266324,2.1144425371431126,2.1176518208634514,0.06390925465714714,2.0505332824859654,2.1815610755205985,125.42363178544409,130.62334191862982,112.33970587584642,151.90115480106
test,WELD2025:4130,Weld2025,2,0,6.0,1.8246820365075522,1.8404293627533288,1.8221294014591218,1.8486720230798852,0.07642239093833281,1.745707010520789,1.925094414018218,66.7854776672114,69.25152838631111,55.68099796905583,84.15780777291079
test,WELD2025:4130,Weld2025,3,0,6.0,1.8246820365075522,1.8162410677588774,1.8112702185325145,1.820737055824305,0.07510453044171461,1.7361656880907999,1.8958415862660196,66.7854776672114,65.49996497479961,54.47104261861655,78.6758758357335
test,WELD2025:4130,Weld2025,4,0,6.0,1.8246820365075522,1.8416380966707973,1.8382458619799675,1.8442395492621089,0.06390925465714714,1.7743366073228204,1.908148803919256,66.7854776672114,69.44453858922513,59.47529534086365,80.93731701873354
test,WELD2025:3941,Weld2025,2,0,6.0,2.439507184177754,2.4416992776370816,2.4406354066233353,2.4445099458411916,0.07642239093833281,2.3642130156850025,2.5209323367795244,275.1105113891603,276.50263707577204,231.31991054597492,331.84275231693533
test,WELD2025:3941,Weld2025,2,0,7.0,2.3114963128286443,2.301029920578003,2.301029920578003,2.301029920578003,0.17283688789025264,2.1281930326877503,2.4738668084682556,204.87846556490834,199.99996542163214,134.33619181615185,297.7603103666712
test,WELD2025:3941,Weld2025,3,0,6.0,2.439507184177754,2.4539198085715968,2.4531350198935042,2.4546121669586354,0.07510453044171461,2.3780304894517896,2.52971669740035,275.1105113891603,284.39359330539105,238.79789240314508,338.6231905712612
test,WELD2025:3941,Weld2025,3,0,7.0,2.3114963128286443,2.301029920578003,2.301029920578003,2.301029920578003,0.10188500503614173,2.1991449155418614,2.4029149256141444,204.87846556490834,199.99996542163214,158.17757587354646,252.88025782258578
test,WELD2025:3941,Weld2025,4,0,6.0,2.439507184177754,2.442172292953347,2.4421057622289655,2.44221435948838,0.06390925465714714,2.3781965075718183,2.506123614145527,275.1105113891603,276.8039562016694,238.88919532616808,320.7182061531431
test,WELD2025:3941,Weld2025,4,0,7.0,2.3114963128286443,2.301029920578003,2.301029920578003,2.301029920578003,0.11888132054548817,2.182148600032515,2.419911241123491,204.87846556490834,199.99996542163214,152.1067895711737,262.9730486155405
test,WELD2025:24,Weld2025,2,0,5.0,2.482838099648457,2.5034332238620105,2.5015748823297543,2.505150079727173,0.07309786491601589,2.4284770174137384,2.5782479446431887,303.9751627439179,318.7375454370808,268.2112668165601,378.65870443737583
test,WELD2025:24,Weld2025,2,0,6.0,2.286661850545404,2.258097449947813,2.25677743753271,2.2597536480446077,0.07642239093833281,2.1803550465943773,2.3361760389829405,193.49148179779402,181.17465790249156,151.47991285190827,216.85829503775955
test,WELD2025:24,Weld2025,2,0,7.0,2.181843660368888,2.1818435192108154,2.1818435192108154,2.1818435192108154,0.17283688789025264,2.009006631320563,2.354680407101068,152.00002534793086,151.99997594360258,102.09550727353134,226.29783918851797
test,WELD2025:24,Weld2025,3,0,5.0,2.482838099648457,2.505150079727173,2.505150079727173,2.505150079727173,0.06362745716409468,2.4415226225630784,2.5687775368912673,303.9751627439179,320.00007471964426,276.39018881106216,370.4908928246279
test,WELD2025:24,Weld2025,3,0,6.0,2.286661850545404,2.2840815378706454,2.282242957582837,2.285693133302974,0.07510453044171461,2.2071384271411225,2.360797663744689,193.49148179779402,192.34528192117213,161.11590946312575,229.50791297811767
test,WELD2025:24,Weld2025,3,0,7.0,2.181843660368888,2.1818435192108154,2.1818435192108154,2.1818435192108154,0.10188500503614173,2.079958514174674,2.283728524246957,152.00002534793086,151.99997594360258,120.21495942216761,192.18899875613477
test,WELD2025:24,Weld2025,4,0,5.0,2.482838099648457,2.505150079727173,2.505150079727173,2.505150079727173,0.06344506748061451,2.4417050122465582,2.5685951472077875,303.9751627439179,320.00007471964426,276.50628815856885,370.335331259643
test,WELD2025:24,Weld2025,4,0,6.0,2.286661850545404,2.279350892323327,2.27862364990427,2.280154178806738,0.06390925465714714,2.214714395247123,2.344063433463885,193.49148179779402,190.26148947299424,163.9511228063518,220.8327259837854
test,WELD2025:24,Weld2025,4,0,7.0,2.181843660368888,2.1818435192108154,2.1818435192108154,2.1818435192108154,0.11888132054548817,2.0629621986653275,2.3007248397563034,152.00002534793086,151.99997594360258,115.60116176488259,199.85951987096993
test,WELD2025:1913,Weld2025,2,0,5.0,2.759661837914365,2.7624901145428122,2.7611973869024284,2.7636767743340145,0.07309786491601589,2.6880995219864126,2.8367746392500304,574.9920471660679,578.7488146571169,487.64022388210395,686.7120042348668
test,WELD2025:1913,Weld2025,3,0,5.0,2.759661837914365,2.756448958548385,2.7557619416826897,2.757329764899844,0.06362745716409468,2.6921344845185953,2.8209572220639387,574.9920471660679,570.7539930623388,492.1919252450614,662.1512786958824
test,WELD2025:1913,Weld2025,4,0,5.0,2.759661837914365,2.7626466473490736,2.7615336335788117,2.764062808213608,0.06344506748061451,2.698088566098197,2.8275078756942227,574.9920471660679,578.9574507509889,498.98623583564637,672.2144992453716
test,WELD2025:1880,Weld2025,2,0,5.0,2.3969190011151085,2.3971042184979883,2.372077091335065,2.411256423278399,0.07309786491601589,2.298979226419049,2.4843542881944147,249.41295113853062,249.51934315619778,199.0578121510415,305.03824119414725
test,WELD2025:1880,Weld2025,2,0,6.0,2.082529560138674,2.0698620230606872,2.0645196582617067,2.075220377172729,0.07642239093833281,1.9880972673233739,2.1516427681110617,120.92874899742039,117.45243449936423,97.29651107614089,141.7890746178881
test,WELD2025:1880,Weld2025,3,0,5.0,2.3969190011151085,2.3958836271654755,2.3942161472157553,2.3974228129321573,0.06362745716409468,2.330588690051661,2.461050270096252,249.41295113853062,248.8190497516117,214.0862081260599,289.1014501322146
test,WELD2025:1880,Weld2025,3,0,6.0,2.082529560138674,2.1028011179531925,2.102511032386925,2.1031523827834,0.07510453044171461,2.0274065019452103,2.178256913225115,120.92874899742039,126.70714866674146,106.51395280463784,150.74985852060033
test,WELD2025:1880,Weld2025,4,0,5.0,2.3969190011151085,2.352726365927322,2.3451589735322096,2.3578173618028386,0.06344506748061451,2.281713906051595,2.4212624292834533,249.41295113853062,225.28193406157376,191.29953133573937,263.79249120115844
test,WELD2025:1880,Weld2025,4,0,6.0,2.082529560138674,2.103712806299324,2.1034964122294877,2.103956730832784,0.06390925465714714,2.0395871575723405,2.167865985489931,120.92874899742039,126.97341676344423,109.5436373944308,147.18582466065428
test,WELD2025:2433,Weld2025,2,0,5.0,3.0139450091698947,3.0010018733658166,2.997832844715025,3.003928747661975,0.07309786491601589,2.924734979799009,3.077026612577991,1032.6306446903636,1002.3095616152661,840.8818524004233,1194.061271581166
test,WELD2025:2433,Weld2025,2,0,6.0,2.7820714220450733,2.781798673500999,2.7759474877258543,2.7870552709377647,0.07642239093833281,2.6995250967875215,2.8634776618760975,605.440434477385,605.0603210732515,500.6394823914169,730.2602506565491
test,WELD2025:2433,Weld2025,3,0,5.0,3.0139450091698947,2.9985026376401804,2.9955837927495046,3.001043822569022,0.06362745716409468,2.9319563355854097,3.0646712797331164,1032.6306446903636,996.5581326035426,854.9807479181156,1160.5698385844341
test,WELD2025:2433,Weld2025,3,0,6.0,2.7820714220450733,2.783676425414726,2.7832937647583833,2.7841518815606583,0.07510453044171461,2.7081892343166687,2.859256412002373,605.440434477385,607.6820741703251,510.72748982660477,723.1966604482626
test,WELD2025:2433,Weld2025,4,0,5.0,3.0139450091698947,3.0129745741264067,3.0110522220078115,3.0156501486960767,0.06344506748061451,2.947607154527197,3.0790952161766914,1032.6306446903636,1030.3257980072783,886.3538889197907,1199.762314224459
test,WELD2025:2433,Weld2025,4,0,6.0,2.7820714220450733,2.7972193050400502,2.7952159893658424,2.799711966195083,0.06390925465714714,2.7313067347086952,2.86362122085223,605.440434477385,626.9303648502951,538.6500874736874,730.5016830191516
test,WELD2025:1623,Weld2025,2,0,6.0,2.404230112732287,2.403033871410214,2.401956116170423,2.4037852433953963,0.07642239093833281,2.32553372523209,2.480207634333729,253.64722348418718,252.9495268653049,211.60880041332035,302.1395891597622
test,WELD2025:1623,Weld2025,3,0,6.0,2.404230112732287,2.4100564205081483,2.4089846512359396,2.4114070504391263,0.07510453044171461,2.333880120794225,2.486511580880841,253.64722348418718,257.07297323419016,215.71488846878862,306.5572424778529
test,WELD2025:1623,Weld2025,4,0,6.0,2.404230112732287,2.41333956169781,2.4125161196769387,2.414251645263914,0.06390925465714714,2.3486068650197915,2.478160899921061,253.64722348418718,259.0237351737418,223.15512483756888,300.7190217422967
test,WELD2025:135,Weld2025,2,0,5.0,2.6586683858692934,2.569358472738866,2.5677085027345883,2.5715013224654055,0.07309786491601589,2.4946106378185724,2.6445991873814214,455.6888328653427,370.9868131428816,312.3277969289727,441.16310770551587
test,WELD2025:135,Weld2025,2,0,6.0,2.4137940248054863,2.38823954422629,2.385823217061961,2.3903586854831773,0.07642239093833281,2.3094008261236283,2.46678107642151,259.2949298349528,244.4778649792206,203.8923005551308,292.9416183098481
test,WELD2025:135,Weld2025,3,0,5.0,2.6586683858692934,2.5884223589159014,2.5862340836262008,2.589962719282265,0.06362745716409468,2.522606626462106,2.65359017644636,455.6888328653427,387.63444288934534,333.1245398412754,450.3914903918454
test,WELD2025:135,Weld2025,3,0,6.0,2.4137940248054863,2.4042185083923546,2.4021833512267374,2.4056434222362877,0.07510453044171461,2.327078820785023,2.4807479526780023,259.2949298349528,253.64044612595828,212.3629847930771,302.5157237055321
test,WELD2025:135,Weld2025,4,0,5.0,2.6586683858692934,2.5813830958798425,2.579830657320376,2.5830569367578033,0.06344506748061451,2.5163855898397616,2.646502004238418,455.6888328653427,381.4021139967593,328.3867229945898,443.1002593610405
test,WELD2025:135,Weld2025,4,0,6.0,2.4137940248054863,2.3970951859796643,2.3935088469977646,2.400257768458916,0.06390925465714714,2.3295995923406174,2.464167023116063,259.2949298349528,249.51415367142187,213.5991855196488,291.1836751309998
test,WELD2025:3570,Weld2025,2,0,6.0,2.4231633457287813,2.396778773896176,2.3966674702743873,2.396873370209725,0.07642239093833281,2.3202450793360545,2.4732957611480577,264.94964730565636,249.332432411725,209.04754868767768,297.369047076512
test,WELD2025:3570,Weld2025,3,0,6.0,2.4231633457287813,2.398395079262378,2.3982671171240244,2.3985378954652417,0.07510453044171461,2.32316258668231,2.4736424259069563,264.94964730565636,250.26209698310177,210.4566178052301,297.606509277204
test,WELD2025:3570,Weld2025,4,0,6.0,2.4231633457287813,2.3968764696544023,2.3967589918717604,2.396983220095678,0.06390925465714714,2.3328497372146133,2.4608924747528254,264.94964730565636,249.38852674871677,215.2037016478296,288.99642789960984
test,WELD2025:148,Weld2025,2,0,5.0,2.8323624090317194,2.8262148706731494,2.8200850668064703,2.833019546730687,0.07309786491601589,2.7469872018904544,2.906117411646703,679.7706494060482,670.2161221946229,558.4537375684412,805.5962049431733
test,WELD2025:148,Weld2025,3,0,5.0,2.8323624090317194,2.8353687238677225,2.831276866188765,2.8410121578710648,0.06362745716409468,2.7676494090246706,2.904639615035159,679.7706494060482,684.4925471983203,585.6651862994022,802.8596190871525
test,WELD2025:148,Weld2025,4,0,5.0,2.8323624090317194,2.837317618375005,2.8345931155794575,2.8400829972106325,0.06344506748061451,2.771148048098843,2.903528064691247,679.7706494060482,687.5711067274723,590.4023100895686,800.8073760801722
test,WELD2025:4202,Weld2025,2,0,6.0,2.475042018631809,2.4724353530073633,2.4679054303548558,2.473379924249877,0.07642239093833281,2.391483039416523,2.54980231518821,298.5671473063778,296.780493737937,246.3105644232284,354.6519198625348
test,WELD2025:4202,Weld2025,3,0,6.0,2.475042018631809,2.465290692825275,2.464532215452015,2.465941897066528,0.07510453044171461,2.3894276850103005,2.5410464275082427,298.5671473063778,291.93804327695847,245.14762210427497,347.57331618764346
test,WELD2025:4202,Weld2025,4,0,6.0,2.475042018631809,2.4748977805404992,2.474658924520971,2.475113417894765,0.06390925465714714,2.410749669863824,2.539022672551912,298.5671473063778,298.46800350718735,257.4836576798363,345.9574382288324
test,FatigueData-AM2022:277,AM2022,2,0,5.0,2.6936900760116265,2.697231133743079,2.692926976858909,2.701478798666477,0.07309786491601589,2.619829111942893,2.774576663582493,493.95805968978317,498.00205370224666,416.70538418345103,595.0817939577465
test,FatigueData-AM2022:277,AM2022,3,0,5.0,2.6936900760116265,2.6910519721482866,2.689086745648206,2.692947738074172,0.06362745716409468,2.6254592884841115,2.756575195238267,493.95805968978317,490.9666267576989,422.1427048089973,570.9199186503099
test,FatigueData-AM2022:277,AM2022,4,0,5.0,2.6936900760116265,2.6694077136544623,2.6665243292500227,2.67225079375033,0.06344506748061451,2.603079261769408,2.7356958612309445,493.95805968978317,467.0976836923524,400.9398852733826,544.1214681850074
test,WELD2025:4788,Weld2025,2,0,6.0,2.4675149573038015,2.4124010463544394,2.4112737815922216,2.413607741765566,0.07642239093833281,2.334851390653889,2.490030132703899,293.43705633016856,258.4645863001659,216.19785990537227,309.0509854274918
test,WELD2025:4788,Weld2025,3,0,6.0,2.4675149573038015,2.414947151061417,2.4143977446641722,2.4155741924101974,0.07510453044171461,2.3392932142224576,2.490678722851912,293.43705633016856,259.98431711360735,218.42040810530276,309.51287749561556
test,WELD2025:4788,Weld2025,4,0,6.0,2.4675149573038015,2.4178782256593623,2.4172712125474263,2.4183658223647253,0.06390925465714714,2.353361957890279,2.4822750770218724,293.43705633016856,261.74489836618903,225.61187658097214,303.5813423919848
test,CMA2022:24:1,CMA2022,2,0,5.0,2.222926582815697,2.2563025141976176,2.251259764018975,2.2601614784140702,0.07309786491601589,2.178161899102959,2.333259343330086,167.0808141465077,180.4274096854415,150.71688136025375,215.4067673967421
test,CMA2022:24:1,CMA2022,2,0,6.0,2.214296100923583,2.206919550895691,2.205826997756958,2.213693380355835,0.07642239093833281,2.129404606818625,2.2901157712941678,163.79328794808745,161.03473053501145,134.71147978440226,195.03644454673875
test,CMA2022:24:1,CMA2022,3,0,5.0,2.222926582815697,2.3551643692947146,2.3454580711327297,2.3639270786710465,0.06362745716409468,2.2818306139686353,2.4275545358351414,167.0808141465077,226.5501579451841,191.3509461496202,267.6421659468769
test,CMA2022:24:1,CMA2022,3,0,6.0,2.214296100923583,2.2271216159016367,2.224595619426823,2.230090340104182,0.07510453044171461,2.1494910889851084,2.3051948705458964,163.79328794808745,168.70253785888818,141.0883287135714,201.92722200238865
test,CMA2022:24:1,CMA2022,4,0,5.0,2.222926582815697,2.306752718692239,2.302949623170229,2.310978095264384,0.06344506748061451,2.2395045556896145,2.3744231627449985,167.0808141465077,202.6528513480996,173.58194712843854,236.82260979294588
test,CMA2022:24:1,CMA2022,4,0,6.0,2.214296100923583,2.2249663837992046,2.223099690103544,2.2282848264389896,0.06390925465714714,2.159190435446397,2.2921940810961368,163.79328794808745,167.86740767320416,144.27478488572643,195.97202537809005
test,WELD2025:5268,Weld2025,2,0,5.0,2.605419480408401,2.620975278400037,2.6194276372719574,2.6231596292586024,0.07309786491601589,2.5463297723559415,2.6962574941746182,403.1062023303691,417.80658292009883,351.82749191179704,496.88683945563383
test,WELD2025:5268,Weld2025,3,0,5.0,2.605419480408401,2.62126805849196,2.619681557557361,2.6227661244963896,0.06362745716409468,2.5560541003932666,2.686393581660484,403.1062023303691,418.08834264083293,359.79415219488266,485.7284947636984
test,WELD2025:5268,Weld2025,4,0,5.0,2.605419480408401,2.6134387692637833,2.6121356972891827,2.616354583427587,0.06344506748061451,2.548690629808568,2.6797996509082016,403.1062023303691,410.6187430755743,353.7452604515292,478.4093412126044
test,FatigueData-AM2022:566,AM2022,2,0,5.0,2.615295692167162,2.644331594112681,2.6438146824984354,2.644884994574357,0.07309786491601589,2.5707168175824195,2.7179828594903728,412.37819385959114,440.8913660161805,372.148966789649,522.3755717438158
test,FatigueData-AM2022:566,AM2022,3,0,5.0,2.615295692167162,2.6339550725368173,2.63380410336541,2.634102021312516,0.06362745716409468,2.5701766462013156,2.697729478476611,412.37819385959114,430.48207511583087,371.68637915490297,498.5738296621539
test,FatigueData-AM2022:566,AM2022,4,0,5.0,2.615295692167162,2.6172802158436355,2.6167131289406815,2.617879931560736,0.06344506748061451,2.553268061460067,2.6813249990413506,412.37819385959114,414.2668822258302,357.4934272805263,480.0925857423598
test,WELD2025:1232,Weld2025,2,0,5.0,2.199153859929153,2.215036470779359,2.2108978815128117,2.219187289953863,0.07309786491601589,2.137800016596796,2.292285154869879,158.18083360793545,164.07275509114962,137.34094034625744,196.013126023327
test,WELD2025:1232,Weld2025,3,0,5.0,2.199153859929153,2.279402697441879,2.273575829356516,2.2855358244543122,0.06362745716409468,2.2099483721924216,2.3491632816184067,158.18083360793545,190.28418630043038,162.16173122177682,223.44121364594247
test,WELD2025:1232,Weld2025,4,0,5.0,2.199153859929153,2.2399787953943857,2.235523528722985,2.2426843961689196,0.06344506748061451,2.1720784612423705,2.306129463649534,158.18083360793545,173.77159819848714,148.62041211503367,202.36223327550297
test,WELD2025:3038,Weld2025,2,0,5.0,2.426981357277136,2.3786299310497543,2.3760055853194975,2.381707362710888,0.07309786491601589,2.3029077204034816,2.454805227626904,267.2891668434678,239.12772442025724,200.86659626569738,284.97399296131965
test,WELD2025:3038,Weld2025,3,0,5.0,2.426981357277136,2.434370869411259,2.4329528002246676,2.435919477460006,0.06362745716409468,2.3693253430605727,2.4995469346241004,267.2891668434678,271.8759985667284,234.05899884271136,315.89804240421086
test,WELD2025:3038,Weld2025,4,0,5.0,2.426981357277136,2.4015331432655165,2.3983834888177604,2.4045090763849366,0.06344506748061451,2.334938421337146,2.4679541438655512,267.2891668434678,252.0769545303359,216.24118933662783,293.73394888085323
test,WELD2025:5441,Weld2025,2,0,5.0,2.373550316443532,2.380211353302002,2.380211353302002,2.380211353302002,0.07309786491601589,2.307113488385986,2.453309218218018,236.34712100862478,240.00006166713965,202.8212656046454,283.9940349869879
test,WELD2025:5441,Weld2025,2,0,6.0,2.2514653975484906,2.249248631403133,2.2491963626962552,2.24928633751009,0.07642239093833281,2.1727739717579224,2.325708728448423,178.42898194265607,177.52054862317237,148.85861425136684,211.69408743507745
test,WELD2025:5441,Weld2025,3,0,5.0,2.373550316443532,2.3800835513352046,2.380211353302002,2.380211353302002,0.06362745716409468,2.3165838961379075,2.4438388104660964,236.34712100862478,239.9294460628375,207.2926464687953,277.86817613379077
test,WELD2025:5441,Weld2025,3,0,6.0,2.2514653975484906,2.2490122160357826,2.248040136324335,2.2498039252034667,0.07510453044171461,2.1729356058826204,2.3249084556451813,178.42898194265607,177.4239386813247,148.9140262143904,211.30435872495698
test,WELD2025:5441,Weld2025,4,0,5.0,2.373550316443532,2.3748664736248677,2.3742145746441397,2.3755025571854302,0.06344506748061451,2.310769507163525,2.438947624666045,236.34712100862478,237.06447250353082,204.53588166170968,274.7562780722837
test,WELD2025:5441,Weld2025,4,0,6.0,2.2514653975484906,2.249485047196285,2.2494530641731982,2.249522616577735,0.06390925465714714,2.185543809516051,2.313431871234882,178.42898194265607,177.61721134469687,153.3005840740067,205.7936032103628
test,WELD2025:5229,Weld2025,2,0,5.0,1.620623232445662,1.7103957034187756,1.7073365790911572,1.7132235709810775,0.07309786491601589,1.6342387141751413,1.7863214358970934,41.74680395494327,51.33288858673102,43.0763318668291,61.13943709453979
test,WELD2025:5229,Weld2025,3,0,5.0,1.620623232445662,1.7121090907407912,1.709663687872567,1.7145805186253744,0.06362745716409468,1.6460362307084724,1.778207975789469,41.74680395494327,51.53580814886137,44.262529652318,60.00783741626208
test,WELD2025:5229,Weld2025,4,0,5.0,1.620623232445662,1.713868586292675,1.7119329557840006,1.7161494625185825,0.06344506748061451,1.6484878883033862,1.7795945299991969,41.74680395494327,51.74502323496717,44.51310488379197,60.199728139528105
test,WELD2025:4411,Weld2025,2,0,5.0,2.1473451121590728,2.1560778720800338,2.154114566260835,2.158306321202843,0.07309786491601589,2.081016701344819,2.231404186118859,140.3928893664544,143.2444723743557,120.508228244747,170.37433986376513
test,WELD2025:4411,Weld2025,2,0,6.0,1.983570186410596,2.005234518784676,2.0043867252334073,2.006149106612546,0.07642239093833281,1.9279643342950745,2.082571497550879,96.28756109033381,101.21258541310796,84.71578398690092,120.94042698061773
test,WELD2025:4411,Weld2025,3,0,5.0,2.1473451121590728,2.171326139793985,2.16894822085278,2.1732044671881394,0.06362745716409468,2.1053207636886855,2.2368319243522343,140.3928893664544,148.36318219241855,127.44440196049624,172.51701073166032
test,WELD2025:4411,Weld2025,3,0,6.0,1.983570186410596,1.99738549201215,1.9970818321852577,1.9976492542646358,0.07510453044171461,1.921977301743543,2.07275378470635,96.28756109033381,99.3997957538081,83.55593468590386,118.23710420920844
test,WELD2025:4411,Weld2025,4,0,5.0,2.1473451121590728,2.17573931353884,2.17278251542644,2.1765771397316467,0.06344506748061451,2.1093374479458253,2.2400222072122613,140.3928893664544,149.8784915658319,128.62857191181578,173.7889691721785
test,WELD2025:4411,Weld2025,4,0,6.0,1.983570186410596,2.008367218586166,2.007055145795259,2.009651554154405,0.06390925465714714,1.9431458911381116,2.073560808811552,96.28756109033381,101.94530243104445,87.72954786767416,118.45702159024027
test,WELD2025:3943,Weld2025,2,0,6.0,2.3144325568141833,2.2595721746172863,2.258739249955732,2.2604321657414133,0.07642239093833281,2.182316859017399,2.336854556679746,206.26833207656864,181.79091460377586,152.16573181781737,217.1973672579135
test,WELD2025:3943,Weld2025,3,0,6.0,2.3144325568141833,2.2569153823609134,2.256143176713261,2.2576086524579533,0.07510453044171461,2.1810386462715465,2.332713182899668,206.26833207656864,180.68220517433448,151.71853702086958,215.13604623033086
test,WELD2025:3943,Weld2025,4,0,6.0,2.3144325568141833,2.2599091612532956,2.259186649178441,2.2606109647775567,0.06390925465714714,2.195277394521294,2.324520219434704,206.26833207656864,181.93202826042221,156.77521120467165,211.11554825207833
test,WELD2025:149,Weld2025,2,0,5.0,2.7070486244946523,2.5792564738679573,2.5708035560746563,2.587033523301789,0.07309786491601589,2.4977056911586404,2.660131388217805,509.3878999712692,379.5390566965978,314.5615898498584,457.22649459106066
test,WELD2025:149,Weld2025,2,0,6.0,2.3203029618051305,2.3390231824181584,2.337941239976643,2.339918310583801,0.07642239093833281,2.26151884903831,2.4163407015221336,209.0754122575934,218.28464279632897,182.60760018194188,260.81988646270105
test,WELD2025:149,Weld2025,3,0,5.0,2.7070486244946523,2.6521088444730694,2.6280379437345993,2.6752704932933415,0.06362745716409468,2.5644104865705044,2.738897950457436,509.3878999712692,448.8578702402033,366.78408794218853,548.1481471655153
test,WELD2025:149,Weld2025,3,0,6.0,2.3203029618051305,2.35997151377479,2.3555116308591826,2.3636852827505157,0.07510453044171461,2.280407100417468,2.4387898131922303,209.0754122575934,229.07173952018974,190.72477025332682,274.6564568264635
test,WELD2025:149,Weld2025,4,0,5.0,2.7070486244946523,2.7072727976561692,2.707247897068755,2.7072907758873157,0.06344506748061451,2.6438028295881404,2.7707358433679303,509.3878999712692,509.6509025588203,440.35489626727224,589.842203576688
test,WELD2025:149,Weld2025,4,0,6.0,2.3203029618051305,2.3445068461704546,2.342858701549422,2.3481195316685657,0.06390925465714714,2.278949446892275,2.412028786325713,209.0754122575934,221.0583103413691,190.0857001906128,258.2431356167677
test,WELD2025:1943,Weld2025,2,0,5.0,1.853124907580199,1.8388490676879883,1.8388490676879883,1.8388490676879883,0.07309786491601589,1.7657512027719724,1.9119469326040042,71.30580835096237,68.99999633797009,58.311095783768764,81.64825974622033
test,WELD2025:1943,Weld2025,3,0,5.0,1.853124907580199,1.8410489449535627,1.8388490676879883,1.8466450478192233,0.06362745716409468,1.7752216105238936,1.910272504983318,71.30580835096237,69.35039594536062,59.59661738367529,81.33406996501483
test,WELD2025:1943,Weld2025,4,0,5.0,1.853124907580199,1.8388490676879883,1.8388490676879883,1.8388490676879883,0.06344506748061451,1.7754040002073737,1.902294135168603,71.30580835096237,68.99999633797009,59.621651298307434,79.85353291908979
test,WELD2025:4874,Weld2025,2,0,5.0,2.4439630490737976,2.478458490252039,2.471596161725342,2.48661982852147,0.07309786491601589,2.398498296809326,2.5597176934374857,277.9476772444063,300.92515316877984,250.3215831398622,362.8421180612838
test,WELD2025:4874,Weld2025,3,0,5.0,2.4439630490737976,2.467655709811746,2.456576822931308,2.474486955982796,0.06362745716409468,2.3929493657672136,2.538114413146891,277.9476772444063,293.53217311595586,247.14359844121623,345.2346780538389
test,WELD2025:4874,Weld2025,4,0,5.0,2.4439630490737976,2.485711383130105,2.483083234373625,2.4878295525520002,0.06344506748061451,2.4196381668930105,2.551274620032615,277.9476772444063,305.99292362637806,262.80774927599333,355.8562681664423
test,WELD2025:3387,Weld2025,2,0,5.0,1.872749152398966,1.8195940240648174,1.8162295525380665,1.8255640463738825,0.07309786491601589,1.7431316876220506,1.8986619112898984,74.60177356307712,66.0076124226676,55.351792255896946,79.18846256874195
test,WELD2025:3387,Weld2025,2,0,6.0,1.6021520172054033,1.5686861737287143,1.5682017803192139,1.5684053687716053,0.07642239093833281,1.491779389380881,1.644827759709938,40.00847679461632,37.041296031369185,31.02982950811582,44.1395356153154
test,WELD2025:3387,Weld2025,3,0,5.0,1.872749152398966,1.9446671304416625,1.9404374649222933,1.9495139928727532,0.06362745716409468,1.8768100077581986,2.013141450036848,74.60177356307712,88.0373842588432,75.30260628655193,103.07217726280855
test,WELD2025:3387,Weld2025,3,0,6.0,1.6021520172054033,1.6412743163500942,1.633395256635337,1.6496233975056198,0.07510453044171461,1.5582907261936223,1.7247279279473344,40.00847679461632,43.779854749014774,36.165187927681515,53.05519657107497
test,WELD2025:3387,Weld2025,4,0,5.0,1.872749152398966,1.8937993714185175,1.8903448101489426,1.8960533669128707,0.06344506748061451,1.8268997426683282,1.9594984343934851,74.60177356307712,78.30678097596886,67.1273870768318,91.09581683084305
test,WELD2025:3387,Weld2025,4,0,6.0,1.6021520172054033,1.6116931144932112,1.6087624207215305,1.6146673698303544,0.06390925465714714,1.5448531660643834,1.6785766244875016,40.00847679461632,40.897156602598415,35.06333056197776,47.706397719222814
test,WELD2025:3275,Weld2025,2,0,6.0,3.0076889609582436,3.015328457678484,3.013253369143968,3.0168415731958773,0.07642239093833281,2.936830978205635,3.09326396413421,1017.8621403277833,1035.925342637149,864.6313499492131,1239.549755812561
test,WELD2025:3275,Weld2025,3,0,6.0,3.0076889609582436,3.0031279257966133,3.0018123815486377,3.004309740810832,0.07510453044171461,2.926707851106923,3.0794142712525465,1017.8621403277833,1007.228314364507,844.7104192478464,1200.6440452048864
test,WELD2025:3275,Weld2025,4,0,6.0,3.0076889609582436,3.0083737243736586,3.0081710763769536,3.008548742512239,0.06390925465714714,2.9442618217198064,3.072457997169386,1017.8621403277833,1019.4682959629482,879.5526100848612,1181.5660317515005
test,WELD2025:5521,Weld2025,2,0,6.0,2.0481885106833353,2.1043192252393546,2.1023211672046282,2.106814913340771,0.07642239093833281,2.0258987762662954,2.183237304279104,111.73481407811752,127.15083754855497,106.14481300045139,152.48857440428606
test,WELD2025:5521,Weld2025,3,0,6.0,2.0481885106833353,2.1267310775906973,2.1244850975415854,2.129268158191696,0.07510453044171461,2.049380567099871,2.2043726886334105,111.73481407811752,133.8847393989858,112.04192635209256,160.0931274143905
test,WELD2025:5521,Weld2025,4,0,6.0,2.0481885106833353,2.113324134095506,2.111006456856213,2.1153860267303433,0.06390925465714714,2.047097202199066,2.1792952813874904,111.73481407811752,129.81477773561983,111.4543958821555,151.11072226664038
test,WELD2025:5399,Weld2025,2,0,5.0,2.54780904832554,2.530007032033722,2.528570804496863,2.531123446121722,0.07309786491601589,2.4554729395808472,2.6042213110377377,353.02791547409146,338.84964269941105,285.4124670826671,401.9956105995852
test,WELD2025:5399,Weld2025,3,0,5.0,2.54780904832554,2.5377644293739223,2.5333694365950206,2.5427147287822915,0.06362745716409468,2.4697419794309257,2.606342185946386,353.02791547409146,344.9565767465256,294.94563917589187,403.96355544668495
test,WELD2025:5399,Weld2025,4,0,5.0,2.54780904832554,2.551341132972189,2.55117615007639,2.5515337374301885,0.06344506748061451,2.4877310825957752,2.614978804910803,353.02791547409146,355.91077233358686,307.41926691674666,412.0774077882835
test,WELD2025:54,Weld2025,2,0,5.0,2.4805738251611595,2.4825735330750476,2.4796801642030974,2.4852233924891443,0.07309786491601589,2.4065822992870816,2.55832125740516,302.3944563275891,303.7900414043355,255.02473167129952,361.6773045553234
test,WELD2025:54,Weld2025,3,0,5.0,2.4805738251611595,2.463909628012037,2.4617639390464685,2.4663700628074356,0.06362745716409468,2.398136481882374,2.5299975199715306,302.3944563275891,291.01114923067445,250.1131246579815,338.84222118310805
test,WELD2025:54,Weld2025,4,0,5.0,2.4805738251611595,2.4549937426282016,2.451043219203695,2.458179977381007,0.06344506748061451,2.3875981517230804,2.5216250448616218,302.3944563275891,285.09771899550844,244.11707168621143,332.37247025551653
test,WELD2025:2605,Weld2025,2,0,5.0,2.090307642818056,2.2010192718977315,2.1977270400853293,2.2039056886601474,0.07309786491601589,2.1246291751693134,2.2770035535761632,123.11405696790337,158.8617242216796,133.2383283227702,189.23591026425112
test,WELD2025:2605,Weld2025,3,0,5.0,2.090307642818056,2.2031744469098093,2.199295358644711,2.206054687912752,0.06362745716409468,2.135667901480616,2.269682145076847,123.11405696790337,159.652030690531,136.66833435251115,186.0724796019292
test,WELD2025:2605,Weld2025,4,0,5.0,2.090307642818056,2.197822241445686,2.1739438489699565,2.2132485355361844,0.06344506748061451,2.110498781489342,2.276693603016799,123.11405696790337,157.69656789154502,128.97299392668145,189.1009031356203
test,WELD2025:3442,Weld2025,2,0,5.0,2.179744267832324,2.1698167952931375,2.164575215589068,2.1753515874667895,0.07309786491601589,2.091477350673052,2.2484494523828054,151.26702576996914,147.84845661249247,123.4460933882069,177.19417964906137
test,WELD2025:3442,Weld2025,2,0,6.0,2.0409629035250627,2.022996800743364,2.0173464947178883,2.0289632979559054,0.07642239093833281,1.9409241037795555,2.105385688894238,109.89119687914757,105.43791292148589,87.28188234187058,127.46345578885484
test,WELD2025:3442,Weld2025,3,0,5.0,2.179744267832324,2.1893504473652374,2.187597683156322,2.1915221705639962,0.06362745716409468,2.1239702259922275,2.255149627728091,151.26702576996914,154.6501862469571,133.0363208893042,179.94907879381253
test,WELD2025:3442,Weld2025,3,0,6.0,2.0409629035250627,2.040699099212106,2.0393376476142384,2.042028277641505,0.07510453044171461,1.9642331171725238,2.1171328080832197,109.89119687914757,109.82446573236346,92.09437760527018,130.95823345556576
test,WELD2025:3442,Weld2025,4,0,5.0,2.179744267832324,2.158426270077117,2.1568874298697676,2.15988088896795,0.06344506748061451,2.093442362389153,2.223325956448565,151.26702576996914,144.0211485620044,124.00590391377845,167.23453095624347
test,WELD2025:3442,Weld2025,4,0,6.0,2.0409629035250627,2.033872878168081,2.032926024543952,2.034679707612011,0.06390925465714714,1.9690167698868049,2.098588962269158,109.89119687914757,108.11174523490186,93.11438300465794,125.4841757327296
test,WELD2025:3371,Weld2025,2,0,5.0,2.8242375157059842,2.826223475124566,2.825267885227747,2.8269554521057114,0.07309786491601589,2.752170020311731,2.9000533170217273,667.1715456574057,670.2294009707311,565.1581831589386,794.425757988532
test,WELD2025:3371,Weld2025,2,0,6.0,2.718927128952971,2.681874484990456,2.680464688497883,2.6836447354510327,0.07642239093833281,2.60404229755955,2.7600671263893655,523.5125881033639,480.7004016347242,401.8299446603874,575.5288866382548
test,WELD2025:3371,Weld2025,3,0,5.0,2.8242375157059842,2.8205873003454034,2.8202983845466263,2.820939263762021,0.06362745716409468,2.7566709273825314,2.8845667209261157,667.1715456574057,661.5875141076546,571.0457812035266,766.5963037739805
test,WELD2025:3371,Weld2025,3,0,6.0,2.718927128952971,2.6854039649328763,2.6831514792016042,2.6872910166848256,0.07510453044171461,2.6080469487598896,2.7623955471265402,523.5125881033639,484.6229366312882,405.55237471583575,578.6228060984434
test,WELD2025:3371,Weld2025,4,0,5.0,2.8242375157059842,2.820876965803474,2.820501431464504,2.821366345443977,0.06344506748061451,2.757056363983889,2.8848114129245914,667.1715456574057,662.0289265182954,571.5528096220402,767.0283443429599
test,WELD2025:3371,Weld2025,4,0,6.0,2.718927128952971,2.68607349431088,2.685207346695045,2.6869897906984384,0.06390925465714714,2.6212980920378977,2.7508990453555855,523.5125881033639,485.37063098204317,418.1172564542825,563.506649726637
test,WELD2025:4058,Weld2025,2,0,6.0,2.0933563788718135,2.127406418695454,2.126398651199913,2.128800679018466,0.07642239093833281,2.0499762602615803,2.2052230699567987,123.98135511382195,134.09309619214233,112.19571233440075,160.40690892592903
test,WELD2025:4058,Weld2025,3,0,6.0,2.0933563788718135,2.1196183066326864,2.1183829781119154,2.120662516240458,0.07510453044171461,2.043278447670201,2.195767046682173,123.98135511382195,131.70986561355681,110.47867262837939,156.95206957046543
test,WELD2025:4058,Weld2025,4,0,6.0,2.0933563788718135,2.1444384241760366,2.1440281226263878,2.144704649460508,0.06390925465714714,2.0801188679692406,2.208613904117655,123.98135511382195,139.4563917365304,120.25935437752892,161.66421735945082
test,WELD2025:1466,Weld2025,2,0,5.0,2.3553260905251956,2.380734718742284,2.375722811228169,2.385032590565033,0.07309786491601589,2.3026249463121533,2.458130455481049,226.63453569864203,240.28945851218958,200.73585230256967,287.1643050537366
test,WELD2025:1466,Weld2025,2,0,6.0,2.260036655840147,2.2640545696360337,2.2614972743858877,2.267127909826526,0.07642239093833281,2.185074883447555,2.343550300764859,181.98544536511505,183.67691211494312,153.1351482979894,220.57195919931178
test,WELD2025:1466,Weld2025,3,0,5.0,2.3553260905251956,2.3756607412166075,2.3740230554376134,2.3781203781950984,0.06362745716409468,2.3103955982735185,2.441747835359193,226.63453569864203,237.4984290048852,204.35986083927966,276.53355409035447
test,WELD2025:1466,Weld2025,3,0,6.0,2.260036655840147,2.2649978812051126,2.2620550148270926,2.267808321267616,0.07510453044171461,2.186950484385378,2.3429128517093307,181.98544536511505,184.07630209063328,153.7979279265917,220.24844541794752
test,WELD2025:1466,Weld2025,4,0,5.0,2.3553260905251956,2.3964647484564843,2.3934124435381228,2.3988569386396095,0.06344506748061451,2.329967376057508,2.462302006120224,226.63453569864203,249.15221269956749,213.78014930970573,289.93590860405726
test,WELD2025:1466,Weld2025,4,0,6.0,2.260036655840147,2.274793644588754,2.2724633040628675,2.2768688558363066,0.06390925465714714,2.2085540494057203,2.3407781104934537,181.98544536511505,188.2754284541857,161.6419382405742,219.16848747696673
test,NIMS-DERIVED:4757,NIMS-derived,2,0,6.0,3.134052017175964,3.110296310063088,3.107268094227625,3.113893995971213,0.07642239093833281,3.0308457032892924,3.190316386909546,1361.607757871787,1289.1287973932485,1073.6079117542529,1549.945354968115
test,NIMS-DERIVED:4757,NIMS-derived,2,0,7.0,3.1234664264399177,3.0254718773704345,3.0252847092789477,3.0256457038758104,0.17283688789025264,2.852447821388695,3.198482591766063,1328.8208273609673,1060.4052698734329,711.9472574642048,1579.3652992859097
test,NIMS-DERIVED:4757,NIMS-derived,3,0,6.0,3.134052017175964,3.112636135732997,3.111781801879823,3.1135257559365113,0.07510453044171461,3.0366772714381085,3.188630286378226,1361.607757871787,1296.0929124573236,1088.121199104152,1543.9395287244554
test,NIMS-DERIVED:4757,NIMS-derived,3,0,7.0,3.1234664264399177,3.036560088021438,3.0362018800071455,3.036830455850982,0.10188500503614173,2.934316874971004,3.1387154608871235,1328.8208273609673,1087.8276366388768,859.6405136110708,1376.3074504869069
test,NIMS-DERIVED:4757,NIMS-derived,4,0,6.0,3.134052017175964,3.108708771538623,3.1078144771111336,3.1097095330255997,0.06390925465714714,3.0439052224539864,3.173618787682747,1361.607757871787,1284.4250634986438,1106.3823080959464,1491.4846486800109
test,NIMS-DERIVED:4757,NIMS-derived,4,0,7.0,3.1234664264399177,3.028693243244024,3.0280951894179755,3.0292014209202343,0.11888132054548817,2.909213868872487,3.148082741465722,1328.8208273609673,1068.3000365290634,811.3605150114219,1406.315428791221
test,WELD2025:3725,Weld2025,2,0,6.0,2.3773290575486903,2.2893466103785585,2.287842575668755,2.2906521643426943,0.07642239093833281,2.211420184730422,2.367074555281027,238.41251963342586,194.69132930177443,162.71222532751085,232.84909551158316
test,WELD2025:3725,Weld2025,3,0,6.0,2.3773290575486903,2.290256110144562,2.2880775422448227,2.291819759633387,0.07510453044171461,2.212973011803108,2.3669242900751017,238.41251963342586,195.09947922579272,163.29504689210583,232.76854402784883
test,WELD2025:3725,Weld2025,4,0,6.0,2.3773290575486903,2.2934145961096952,2.289763878973042,2.2984686745219163,0.06390925465714714,2.225854624315895,2.3623779291790634,238.41251963342586,196.52354795629293,168.21108972139228,230.34454361765566
test,WELD2025:3572,Weld2025,2,0,6.0,2.326326221674857,2.3163004805408343,2.315161091688407,2.3175480504268466,0.07642239093833281,2.238738700750074,2.3939704413651794,211.9952946693252,207.15741379602036,173.27611444807204,247.72534468749888
test,WELD2025:3572,Weld2025,3,0,6.0,2.326326221674857,2.30611489713192,2.305133581161499,2.3082737922668457,0.07510453044171461,2.2300290507197844,2.3833783227085603,211.9952946693252,202.355446029234,169.83572547584,241.7565907993313
test,WELD2025:3572,Weld2025,4,0,6.0,2.326326221674857,2.3115121200680733,2.3114140033721924,2.312826991081238,0.06390925465714714,2.2475047487150452,2.376736245738385,211.9952946693252,204.8859227674115,176.80915505082646,238.08730863752498
test,FatigueData-AM2022:55,AM2022,2,0,5.0,2.7477051673831734,2.733824439929806,2.7283566612226626,2.7384529613985342,0.07309786491601589,2.6552587963066467,2.81155082631455,559.3777237881475,541.7818351560346,452.1252858085291,647.9639232898289
test,FatigueData-AM2022:55,AM2022,2,0,6.0,2.638990809312855,2.5783605128526688,2.5775644779205322,2.583295929431915,0.07642239093833281,2.5011420869821994,2.659718320370248,435.50265733308595,378.7568646921391,317.06046117366395,456.79182230525225
test,FatigueData-AM2022:55,AM2022,3,0,5.0,2.7477051673831734,2.808490173842622,2.805942767227456,2.8107702402989614,0.06362745716409468,2.7423153100633613,2.8743976974630563,559.3777237881475,643.4135072344433,552.4784086386555,748.8549372415662
test,FatigueData-AM2022:55,AM2022,3,0,6.0,2.638990809312855,2.5883109644055367,2.5775644779205322,2.5960325956344605,0.07510453044171461,2.5024599474788176,2.671137126076175,435.50265733308595,387.53502921162305,318.02403792402816,468.96143074445024
test,FatigueData-AM2022:55,AM2022,4,0,5.0,2.7477051673831734,2.7320919582981427,2.7245746829462543,2.739115299667846,0.06344506748061451,2.6611296154656396,2.8025603671484607,559.3777237881475,539.6248715641775,458.2786398593943,634.6881168132616
test,FatigueData-AM2022:55,AM2022,4,0,6.0,2.638990809312855,2.578758530318737,2.5775644779205322,2.590301036834717,0.06390925465714714,2.513655223263385,2.654210291491864,435.50265733308595,379.1041427595269,326.3286642385122,451.0350491842408
test,FatigueData-AM2022:735,AM2022,2,0,5.0,2.4481151754760093,2.4553499613148357,2.4546114170406033,2.456299487828148,0.07309786491601589,2.3815135521245874,2.529397352744164,280.617774135958,285.3316588691144,240.72076345999645,338.37428628424783
test,FatigueData-AM2022:735,AM2022,2,0,6.0,2.370095404911415,2.3613216933689185,2.3580053840115864,2.364999451539435,0.07642239093833281,2.2815829930732536,2.4414218424777676,234.47438472145683,229.78500960086777,191.24187502584684,276.32605860375094
test,FatigueData-AM2022:735,AM2022,3,0,5.0,2.4481151754760093,2.462080434538871,2.4591037747144995,2.46448925113575,0.06362745716409468,2.395476317550405,2.5281167082998444,280.617774135958,289.7880246782743,248.5858004568768,337.37796032417225
test,FatigueData-AM2022:735,AM2022,3,0,6.0,2.370095404911415,2.3754249579769238,2.373947729486057,2.3767349164125444,0.07510453044171461,2.2988431990443425,2.451839446854259,234.47438472145683,237.3695234970118,198.99547410009268,283.0345459651262
test,FatigueData-AM2022:735,AM2022,4,0,5.0,2.4481151754760093,2.4543729359131965,2.453952101536668,2.4549437465301343,0.06344506748061451,2.3905070340560535,2.518388814010749,280.617774135958,284.69047426754713,245.7576435060429,329.90493641956317
test,FatigueData-AM2022:735,AM2022,4,0,6.0,2.370095404911415,2.3669817338264707,2.3645264113804774,2.369925326362271,0.06390925465714714,2.3006171567233302,2.433834581019418,234.47438472145683,232.7993341558785,199.8099709766895,271.5404797835227
test,WELD2025:3313,Weld2025,2,0,5.0,2.11736736602487,2.1364040527744943,2.1347832894422636,2.136720657348633,0.07309786491601589,2.0616854245262477,2.2098185222646487,131.02898174158165,136.90019059727007,115.2618071697965,162.11325365090593
test,WELD2025:3313,Weld2025,2,0,6.0,1.8740708308503913,1.8718413968646304,1.8657884281173507,1.8784416703876357,0.07642239093833281,1.7893660371790179,1.9548640613259685,74.82915324638095,74.44600495190817,61.569558187278545,90.1288980656983
test,WELD2025:3313,Weld2025,3,0,5.0,2.11736736602487,2.12768099469804,2.12407866417774,2.1311608566753404,0.06362745716409468,2.060451207013645,2.1947883138394353,131.02898174158165,134.17790129411267,114.93471070147842,156.598758193157
test,WELD2025:3313,Weld2025,3,0,6.0,1.8740708308503913,1.8737668453053797,1.8712823138927965,1.8764458141216493,0.07510453044171461,1.796177783451082,1.951550344563364,74.82915324638095,74.77679471355836,62.54286668115012,89.44382115628328
test,WELD2025:3313,Weld2025,4,0,5.0,2.11736736602487,2.1165192838218436,2.1155355585128524,2.11756749242003,0.06344506748061451,2.0520904910322377,2.1810125599006445,131.02898174158165,130.7733604456466,112.74323472298381,151.70942415544673
test,WELD2025:3313,Weld2025,4,0,6.0,1.8740708308503913,1.8639186215673549,1.8614879617337285,1.8670369452806224,0.06390925465714714,1.7975787070765814,1.9309461999377695,74.82915324638095,73.1002094916887,62.744939817269575,85.29944391853721
test,WELD2025:858,Weld2025,2,0,5.0,2.430006962483779,2.385456637482544,2.3823470825993254,2.3879234328142007,0.07309786491601589,2.3092492176833095,2.4610212977302166,269.1577954181892,242.9162887990122,203.82113594200268,289.08216443091203
test,WELD2025:858,Weld2025,2,0,6.0,2.0898147480294735,2.0718820095062256,2.0718820095062256,2.0718820095062256,0.07642239093833281,1.9954596185678928,2.1483044004445584,122.974410121129,118.00000059777831,98.95998449314556,140.70333794403663
test,WELD2025:858,Weld2025,3,0,5.0,2.430006962483779,2.3886492571126112,2.3849257017198857,2.392086463116338,0.06362745716409468,2.3212982445557913,2.4557139202804326,269.1577954181892,244.70861392689173,209.55510468683286,285.5708802892635
test,WELD2025:858,Weld2025,3,0,6.0,2.0898147480294735,2.0718820095062256,2.0718820095062256,2.0718820095062256,0.07510453044171461,1.996777479064511,2.14698653994794,122.974410121129,118.00000059777831,99.26073325229711,140.27702279494747
test,WELD2025:858,Weld2025,4,0,5.0,2.430006962483779,2.4207641389549908,2.4159370371737174,2.423107407775814,0.06344506748061451,2.352491969693103,2.4865524752564285,269.1577954181892,263.49000089986913,225.16037831588648,306.5861101190232
test,WELD2025:858,Weld2025,4,0,6.0,2.0898147480294735,2.0827684677870915,2.0827684677870915,2.0827684677870915,0.06390925465714714,2.0188592131299443,2.1466777224442386,122.974410121129,120.99529083067154,104.43816032396032,140.1773102646284
test,WELD2025:4357,Weld2025,2,0,5.0,2.7586514852756734,2.799044937618199,2.7966139735466378,2.8025979128621077,0.07309786491601589,2.723516108630622,2.8756957777781236,573.6559272787101,629.5713229252216,529.0736209760128,751.09656838656
test,WELD2025:4357,Weld2025,3,0,5.0,2.7586514852756734,2.5932860374450684,2.5932860374450684,2.5932860374450684,0.06362745716409468,2.529658580280974,2.656913494609163,573.6559272787101,391.99997330485985,338.57787917888396,453.85120682920973
test,WELD2025:4357,Weld2025,4,0,5.0,2.7586514852756734,2.7388154171267294,2.737355808172319,2.7399906715561007,0.06344506748061451,2.673910740691704,2.8034357390367153,573.6559272787101,548.0439869799465,471.9660294604494,635.9686959171336
test,WELD2025:1180,Weld2025,2,0,5.0,2.079231201129735,2.020972481428042,2.015616604247621,2.028134292293981,0.07309786491601589,1.942518739331605,2.101232157209997,120.01380389317328,104.94759277064567,87.6029516532538,126.25022396214251
test,WELD2025:1180,Weld2025,2,0,6.0,1.7646399858792399,1.7898346078895166,1.7871357743019083,1.7931890368288326,0.07642239093833281,1.7107133833635755,1.8696114277671654,58.1620875604726,61.636022905891835,51.37045156684646,74.06472723643651
test,WELD2025:1180,Weld2025,3,0,5.0,2.079231201129735,2.1432837094001265,2.1382392644987793,2.147892482724254,0.06362745716409468,2.0746118073346844,2.2115199398883485,120.01380389317328,139.0860935317644,118.7440363351727,162.74960376238627
test,WELD2025:1180,Weld2025,3,0,6.0,1.7646399858792399,1.8406288565798565,1.8372424657822681,1.8446027881194687,0.07510453044171461,1.7621379353405535,1.9197073185611833,58.1620875604726,69.28334648780886,57.82796844143402,83.12034144432721
test,WELD2025:1180,Weld2025,4,0,5.0,2.079231201129735,2.1303375272671894,2.126865667121387,2.1347221720133414,0.06344506748061451,2.0634205996407724,2.198167239493956,120.01380389317328,135.00116841558386,115.72324404757602,157.8218898227646
test,WELD2025:1180,Weld2025,4,0,6.0,1.7646399858792399,1.7970832731236834,1.7910554560392793,1.798470590666184,0.06390925465714714,1.7271462013821322,1.8623798453233311,58.1620875604726,62.673402529823456,53.35144681698905,72.84166182529039
test,WELD2025:224,Weld2025,2,0,5.0,2.3629661724640867,2.402780004692242,2.3998787661975776,2.404768548821987,0.07309786491601589,2.3267809012815617,2.477866413738003,230.65675213797513,252.80170849789988,212.21735692432176,300.51517945828294
test,WELD2025:224,Weld2025,2,0,6.0,2.098276717939564,2.1188030236777853,2.1137780197475937,2.1237005506059985,0.07642239093833281,2.037355628809261,2.2001229415443313,125.39398890764008,131.46284409894704,108.98221459077882,158.53419128724715
test,WELD2025:224,Weld2025,3,0,5.0,2.3629661724640867,2.397351449952585,2.393241001774337,2.4013260718255376,0.06362745716409468,2.3296135446102424,2.464953528989632,230.65675213797513,249.66142783598164,213.60604777883933,291.71148559301236
test,WELD2025:224,Weld2025,3,0,6.0,2.098276717939564,2.096683795784406,2.0952360042735876,2.097819489208445,0.07510453044171461,2.020131473831873,2.17292401965016,125.39398890764008,124.93490640372193,104.74455929338409,148.91005349638056
test,WELD2025:224,Weld2025,4,0,5.0,2.3629661724640867,2.385331137462143,2.3796182950617113,2.392701749052157,0.06344506748061451,2.3161732275810967,2.4561468165327716,230.65675213797513,242.84610233324608,207.09672333499344,285.85567367661355
test,WELD2025:224,Weld2025,4,0,6.0,2.098276717939564,2.1000304872092226,2.098232997600879,2.101976178045062,0.06390925465714714,2.034323742943732,2.165885432702209,125.39398890764008,125.90137906965518,108.22404021063176,146.5161279030154
test,WELD2025:2782,Weld2025,2,0,5.0,2.2074424434665785,2.2428014751350296,2.222653743676055,2.2996032999865323,0.07309786491601589,2.1495558787600393,2.3727011649025482,161.22873386462814,174.9046980811043,141.10937840065918,235.88545627459993
test,WELD2025:2782,Weld2025,3,0,5.0,2.2074424434665785,2.2503183643410574,2.2338610837352246,2.280337647986671,0.06362745716409468,2.1702336265711297,2.3439651051507653,161.22873386462814,177.95834752176344,147.99042812730315,220.78273305875504
test,WELD2025:2782,Weld2025,4,0,5.0,2.2074424434665785,2.2529887785104763,2.250811047048829,2.2561183149674133,0.06344506748061451,2.1873659795682143,2.319563382448028,161.22873386462814,179.05595881809435,153.9451388138549,208.7196714439216
test,CMA2022:41:1,CMA2022,2,0,5.0,2.4399912186550052,2.0013786987234496,1.9980063590468853,2.0055670640435044,0.07309786491601589,1.9249084941308694,2.0786649289595203,275.41730139639475,100.31796154156734,84.12178783219792,119.85742108662487
test,CMA2022:41:1,CMA2022,2,0,6.0,1.9410711194042016,1.913522582895794,1.909468048219681,1.9168183372139844,0.07642239093833281,1.8330456572813483,1.9932407281523172,87.31143365582332,81.94502326972236,68.08409315856883,98.45566914134254
test,CMA2022:41:1,CMA2022,3,0,5.0,2.4399912186550052,2.009104392922156,2.006329486190516,2.0117682022947925,0.06362745716409468,1.9427020290264212,2.075395659458887,275.41730139639475,102.11849200898757,87.63993141631572,118.9585493371688
test,CMA2022:41:1,CMA2022,3,0,6.0,1.9410711194042016,1.9011614370229888,1.8987636561997072,1.9035448133028365,0.07510453044171461,1.8236591257579926,1.9786493437445511,87.31143365582332,79.64553557601062,66.62836032906584,95.2027171773269
test,CMA2022:41:1,CMA2022,4,0,5.0,2.4399912186550052,2.304533367566308,2.301968534219006,2.3074019395932575,0.06344506748061451,2.2385234667383913,2.370847007073872,275.41730139639475,201.61988726214264,173.19026101280556,234.88052397833317
test,CMA2022:41:1,CMA2022,4,0,6.0,1.9410711194042016,1.950068636479375,1.946252813068427,1.955034076673544,0.06390925465714714,1.8823435584112798,2.018943331330691,87.31143365582332,89.13918037521566,76.26821082708341,104.45839083885664
test,WELD2025:4028,Weld2025,2,0,5.0,3.0794207770455837,3.0989074021944347,3.090897233722652,3.1064412760150852,0.07309786491601589,3.017799368806636,3.179539140931101,1200.6620311579695,1255.7621886595534,1041.8360208055205,1511.9559587418942
test,WELD2025:4028,Weld2025,2,0,6.0,2.9688689327439106,2.931457757949829,2.931457757949829,2.931457757949829,0.07642239093833281,2.8550353670114963,3.007880148888162,930.8269155519288,853.9997783088485,716.2017321225723,1018.3103288372749
test,WELD2025:4028,Weld2025,3,0,5.0,3.0794207770455837,3.118021000918058,3.11391548780042,3.1231276072285215,0.06362745716409468,3.0502880306363256,3.1867550643926164,1200.6620311579695,1312.2633538177379,1122.7628406435326,1537.2873886192706
test,WELD2025:4028,Weld2025,3,0,6.0,2.9688689327439106,2.9416358894911268,2.9414848809679897,2.9417545525998747,0.07510453044171461,2.866380350526275,3.0168590830415893,930.8269155519288,874.2505002591621,735.1574294260819,1039.5827942508097
test,WELD2025:4028,Weld2025,4,0,5.0,3.0794207770455837,3.0824501456296494,3.082269963058234,3.082608748558099,0.06344506748061451,3.0188248955776196,3.1460538160387137,1200.6620311579695,1209.0663814950285,1044.2990804220212,1399.7607645930866
test,WELD2025:4028,Weld2025,4,0,6.0,2.9688689327439106,2.9659934639930725,2.9624431133270264,2.972771406173706,0.06390925465714714,2.8985338586698792,3.036680660830853,930.8269155519288,924.6842576016265,791.651171297969,1088.1296912325186
test,CMA2022:28:3,CMA2022,2,0,5.0,2.342943102804199,2.2530261931194238,2.252505735427909,2.2533864526886074,0.07309786491601589,2.179407870511893,2.3264843176046233,220.26378751633814,179.0713852108765,151.14990220131344,212.07248122288144
test,CMA2022:28:3,CMA2022,2,0,6.0,2.276026147324885,2.244281768798828,2.244281768798828,2.244281768798828,0.07642239093833281,2.1678593778604953,2.320704159737161,188.8105021757,175.50187828275517,147.18358529996792,209.26864376894432
test,CMA2022:28:3,CMA2022,3,0,5.0,2.342943102804199,2.2549706766024515,2.253788225194012,2.2561294560610836,0.06362745716409468,2.1901607680299175,2.319756913225178,220.26378751633814,179.87494601519822,154.9390069187111,208.81270205651145
test,CMA2022:28:3,CMA2022,3,0,6.0,2.276026147324885,2.2492098838059773,2.2490341933807176,2.249338580242389,0.07510453044171461,2.173929662939003,2.3244431106841037,188.8105021757,177.50471101032616,149.25526605501003,211.0780681279443
test,CMA2022:28:3,CMA2022,4,0,5.0,2.342943102804199,2.253453078754812,2.2531622873328674,2.253633351356858,0.06344506748061451,2.1897172198522528,2.3170784188374727,220.26378751633814,179.24748826310577,154.78084733952443,207.52882102122877
test,CMA2022:28:3,CMA2022,4,0,6.0,2.276026147324885,2.248866648492278,2.2487212773629732,2.2489567695541957,0.06390925465714714,2.184812022705826,2.312866024211343,188.8105021757,177.3644793971845,153.04248988075284,205.52564707659585
test,WELD2025:5530,Weld2025,2,0,5.0,2.5590262231808456,2.6053049564361572,2.6053049564361572,2.6053049564361572,0.07309786491601589,2.5322070915201413,2.678402821352173,362.2648717096925,402.9999167590344,340.57055064009336,476.8730960517443
test,WELD2025:5530,Weld2025,2,0,6.0,2.389941350288394,2.4361367457898293,2.4329633686841357,2.4394095639739346,0.07642239093833281,2.356540977745803,2.5158319549122674,245.43774395662408,272.9837188107518,227.26940646271072,327.96836509742855
test,WELD2025:5530,Weld2025,3,0,5.0,2.5590262231808456,2.5948387410604448,2.5943662171796307,2.5952855407679762,0.06362745716409468,2.530738760015536,2.658912997932071,362.2648717096925,393.4039725473943,339.42104015109163,455.9455673790652
test,WELD2025:5530,Weld2025,3,0,6.0,2.389941350288394,2.41621907648315,2.4120607708883313,2.4211580562537844,0.07510453044171461,2.3369562404466167,2.496262586695499,245.43774395662408,260.7468535583972,217.24822683148204,313.518077009795
test,WELD2025:5530,Weld2025,4,0,5.0,2.5590262231808456,2.5899900642592883,2.5895416557903066,2.5904680998671394,0.06344506748061451,2.526096588309692,2.653913167347754,362.2648717096925,389.0362445646631,335.81229153302877,450.72657745339967
test,WELD2025:5530,Weld2025,4,0,6.0,2.389941350288394,2.4302676920755912,2.4265956475778854,2.434574859451494,0.06390925465714714,2.3626863929207382,2.498484114108641,245.43774395662408,269.31943337319024,230.50820717293595,315.1259109397426
test,FatigueData-AM2022:1027,AM2022,2,0,5.0,2.815237400849868,2.8418482773755276,2.8410782272910673,2.842627939540358,0.07309786491601589,2.7679803623750514,2.915725804456374,653.4876746957898,694.7815502956068,586.111661526557,823.6179525719251
test,FatigueData-AM2022:1027,AM2022,2,0,6.0,2.795706983337126,2.789013606812603,2.7873490440347544,2.7917569385893493,0.07642239093833281,2.7109266530964216,2.868179329527682,624.7510336474544,615.1961470223537,513.9568433726229,738.2089895651083
test,FatigueData-AM2022:1027,AM2022,3,0,5.0,2.815237400849868,2.824149529588959,2.8233918381268723,2.8250355493652735,0.06362745716409468,2.7597643809627774,2.8886630065293684,653.4876746957898,667.0363933813003,575.1278269218502,773.8610825083395
test,FatigueData-AM2022:1027,AM2022,3,0,6.0,2.795706983337126,2.788050287177947,2.787229601679592,2.788955972774279,0.07510453044171461,2.7121250712378773,2.8640605032159936,624.7510336474544,613.8330770927735,515.3770451876392,731.2409483452499
test,FatigueData-AM2022:1027,AM2022,4,0,5.0,2.815237400849868,2.836355683489674,2.8359547771747273,2.8366701065074484,0.06344506748061451,2.7725097096941127,2.900115173988063,653.4876746957898,686.049865441649,592.2563280379163,794.5389168454014
test,FatigueData-AM2022:1027,AM2022,4,0,6.0,2.795706983337126,2.7841939220817817,2.7832610955060675,2.7850115892291916,0.06390925465714714,2.7193518408489203,2.8489208438863387,624.7510336474544,608.4066076279623,524.0247999472148,706.1888299523321
test,WELD2025:5267,Weld2025,2,0,5.0,2.6130282297381178,2.714746158024986,2.7115025782995863,2.718399393859648,0.07309786491601589,2.6384047133835704,2.7914972587756637,410.2307676836023,518.496892670755,434.9153273284251,618.7244222128099
test,WELD2025:5267,Weld2025,3,0,5.0,2.6130282297381178,2.7594249570428935,2.757115538775966,2.7620495787271793,0.06362745716409468,2.6934880816118714,2.8256770358912737,410.2307676836023,574.6785099602394,493.72836862536656,669.3866333411328
test,WELD2025:5267,Weld2025,4,0,5.0,2.6130282297381178,2.694944773167462,2.693186230111577,2.6973719440902726,0.06344506748061451,2.6297411626309626,2.760817011570887,410.2307676836023,495.3871911439936,426.3253552601414,576.5234960927922
test,WELD2025:4366,Weld2025,2,0,5.0,2.5013510681649165,2.4572237273825683,2.4528344646661004,2.4619335050654425,0.07309786491601589,2.3797365997500846,2.5350313699814584,317.21306641610596,286.5653835128641,239.73784643914053,342.792546261132
test,WELD2025:4366,Weld2025,2,0,6.0,2.189630578963193,2.1551798774003617,2.1501128255035415,2.159553211747798,0.07642239093833281,2.0736904345652087,2.2359756026861306,154.7499719469016,142.94859047055814,118.49238324717167,172.17718484792894
test,WELD2025:4366,Weld2025,3,0,5.0,2.5013510681649165,2.4745096008159297,2.4716271593838335,2.4777532423157282,0.06362745716409468,2.4079997022197386,2.5413806994798227,317.21306641610596,298.20134696611086,255.85841325750133,347.84094275626484
test,WELD2025:4366,Weld2025,3,0,6.0,2.189630578963193,2.1517619911219867,2.1455407073377644,2.158098518312818,0.07510453044171461,2.0704361768960498,2.2332030487545325,154.7499719469016,141.82800405777982,117.6078137743199,171.08149975070927
test,WELD2025:4366,Weld2025,4,0,5.0,2.5013510681649165,2.458788554171239,2.4558656659374103,2.461805549962957,0.06344506748061451,2.3924205984567957,2.5252506174435716,317.21306641610596,287.59978309566634,246.84287637555704,335.15879277411767
test,WELD2025:4366,Weld2025,4,0,6.0,2.189630578963193,2.1933338597921375,2.1932604090385004,2.193424637994349,0.06390925465714714,2.1293511543813533,2.2573338926514963,154.7499719469016,156.07518550596387,134.6949006794006,180.85640450588255
test,WELD2025:4546,Weld2025,2,0,5.0,2.6615737158254573,2.6743127583434587,2.673797010979425,2.6748276172120584,0.07309786491601589,2.600699146063409,2.7479254821280743,458.7475055975536,472.4031211770596,398.7485768593617,559.6615644311951
test,WELD2025:4546,Weld2025,3,0,5.0,2.6615737158254573,2.681241273880005,2.681241273880005,2.681241273880005,0.06362745716409468,2.6176138167159104,2.7448687310440993,458.7475055975536,480.0000403461751,414.58522125917676,555.7362561853014
test,WELD2025:4546,Weld2025,4,0,5.0,2.6615737158254573,2.6731858675022613,2.6725363330864664,2.6737442966765377,0.06344506748061451,2.609091265605852,2.7371893641571523,458.7475055975536,471.17893640574994,406.52875091502517,545.9958781879596
test,WELD2025:3386,Weld2025,2,0,5.0,1.9966113518639204,2.038371209135316,2.037043434408801,2.0400055016083583,0.07309786491601589,1.9639455694927852,2.113103366524374,99.22277109768429,109.23736336468045,92.03342182322245,129.74880496499887
test,WELD2025:3386,Weld2025,3,0,5.0,1.9966113518639204,2.0398083302076904,2.0377776370125216,2.0435047982691303,0.06362745716409468,1.974150179848427,2.107132255433225,99.22277109768429,109.5994387603748,94.22153600378842,127.9770972694141
test,WELD2025:3386,Weld2025,4,0,5.0,1.9966113518639204,1.9793242395538782,1.9784406927334124,1.9799790966603366,0.06344506748061451,1.9149956252527978,2.043424164140951,99.22277109768429,95.3507776922749,82.22343673513552,110.51574715723754
test,WELD2025:3019,Weld2025,2,0,6.0,2.309363127610425,2.2678160693508724,2.266936097052787,2.2689117719987655,0.07642239093833281,2.190513706114454,2.3453341629370983,203.87460264896902,185.27467893764702,155.06497237439606,221.47982053789937
test,WELD2025:3019,Weld2025,3,0,6.0,2.309363127610425,2.263877843833947,2.263100193463138,2.2645082230399436,0.07510453044171461,2.1879956630214235,2.339612753481658,203.87460264896902,183.60218437290925,154.16850572014462,218.58117362410908
test,WELD2025:3019,Weld2025,4,0,6.0,2.309363127610425,2.2623913472382764,2.260981076517653,2.2637983685767082,0.06390925465714714,2.1970718218605056,2.3277076232338554,203.87460264896902,182.9748278539587,157.42431848951728,212.6706817300559
test,WELD2025:4676,Weld2025,2,0,6.0,2.304519081111599,2.370255023241043,2.3631432056427,2.3767424702644346,0.07642239093833281,2.2867208147043674,2.4531648612027674,201.613254928251,234.56057805290823,193.51775391845283,283.8996526722323
test,WELD2025:4676,Weld2025,3,0,6.0,2.304519081111599,2.2973825182401875,2.2960209293336047,2.2987257309123206,0.07510453044171461,2.22091639889189,2.373830261354035,201.613254928251,198.32730855945476,166.30924764726566,236.4995187608233
test,WELD2025:4676,Weld2025,4,0,6.0,2.304519081111599,2.2850706902300253,2.284069869645889,2.286513610935434,0.06390925465714714,2.220160614988742,2.350422865592581,201.613254928251,192.78386824767128,166.02007854386156,224.09020071095173
test,WELD2025:3847,Weld2025,2,0,5.0,2.596886278610242,2.5817272441015904,2.577260911808619,2.5836538741031694,0.07309786491601589,2.5041630468926033,2.6567517390191853,395.26310561604345,381.70446847115517,319.27362770125256,453.68219869549523
test,WELD2025:3847,Weld2025,2,0,6.0,2.4809649456774787,2.4939485418185257,2.4919545349185808,2.4954884185337214,0.07642239093833281,2.415532143980248,2.571910809472054,302.66691189473323,311.85200586102815,260.3347509056365,373.173511736771
test,WELD2025:3847,Weld2025,2,0,7.0,2.47721597516917,2.477121353149414,2.477121353149414,2.477121353149414,0.17283688789025264,2.3042844652591614,2.6499582410396667,300.0654377042956,300.0000679928713,201.50436823220565,446.64064399842164
test,WELD2025:3847,Weld2025,3,0,5.0,2.596886278610242,2.5457905643417265,2.544786552860261,2.5470826452145556,0.06362745716409468,2.4811590956961664,2.6107101023786505,395.26310561604345,351.3909436901277,302.802248459827,408.04691839795515
test,WELD2025:3847,Weld2025,3,0,6.0,2.4809649456774787,2.4827889480058936,2.4798007703391427,2.48474665818767,0.07510453044171461,2.404696239897428,2.5598511886293847,302.66691189473323,303.9407620463991,253.919608554323,362.95366708031514
test,WELD2025:3847,Weld2025,3,0,7.0,2.47721597516917,2.477121353149414,2.477121353149414,2.477121353149414,0.10188500503614173,2.3752363481132726,2.5790063581855556,300.0654377042956,300.0000679928713,237.26645860649197,379.3205382855784
test,WELD2025:3847,Weld2025,4,0,5.0,2.596886278610242,2.57075811883043,2.568657777701254,2.5711522296242726,0.06344506748061451,2.5052127102206394,2.634597297104887,395.26310561604345,372.1843597045695,320.04622591111786,431.1191329025276
test,WELD2025:3847,Weld2025,4,0,6.0,2.4809649456774787,2.5066494652891436,2.5056325148785428,2.5079390379040696,0.06390925465714714,2.4417232602213956,2.5718482925612167,302.66691189473323,321.1067724046221,276.51790650971975,373.11979708679286
test,WELD2025:3847,Weld2025,4,0,7.0,2.47721597516917,2.4774420815477245,2.477435643550422,2.4774509286828597,0.11888132054548817,2.3585543230049337,2.5963322492283476,300.0654377042956,300.2217012002188,228.3254503920745,394.7591900437458
test,WELD2025:4076,Weld2025,2,0,5.0,2.764093961502706,2.7728903860911966,2.767511987613498,2.7737865447998047,0.07309786491601589,2.694414122697482,2.8468844097158206,580.8900820260719,592.7756918678532,494.7822631023317,702.8852175407142
test,WELD2025:4076,Weld2025,3,0,5.0,2.764093961502706,2.764626681092137,2.7632376310130224,2.7665529673407754,0.06362745716409468,2.699610173848928,2.83018042450487,580.8900820260719,581.6030576868973,500.73756585770815,676.3639075312012
test,WELD2025:4076,Weld2025,4,0,5.0,2.764093961502706,2.770805772442907,2.770584091981901,2.770977420770195,0.06344506748061451,2.7071390245012865,2.8344224882508096,580.8900820260719,589.9371862263246,509.49394198743335,683.002806536512
test,WELD2025:3433,Weld2025,2,0,6.0,2.2286247880326227,2.2349957082408056,2.233646298804069,2.237345892765876,0.07642239093833281,2.157223907865736,2.3137682837042086,169.2874596790136,171.78914106290037,143.62297150266423,205.9530764665205
test,WELD2025:3433,Weld2025,3,0,6.0,2.2286247880326227,2.256949322767076,2.255221984597639,2.2597157972854736,0.07510453044171461,2.1801174541559245,2.334820327727188,169.2874596790136,180.6963261620937,151.39706436917024,216.18239689953424
test,WELD2025:3433,Weld2025,4,0,6.0,2.2286247880326227,2.219399571156825,2.202590447359292,2.2311238873564134,0.06390925465714714,2.138681192702145,2.2950331420135606,169.2874596790136,165.7294049984867,137.61988566650078,197.2573261986411
test,WELD2025:4609,Weld2025,2,0,5.0,2.25556205840353,2.2496868177159386,2.2476280490632807,2.251332286713771,0.07309786491601589,2.174530184147265,2.324430151629787,180.12004981571638,177.69975037029442,149.4617917044793,211.0717697947775
test,WELD2025:4609,Weld2025,3,0,5.0,2.25556205840353,2.2585560131223774,2.2567877470003763,2.260561623765496,0.06362745716409468,2.193160289836282,2.3241890809295906,180.12004981571638,181.36605776245526,156.01282102396766,210.9546393641776
test,WELD2025:4609,Weld2025,4,0,5.0,2.25556205840353,2.2566355794422037,2.2550560582786154,2.2580912434827116,0.06344506748061451,2.191610990798001,2.3215363109633262,180.12004981571638,180.56583453574183,155.4572535515097,209.67000761341075
test,FatigueData-AM2022:7,AM2022,2,0,5.0,2.4380100791636354,2.4583941581828963,2.45178915599861,2.4642375264312455,0.07309786491601589,2.378691291082594,2.5373353913472614,274.16377994813143,287.338723567585,239.16151237342103,344.6159636024291
test,FatigueData-AM2022:7,AM2022,3,0,5.0,2.4380100791636354,2.473215422100183,2.4696529119602104,2.474535314053501,0.06362745716409468,2.406025454796116,2.5381627712175954,274.16377994813143,297.3140426094198,254.69795313519484,345.27312158277323
test,FatigueData-AM2022:7,AM2022,4,0,5.0,2.4380100791636354,2.475482684464781,2.4744559989969033,2.4765053148606295,0.06344506748061451,2.4110109315162886,2.539950382341244,274.16377994813143,298.8702483541574,257.6386005745334,346.69723841808553
test,FatigueData-AM2022:1314,AM2022,2,0,5.0,2.406196847681112,2.3823930440041545,2.3706371436764297,2.3912065195597347,0.07309786491601589,2.297539278760414,2.4643043844757506,254.79848867912082,241.2087421928075,198.39890860286545,291.2757870807933
test,FatigueData-AM2022:1314,AM2022,2,0,6.0,2.1582601225040583,2.1612650557529207,2.1602292237666676,2.161464247281549,0.07642239093833281,2.083806832828335,2.237886638219882,143.9660610840777,144.96563283334132,121.28492747067897,172.9364892573724
test,FatigueData-AM2022:1314,AM2022,2,0,7.0,2.0826129735542467,2.06528443192526,2.0646331310272217,2.06987415028743,0.17283688789025264,1.891796243136969,2.2427110381776827,120.95197758809371,116.22095290293893,77.9464325381825,174.8682799304055
test,FatigueData-AM2022:1314,AM2022,3,0,5.0,2.406196847681112,2.4412346440005175,2.4277430286393016,2.4520785268277057,0.06362745716409468,2.3641155714752067,2.5157059839918006,254.79848867912082,276.2069765689528,231.26801429068502,327.8732487942682
test,FatigueData-AM2022:1314,AM2022,3,0,6.0,2.1582601225040583,2.166535171867201,2.166418648989166,2.166678377075763,0.07510453044171461,2.0913141185474515,2.2417829075174778,143.9660610840777,146.73549176197977,123.39970416909922,174.49496800490584
test,FatigueData-AM2022:1314,AM2022,3,0,7.0,2.0826129735542467,2.1431069127608335,2.136766916331328,2.1485172690212555,0.10188500503614173,2.0348819112951864,2.2504022740573975,120.95197758809371,139.029484593685,108.36322242883854,177.9927340445456
test,FatigueData-AM2022:1314,AM2022,4,0,5.0,2.406196847681112,2.4525976771672617,2.4448784261057908,2.4638988971710205,0.06344506748061451,2.381433358625176,2.527343964651635,254.79848867912082,283.52912471080873,240.6763179074277,336.7781947607016
test,FatigueData-AM2022:1314,AM2022,4,0,6.0,2.1582601225040583,2.183827726218529,2.1789655617304224,2.188264482686711,0.06390925465714714,2.1150563070732753,2.252173737343858,143.9660610840777,152.69602310752947,130.33357473600603,178.72023932764446
test,FatigueData-AM2022:1314,AM2022,4,0,7.0,2.0826129735542467,2.103271722793579,2.103271722793579,2.103271722793579,0.11888132054548817,1.984390402248091,2.222153043339067,120.95197758809371,126.84452392443625,96.46958322295329,166.78348461848276
test,FatigueData-AM2022:1206,AM2022,2,0,5.0,2.6294460907178667,2.655310212370112,2.647006975589473,2.662161889179795,0.07309786491601589,2.573909110673457,2.735259754095811,426.03579617476555,452.1788160270504,374.89453595344605,543.575349913718
test,FatigueData-AM2022:1206,AM2022,3,0,5.0,2.6294460907178667,2.6344895611004295,2.6307017803848396,2.6381499817405305,0.06362745716409468,2.567074323220745,2.7017774389046254,426.03579617476555,431.0121978753861,369.0407491542858,503.2426480188543
test,FatigueData-AM2022:1206,AM2022,4,0,5.0,2.6294460907178667,2.6382540251338034,2.6341757291231995,2.644888020873723,0.06344506748061451,2.570730661642585,2.7083330883543377,426.03579617476555,434.7644498390427,372.1608300184456,510.896689261461
test,WELD2025:2185,Weld2025,2,0,6.0,2.298377899572264,2.234357724442641,2.2331567869881064,2.235332611512669,0.07642239093833281,2.1567343960497736,2.311755002451002,198.782386185782,171.5369660255163,143.46117913033615,205.00053877344286
test,WELD2025:2185,Weld2025,2,0,7.0,2.204119920730591,2.204119920730591,2.204119920730591,2.204119920730591,0.17283688789025264,2.031283032840338,2.3769568086208435,159.99997718586548,159.99997718586548,107.46895670960731,238.20825551188156
test,WELD2025:2185,Weld2025,3,0,6.0,2.298377899572264,2.254828938137816,2.2542498525210894,2.2553473279199987,0.07510453044171461,2.179145322079375,2.3304518583617133,198.782386185782,179.81625072934807,151.0585536379951,214.0187673350487
test,WELD2025:2185,Weld2025,3,0,7.0,2.204119920730591,2.204119920730591,2.204119920730591,2.204119920730591,0.10188500503614173,2.1022349156944493,2.3060049257667323,159.99997718586548,159.99997718586548,126.542064533505,202.30421238859492
test,WELD2025:2185,Weld2025,4,0,6.0,2.298377899572264,2.302636371926506,2.291445423480692,2.30829446476512,0.06390925465714714,2.2275361688235447,2.372203719422267,198.782386185782,200.74113342102882,168.86364863067118,235.6154252626947
test,WELD2025:2185,Weld2025,4,0,7.0,2.204119920730591,2.204119920730591,2.204119920730591,2.204119920730591,0.11888132054548817,2.085238600185103,2.3230012412760788,159.99997718586548,159.99997718586548,121.6854353444339,210.37844526763624
test,WELD2025:3370,Weld2025,2,0,5.0,2.855605144570281,2.8535934606620015,2.852937280140438,2.854319896227952,0.07309786491601589,2.779839415224422,2.927417761143968,717.1419777356181,713.827805142659,602.3368247619453,846.0923359303151
test,WELD2025:3370,Weld2025,2,0,6.0,2.7407329678414967,2.7453815861866997,2.7439979522884985,2.7469229816600547,0.07642239093833281,2.6675755613501657,2.8233453725983875,550.4691285319192,556.3929086629563,465.13129566452125,665.8024249664232
test,WELD2025:3370,Weld2025,3,0,5.0,2.855605144570281,2.8493523633257083,2.84912387468715,2.8496113446337232,0.06362745716409468,2.7854964175230554,2.913238801797818,717.1419777356181,706.8908551089066,610.2340228290717,818.9149541311419
test,WELD2025:3370,Weld2025,3,0,6.0,2.7407329678414967,2.733715410604612,2.7329834285650745,2.7345322273962323,0.07510453044171461,2.65787889812336,2.809636757837947,550.4691285319192,541.6458382778417,454.8612056107663,645.1144322016056
test,WELD2025:3370,Weld2025,4,0,5.0,2.855605144570281,2.853985729803663,2.8530054407509904,2.854710818453531,0.06344506748061451,2.7895603732703758,2.9181558859341457,717.1419777356181,714.4728492970371,615.9711521424111,828.2393991344098
test,WELD2025:3370,Weld2025,4,0,6.0,2.7407329678414967,2.7389816835996488,2.7386692035226,2.739317271450534,0.06390925465714714,2.6747599488654528,2.803226526107681,550.4691285319192,548.2538417888695,472.8898024684721,635.6624041346751
test,WELD2025:426,Weld2025,2,0,5.0,2.3227634529657264,2.5456349985402555,2.5350043570581318,2.552572439908828,0.07309786491601589,2.461906492142116,2.625670304824844,210.26328874497287,351.26509676657923,289.6719828387118,422.3478666451373
test,WELD2025:426,Weld2025,3,0,5.0,2.3227634529657264,2.5711641738694313,2.5666161827884504,2.575781191070907,0.06362745716409468,2.5029887256243555,2.639408648235002,210.26328874497287,372.5325059814768,318.4114860364992,435.92186027976976
test,WELD2025:426,Weld2025,4,0,5.0,2.3227634529657264,2.555875239132896,2.5518882504048612,2.5599217660030584,0.06344506748061451,2.4884431829242466,2.623366833483673,210.26328874497287,359.64600390308516,307.923747036164,420.1136896264983
test,WELD2025:1399,Weld2025,2,0,5.0,2.3169369900029158,2.3222193717956543,2.3222193717956543,2.3222193717956543,0.07309786491601589,2.2491215068796384,2.39531723671167,207.46124986386326,210.00003726265578,177.46859329439172,248.494760856993
test,WELD2025:1399,Weld2025,2,0,6.0,2.240604065627387,2.313614311949974,2.310440727481628,2.318180585129904,0.07642239093833281,2.2340183365432953,2.394602976068237,174.02196394469732,205.88007223283205,171.4029674801042,248.08641085249926
test,WELD2025:1399,Weld2025,2,0,7.0,2.1955155993372877,2.208732895054427,2.2070592606254924,2.210777230971805,0.17283688789025264,2.0342223727352398,2.3836141188620577,156.86122393400777,161.7085172826414,108.19878220316778,241.88788593342161
test,WELD2025:1399,Weld2025,3,0,5.0,2.3169369900029158,2.3149701508521874,2.3130769985286497,2.317520428469697,0.06362745716409468,2.249449541364555,2.3811478856337915,207.46124986386326,206.52382066917298,177.60269080783598,240.51816712511533
test,WELD2025:1399,Weld2025,3,0,6.0,2.240604065627387,2.225424590072789,2.224217156364816,2.226544048932811,0.07510453044171461,2.1491126259231015,2.301648579374526,174.02196394469732,168.04461114519253,140.96543177665606,200.28507129739725
test,WELD2025:1399,Weld2025,3,0,7.0,2.1955155993372877,2.1931571575930904,2.193050153018495,2.1932131902783865,0.10188500503614173,2.0911651479823536,2.2950981953145284,156.86122393400777,156.01169582354584,123.3573831819397,197.28687573672542
test,WELD2025:1399,Weld2025,4,0,5.0,2.3169369900029158,2.3221216709997883,2.3215943184273637,2.3222193717956543,0.06344506748061451,2.258149250946749,2.385664439276269,207.46124986386326,209.95280004463007,181.19626901748356,243.0325475153047
test,WELD2025:1399,Weld2025,4,0,6.0,2.240604065627387,2.258615909907907,2.257946828645267,2.2597070908598256,0.06390925465714714,2.19403757398812,2.3236163455169727,174.02196394469732,181.39107303081974,156.32828878126415,210.67662164887932
test,WELD2025:1399,Weld2025,4,0,7.0,2.1955155993372877,2.1903316974639893,2.1903316974639893,2.1903316974639893,0.11888132054548817,2.0714503769185013,2.309213018009477,156.86122393400777,154.99999974792024,117.88278210691543,203.80414758166694
test,WELD2025:4068,Weld2025,2,0,5.0,2.15419720994988,2.1914647097282867,2.183324648876025,2.1978169647222723,0.07309786491601589,2.1102267839600093,2.270914829638288,142.62550985928846,155.40490054001742,128.89224375809655,186.60137072590157
test,WELD2025:4068,Weld2025,3,0,5.0,2.15419720994988,2.191155111339102,2.1878962942758213,2.194309350963543,0.06362745716409468,2.1242688371117264,2.2579368081276376,142.62550985928846,155.29415549580844,133.1278251263977,181.10765533628646
test,WELD2025:4068,Weld2025,4,0,5.0,2.15419720994988,2.17896726830324,2.1762554578493907,2.182005889830588,0.06344506748061451,2.112810390368776,2.2454509573112027,142.62550985928846,150.99663474611344,129.66130561006324,175.97499328827655
test,WELD2025:649,Weld2025,2,0,6.0,2.2453906728218143,2.194423724648959,2.1917273062710376,2.197011449366042,0.07642239093833281,2.115304915332705,2.273433840304375,175.9505678654277,156.46734907254154,130.4082044640114,187.68684775882576
test,WELD2025:649,Weld2025,3,0,6.0,2.2453906728218143,2.1937705654824917,2.1893136479363844,2.1991052981504513,0.07510453044171461,2.1142091174946698,2.274209828592166,175.9505678654277,156.23220615585635,130.07957745087256,188.02250247005793
test,WELD2025:649,Weld2025,4,0,6.0,2.2453906728218143,2.2315946613749986,2.2305439436094807,2.2324620816022707,0.06390925465714714,2.1666346889523336,2.296371336259418,175.9505678654277,170.44907996507285,146.76911954736477,197.8660737926752
test,WELD2025:2794,Weld2025,2,0,5.0,2.461923356521624,2.514689396181608,2.514945717926166,2.515430398909118,0.07309786491601589,2.44184785301015,2.588528263825134,289.68323150362755,327.10666722086603,276.5972468673119,387.7289810380532
test,WELD2025:2794,Weld2025,3,0,5.0,2.461923356521624,2.525165108700519,2.5247332880669098,2.5254905732610378,0.06362745716409468,2.461105830902815,2.5891180304251327,289.68323150362755,335.09280946758304,289.1384382541922,388.2558699302053
test,WELD2025:2794,Weld2025,4,0,5.0,2.461923356521624,2.4889937115645795,2.4888575018632895,2.4891075285038538,0.06344506748061451,2.425412434382675,2.5525525959844684,289.68323150362755,308.3143307066551,266.32530581443103,356.9049702600461
test,FatigueData-AM2022:1344,AM2022,2,0,6.0,1.7798347603846858,1.8182435370981693,1.8145720958709717,1.8224045038223267,0.07642239093833281,1.7381497049326389,1.8988268947606595,60.233036885131874,65.8026732203423,54.7204556364913,79.21855106822495
test,FatigueData-AM2022:1344,AM2022,2,0,7.0,1.7444781905725562,1.8182435370981693,1.8145720958709717,1.8224045038223267,0.17283688789025264,1.641735207980719,1.9952413917125793,55.52367335064428,65.8026732203423,43.82634044022959,98.91027098709807
test,FatigueData-AM2022:1344,AM2022,3,0,6.0,1.7798347603846858,1.751216230156094,1.7478021145997742,1.7553793550170116,0.07510453044171461,1.6726975841580596,1.8304838854587262,60.233036885131874,56.391835431188944,47.06494810476261,67.68366783594719
test,FatigueData-AM2022:1344,AM2022,3,0,7.0,1.7444781905725562,1.6821571516204856,1.6619794571667548,1.7139357627139202,0.10188500503614173,1.560094452130613,1.815820767750062,55.52367335064428,48.101337404602084,36.315702704973155,65.43660630912136
test,FatigueData-AM2022:1344,AM2022,4,0,6.0,1.7798347603846858,1.7736404923313072,1.7592284991255809,1.792706189908035,0.06390925465714714,1.6953192444684337,1.8566154445651821,60.233036885131874,59.38004089128354,49.581452396567606,71.88122083199973
test,FatigueData-AM2022:1344,AM2022,4,0,7.0,1.7444781905725562,1.744080901145935,1.744080901145935,1.744080901145935,0.11888132054548817,1.625199580600447,1.8629622216914232,55.52367335064428,55.47290392424731,42.189033914676756,72.93940591320957
test,FatigueData-AM2022:1221,AM2022,2,0,5.0,2.346128377991156,2.3413896294411174,2.338465161170097,2.3454213710342615,0.07309786491601589,2.265367296254081,2.4185192359502774,221.88522183544436,219.47731038810826,184.23294576940384,262.13151404351305
test,FatigueData-AM2022:1221,AM2022,3,0,5.0,2.346128377991156,2.3492851202523424,2.3476503535282376,2.3515076272271838,0.06362745716409468,2.284022896364143,2.415135084391278,221.88522183544436,223.5039074918415,192.31931185686912,260.09684511841056
test,FatigueData-AM2022:1221,AM2022,4,0,5.0,2.346128377991156,2.3536755200962056,2.3522475056917247,2.3554617759767167,0.06344506748061451,2.28880243821111,2.4189068434573313,221.88522183544436,225.7748280005316,194.44753330686473,262.36557065997425
test,WELD2025:5717,Weld2025,2,0,5.0,2.200580964854578,2.182246241119003,2.177490441143157,2.186365248743841,0.07309786491601589,2.104392576227141,2.259463113659857,158.70147561029015,152.14099111526482,127.17231474337387,181.74526861281169
test,WELD2025:5717,Weld2025,2,0,6.0,1.8730114156545172,1.8593941227239945,1.8548717583127854,1.8646109369544042,0.07642239093833281,1.7784493673744526,1.941033327892737,74.64683794586614,72.34260157121219,60.04120052356081,87.303836305123
test,WELD2025:5717,Weld2025,3,0,5.0,2.200580964854578,2.19820033968238,2.191155348498058,2.205211120113409,0.06362745716409468,2.1275278913339637,2.2688385772775037,158.70147561029015,157.83391883438458,134.13060742257946,185.71140568963023
test,WELD2025:5717,Weld2025,3,0,6.0,1.8730114156545172,1.8689252978161934,1.8669516138525857,1.870681420107629,0.07510453044171461,1.791847083410871,1.9457859505493436,74.64683794586614,73.94780678750007,61.92230061255171,88.26447666520805
test,WELD2025:5717,Weld2025,4,0,5.0,2.200580964854578,2.201618839900708,2.1987960049350157,2.2043005161403295,0.06344506748061451,2.135350937454401,2.267745583620944,158.70147561029015,159.08119324299005,136.56862518445803,185.24461141012412
test,WELD2025:5717,Weld2025,4,0,6.0,1.8730114156545172,1.8660194206744731,1.863812264154019,1.8679773212582411,0.06390925465714714,1.7999030094968718,1.9318865759153883,74.64683794586614,73.45467147031167,63.081644921249456,85.48434254619903
test,FatigueData-AM2022:225,AM2022,2,0,5.0,1.9771169067126821,1.9551692676026038,1.9447163006516155,1.9662725584847371,0.07309786491601589,1.8716184357355996,2.039370423400753,94.86738002071714,90.19225962008602,74.40779515189267,109.48898340432461
test,FatigueData-AM2022:225,AM2022,3,0,5.0,1.9771169067126821,1.9841798369101498,1.9795850328638445,1.9888044183766205,0.06362745716409468,1.9159575756997498,2.052431875540715,94.86738002071714,96.42282180259534,82.40576125506462,112.83189328698124
test,FatigueData-AM2022:225,AM2022,4,0,5.0,1.9771169067126821,1.9495988426096655,1.9316073373887175,1.9685659490718823,0.06344506748061451,1.8681622699081029,2.032011016552497,94.86738002071714,89.04280706089155,73.81799923806756,107.64925201843565
test,WELD2025:1449,Weld2025,2,0,5.0,2.146059359578745,2.1192733705074085,2.1181877494940147,2.1208100249355053,0.07309786491601589,2.045089884577999,2.193907889851521,139.97786319151004,131.60529727223224,110.9404401481259,156.281614753824
test,WELD2025:1449,Weld2025,2,0,6.0,2.081419784281775,2.077934565096776,2.0776971105874242,2.078123241201329,0.07642239093833281,2.0012747196490914,2.1545456321396617,120.6201278002454,119.65602326733598,100.29394622333952,142.73998018730347
test,WELD2025:1449,Weld2025,3,0,5.0,2.146059359578745,2.1312205773289215,2.129919425739439,2.1332089617729593,0.06362745716409468,2.066291968575344,2.196836418937054,139.97786319151004,135.27594526589994,116.49089140856402,157.3390120793686
test,WELD2025:1449,Weld2025,3,0,6.0,2.081419784281775,2.0779795569177173,2.077282912731718,2.078656899791434,0.07510453044171461,2.0021783822900034,2.1537614302331485,120.6201278002454,119.66841997387525,100.5028511326567,142.4824683647025
test,WELD2025:1449,Weld2025,4,0,5.0,2.146059359578745,2.1221377637635026,2.121594049468597,2.1226779220388674,0.06344506748061451,2.0581489819879826,2.186122989519482,139.97786319151004,132.47616999028534,114.32704592617763,153.50516384096002
test,WELD2025:1449,Weld2025,4,0,6.0,2.081419784281775,2.077554329803582,2.076948520035086,2.0780004624388657,0.06390925465714714,2.0130392653779388,2.141909717096013,120.6201278002454,119.55130738044012,103.04792837930918,138.64675743904445
test,WELD2025:2172,Weld2025,2,0,5.0,2.476828723710522,2.542187289262729,2.5326127131986698,2.549181469965247,0.07309786491601589,2.459514848282654,2.622279334881263,299.79799477846217,348.48756771242927,288.08115414082584,419.063016573608
test,WELD2025:2172,Weld2025,2,0,6.0,2.2762759100066225,2.1226485627105114,2.116534778523215,2.1311642717884265,0.07642239093833281,2.040112387584882,2.2075866627267593,188.91911829254096,132.63207456908646,109.67619816568687,161.28228312875842
test,WELD2025:2172,Weld2025,2,0,7.0,1.888569624995129,1.8560863435268402,1.8543667793273926,1.8667476415634154,0.17283688789025264,1.68152989143714,2.039584529453668,77.3694705615147,71.79370125228647,48.03191383047731,109.54297449674318
test,WELD2025:2172,Weld2025,3,0,5.0,2.476828723710522,2.556572556457967,2.5509826803731066,2.561239412956098,0.06362745716409468,2.487355223209012,2.6248668701201927,299.79799477846217,360.22392704938784,307.15332655449134,421.5672551804139
test,WELD2025:2172,Weld2025,3,0,6.0,2.2762759100066225,2.1412814112588743,2.1253774790534754,2.1739089496964747,0.07510453044171461,2.050272948611761,2.2490134801381894,188.91911829254096,138.44631836619456,112.27238504112799,177.42445511053037
test,WELD2025:2172,Weld2025,3,0,7.0,1.888569624995129,1.8552265614271164,1.8543667793273926,1.8543667793273926,0.10188500503614173,1.7524817742912508,1.9562517843635343,77.3694705615147,71.65171031984865,56.55640219926553,90.41735208473376
test,WELD2025:2172,Weld2025,4,0,5.0,2.476828723710522,2.5313368884326035,2.5244012068877653,2.5385507052445573,0.06344506748061451,2.4609561394071506,2.601995772725172,299.79799477846217,339.88882697342956,289.03879594039915,399.9408568538294
test,WELD2025:2172,Weld2025,4,0,6.0,2.2762759100066225,2.279951143442158,2.2771523458518237,2.2848922620126046,0.06390925465714714,2.2132430911946765,2.348801516669752,188.91911829254096,190.52463725836154,163.39662852595154,223.2551658256576
test,WELD2025:2172,Weld2025,4,0,7.0,1.888569624995129,1.9463636241853237,1.9369059801101685,1.9644191265106201,0.11888132054548817,1.8180246595646803,2.083300447056108,77.3694705615147,88.38195913166393,65.76951807182417,121.14359210458305
test,WELD2025:2134,Weld2025,2,0,6.0,2.186228523882568,2.1662310239976925,2.1646622401129694,2.1674390319725036,0.07642239093833281,2.0882398491746366,2.2438614229108365,153.5424704125477,146.6327650058862,122.52927086832615,175.332095321188
test,WELD2025:2134,Weld2025,2,0,7.0,2.1366839727894194,2.1308679718124,2.130858002962932,2.1308806644007237,0.17283688789025264,1.9580211150726794,2.3037175522909763,136.98845664112199,135.1661587310668,90.7864668805925,201.24150301702687
test,WELD2025:2134,Weld2025,3,0,6.0,2.186228523882568,2.1835345894240845,2.1834602307531634,2.1835971570236974,0.07510453044171461,2.108355700311449,2.258701687465412,153.5424704125477,152.59299227973736,128.33812803919886,181.4269031426571
test,WELD2025:2134,Weld2025,3,0,7.0,2.1366839727894194,2.130333662033081,2.130333662033081,2.130333662033081,0.10188500503614173,2.0284486569969395,2.2322186670692226,136.98845664112199,134.99996690642243,106.76985600097127,170.69416169831084
test,WELD2025:2134,Weld2025,4,0,6.0,2.186228523882568,2.182765631724961,2.182644809828869,2.1828980102320554,0.06390925465714714,2.118735555171722,2.2468072648892026,153.5424704125477,152.3230516195882,131.44242267260074,176.52542464237658
test,WELD2025:2134,Weld2025,4,0,7.0,2.1366839727894194,2.130333662033081,2.130333662033081,2.130333662033081,0.11888132054548817,2.011452341487593,2.249214982578569,136.98845664112199,134.99996690642243,102.67207554291704,177.5067949913712
test,WELD2025:4346,Weld2025,2,0,5.0,2.3896781275996837,2.4164371283530595,2.4143305488865505,2.419884290921146,0.07309786491601589,2.3412326839705346,2.492982155837162,245.28903101810045,260.8778029879905,219.39800994129533,311.15884864548184
test,WELD2025:4346,Weld2025,2,0,6.0,1.9976348779714208,2.0168474950656137,2.011283638644434,2.024336267172307,0.07642239093833281,1.9348612477061011,2.1007586581106397,99.45689072763268,103.95550561601097,86.07187181206054,126.11265189115127
test,WELD2025:4346,Weld2025,3,0,5.0,2.3896781275996837,2.3933499773251214,2.3876634074819223,2.3986982984513867,0.06362745716409468,2.3240359503178274,2.462325755615481,245.28903101810045,247.37167930573898,210.88027065831412,289.95176425052125
test,WELD2025:4346,Weld2025,3,0,6.0,1.9976348779714208,2.018285756091613,2.0140336489409183,2.0221141070645503,0.07510453044171461,1.9389291184992037,2.097218637506265,99.45689072763268,104.30034767128299,86.88186172305093,125.08886084114889
test,WELD2025:4346,Weld2025,4,0,5.0,2.3896781275996837,2.386381924524212,2.383077031623933,2.3882762682071474,0.06344506748061451,2.3196319641433183,2.451721335687762,245.28903101810045,243.43438634104655,208.75263405291307,282.9575820698387
test,WELD2025:4346,Weld2025,4,0,6.0,1.9976348779714208,1.9762202627573315,1.9703091330406672,1.9831060682232375,0.06390925465714714,1.90639987838352,2.0470153228803847,99.45689072763268,94.67171897259388,80.61203381241322,111.43338490879533
test,WELD2025:4864,Weld2025,2,0,5.0,2.7003347279160357,2.711845055415969,2.710866296740556,2.713342823926641,0.07309786491601589,2.63776843182454,2.786440688842657,501.5736673307042,515.0448576535308,434.27860271755884,611.5622768107752
test,WELD2025:4864,Weld2025,3,0,5.0,2.7003347279160357,2.7214163138291227,2.720030722305887,2.7228369444525033,0.06362745716409468,2.656403265141792,2.7864644016165983,501.5736673307042,526.5217472576956,453.3183143016402,611.5956694384453
test,WELD2025:4864,Weld2025,4,0,5.0,2.7003347279160357,2.699461875905586,2.6993251609133844,2.699662521042254,0.06344506748061451,2.6358800934327697,2.7631075885228684,501.5736673307042,500.566608875157,432.39443258013324,579.5722570811712
test,WELD2025:4043,Weld2025,2,0,7.0,2.860353427001566,2.8195438385009766,2.8195438385009766,2.8195438385009766,0.17283688789025264,2.646706950610724,2.992380726391229,725.0257429258559,659.9998525263749,443.30941058265444,982.608974536126
test,WELD2025:4043,Weld2025,3,0,7.0,2.860353427001566,2.820234014371592,2.820202591220347,2.820251093720836,0.10188500503614173,2.718317586184205,2.9221360987569778,725.0257429258559,661.049550678305,522.7783409603323,835.8649196786473
test,WELD2025:4043,Weld2025,4,0,7.0,2.860353427001566,2.820079380264198,2.8200657229781334,2.820101066147842,0.11888132054548817,2.701184402432645,2.93898238669333,725.0257429258559,660.8142204695345,502.5559306268846,868.9251883223803
test,WELD2025:2387,Weld2025,2,0,5.0,2.5696229756032833,2.570533471300518,2.5704888333457423,2.570543050765991,0.07309786491601589,2.4973909684297264,2.643640915682007,371.2128279014587,371.9918896646788,314.3337172348098,440.19075351393985
test,WELD2025:2387,Weld2025,3,0,5.0,2.5696229756032833,2.570543050765991,2.570543050765991,2.570543050765991,0.06362745716409468,2.5069155936018968,2.6341705079300857,371.2128279014587,372.0000949790749,321.3036015040899,430.69567230692627
test,WELD2025:2387,Weld2025,4,0,5.0,2.5696229756032833,2.570543050765991,2.570543050765991,2.570543050765991,0.06344506748061451,2.5070979832853766,2.633988118246606,371.2128279014587,372.0000949790749,321.43856699851153,430.5148319836852
test,WELD2025:3308,Weld2025,2,0,6.0,2.1360195969958466,2.126762725989056,2.1264848758539103,2.127081855226243,0.07642239093833281,2.0500624849155775,2.203504246164576,136.77905440426056,133.8944963545478,112.21798983798966,159.77331502673408
test,WELD2025:3308,Weld2025,3,0,6.0,2.1360195969958466,2.125246245112276,2.1238515377044678,2.1290792042082796,0.07510453044171461,2.048747007262753,2.204183734649994,136.77905440426056,133.42777536454213,111.87859590425158,160.02348882656267
test,WELD2025:3308,Weld2025,4,0,6.0,2.1360195969958466,2.1271135223888065,2.1267994833218755,2.12748460673675,0.06390925465714714,2.0628902286647284,2.1913938613938972,136.77905440426056,134.00269179325585,115.58200626855798,155.37955073522406
test,FatigueData-AM2022:1600,AM2022,2,0,5.0,2.004128737461089,2.0298551966572678,2.025989689505562,2.0346609516073753,0.07309786491601589,1.9528918245895461,2.107758816523391,100.95521022048557,107.11620966620207,89.72052880027671,128.16186438700402
test,FatigueData-AM2022:1600,AM2022,3,0,5.0,2.004128737461089,1.9979922922241062,1.997465093243191,1.9986796032801042,0.06362745716409468,1.9338376360790963,2.0623070604441986,100.95521022048557,99.5387751242201,85.86924335314606,115.42690754802598
test,FatigueData-AM2022:1600,AM2022,4,0,5.0,2.004128737461089,1.9998762993471546,1.9995442078935008,2.0001022494670715,0.06344506748061451,1.9360991404128862,2.063547316947686,100.95521022048557,99.97152092813423,86.31755703384765,115.75701439922477
test,WELD2025:3333,Weld2025,2,0,6.0,2.35638654196092,2.3563715026838543,2.3526834397582292,2.3606237590300805,0.07642239093833281,2.2762610488198964,2.4370461499684133,227.18860348034863,227.1807362535309,188.91265375206345,273.5559402973863
test,WELD2025:3333,Weld2025,2,0,7.0,2.3254846516822947,2.314014323128869,2.3140075488919005,2.314020834699194,0.17283688789025264,2.141170661001648,2.4868577225894466,211.58489081105435,206.0697874424779,138.41101740997277,306.80167235248376
test,WELD2025:3333,Weld2025,3,0,6.0,2.35638654196092,2.3614534533272904,2.360520719894973,2.3623730509701164,0.07510453044171461,2.2854161894532585,2.437477581411831,227.18860348034863,229.854734310233,192.93729680989875,273.8278278755453
test,WELD2025:3333,Weld2025,3,0,7.0,2.3254846516822947,2.3158653255968082,2.3138815926238645,2.318104823121223,0.10188500503614173,2.2119965875877226,2.419989828157365,211.58489081105435,206.9499498987089,162.92832307088338,263.0206387707669
test,WELD2025:3333,Weld2025,4,0,6.0,2.35638654196092,2.3757053953108658,2.3742605644173644,2.3781832338749664,0.06390925465714714,2.3103513097602173,2.4420924885321136,227.18860348034863,237.52284981360395,204.3390216775667,276.7530963566614
test,WELD2025:3333,Weld2025,4,0,7.0,2.3254846516822947,2.3220458183330983,2.3207002276509807,2.3235645768912625,0.11888132054548817,2.2018189071054923,2.442445897436751,211.58489081105435,209.91613347446415,159.15449433937084,276.9783969739575
test,WELD2025:3458,Weld2025,2,0,5.0,2.9413833807404575,2.9797234063632168,2.9755979414716616,2.983640966688786,0.07309786491601589,2.9025000765556457,3.056738831604802,873.7423387536446,954.3845636150228,798.9140824966817,1139.5642902880875
test,WELD2025:3458,Weld2025,3,0,5.0,2.9413833807404575,2.863375815800467,2.8607225380172387,2.866613224457763,0.06362745716409468,2.7970950808531443,2.930240681621858,873.7423387536446,730.0890179474394,626.7510653637311,851.6098610467766
test,WELD2025:3458,Weld2025,4,0,5.0,2.9413833807404575,2.865459864952377,2.861666391624627,2.8684209816927644,0.06344506748061451,2.7982213241440124,2.931866049173379,873.7423387536446,733.6009160247512,628.3785100241554,854.8030226097526
test,WELD2025:1209,Weld2025,2,0,6.0,2.2409686217751488,2.176786159953882,2.1743884114801526,2.1793028209094247,0.07642239093833281,2.09796602054182,2.2557252118477575,174.16810305922868,150.2402023862781,125.30431322671895,180.18772907122803
test,WELD2025:1209,Weld2025,2,0,7.0,2.155117862120956,2.1448657512664795,2.1448657512664795,2.1448657512664795,0.17283688789025264,1.9720288633762268,2.317702639156732,142.92817951845646,139.59367835873,93.76243197236211,207.82732089825137
test,WELD2025:1209,Weld2025,3,0,6.0,2.2409686217751488,2.2268569184776537,2.2248158688551976,2.229274989778712,0.07510453044171461,2.149711338413483,2.3043795202204267,174.16810305922868,168.59974695680353,141.15989882559586,201.5484767507469
test,WELD2025:1209,Weld2025,3,0,7.0,2.155117862120956,2.1453299031856834,2.145319575411074,2.1453406789856784,0.10188500503614173,2.0434345703749326,2.24722568402182,142.92817951845646,139.74294875547736,110.51839528322107,176.6955792503641
test,WELD2025:1209,Weld2025,4,0,6.0,2.2409686217751488,2.192958047294284,2.19038894483011,2.1950055385556118,0.06390925465714714,2.126479690172963,2.258914793212759,174.16810305922868,155.94018578386044,133.80726385834214,181.51595010233072
test,WELD2025:1209,Weld2025,4,0,7.0,2.155117862120956,2.1449664147429046,2.144964481141588,2.144968454236195,0.11888132054548817,2.0260831605961,2.263849774781683,142.92817951845646,139.6260379999187,106.1898874746672,183.5903182935849
test,FatigueData-AM2022:989,AM2022,2,0,5.0,2.381729601143804,2.3715254202766585,2.3687907431070805,2.3738785046464126,0.07309786491601589,2.2956928781910646,2.4469763695624285,240.84054491078143,235.24771853773913,197.55720726079014,279.8829028143865
test,FatigueData-AM2022:989,AM2022,3,0,5.0,2.381729601143804,2.3821669454102397,2.380130082032712,2.3841558737432944,0.06362745716409468,2.316502624868617,2.447783330907389,240.84054491078143,241.08319889003,207.2538585933423,280.40343589298163
test,FatigueData-AM2022:989,AM2022,4,0,5.0,2.381729601143804,2.375960804997617,2.3750921554903344,2.379220204541506,0.06344506748061451,2.3116470880097197,2.4426652720221207,240.84054491078143,237.66257868767622,204.9496061200757,277.11834203987064
test,WELD2025:3046,Weld2025,2,0,5.0,2.094801838451579,2.184132414883632,2.175907389083349,2.1986570358276367,0.07309786491601589,2.1028095241673332,2.2717549007436526,124.3946889412188,152.8031878849421,126.70960123700802,186.96266965042108
test,WELD2025:3046,Weld2025,3,0,5.0,2.094801838451579,2.1547511186037074,2.141830708667123,2.1623546256038395,0.06362745716409468,2.0782032515030284,2.225982082767934,124.3946889412188,142.8075335989577,119.73007416005181,168.26046421830569
test,WELD2025:3046,Weld2025,4,0,5.0,2.094801838451579,2.171842349155502,2.1714849222759662,2.17227250798522,0.06344506748061451,2.1080398547953516,2.2357175754658347,124.3946889412188,148.53963388759698,128.24482663249788,172.07491966301822
test,WELD2025:3173,Weld2025,2,0,5.0,2.1298104641577393,2.19554467937429,2.1932170987299306,2.1983227685489615,0.07309786491601589,2.1201192338139148,2.2714206334649774,134.83742934123023,156.87172759709372,131.861871036093,186.81882380195455
test,WELD2025:3173,Weld2025,3,0,5.0,2.1298104641577393,2.1903702870015356,2.1847216532358362,2.1941316197721,0.06362745716409468,2.1210941960717413,2.2577590769361944,134.83742934123023,155.01377299235884,132.15822469849135,181.03355378727773
test,WELD2025:3173,Weld2025,4,0,5.0,2.1298104641577393,2.1999071271687582,2.197744587328039,2.201782234159992,0.06344506748061451,2.134299519847424,2.2652273016406066,134.83742934123023,158.45543030974116,136.23839537889793,184.17356794031457
test,WELD2025:4064,Weld2025,2,0,5.0,2.265765186944562,2.277823279116497,2.271304480579512,2.2880721992758835,0.07309786491601589,2.198206615663496,2.3611700641918993,184.40181313314793,189.5934280370758,157.83619970575805,229.70479667695318
test,WELD2025:4064,Weld2025,3,0,5.0,2.265765186944562,2.245328625971686,2.244092072721888,2.246624824997989,0.06362745716409468,2.180464615557793,2.310252282162084,184.40181313314793,175.92543192852816,151.51813482249267,204.29243371357003
test,WELD2025:4064,Weld2025,4,0,5.0,2.265765186944562,2.284716277052552,2.2751227110308534,2.2895759738406585,0.06344506748061451,2.2116776435502388,2.353021041321273,184.40181313314793,192.6266079673568,162.80871312286268,225.43484314092132
test,WELD2025:2663,Weld2025,2,0,5.0,2.572487251929934,2.5891245045317066,2.5880192432816935,2.5899412503260946,0.07309786491601589,2.5149213783656776,2.6630391152421105,373.6691567175249,388.26165777398444,327.28144077341824,460.2980289965545
test,WELD2025:2663,Weld2025,2,0,6.0,2.4173975686557285,2.3979588263747456,2.397939920425415,2.3979983482136427,0.07642239093833281,2.3215175294870822,2.4744207391519755,261.4553714912008,250.01083257511752,209.6609404313879,298.14033777026077
test,WELD2025:2663,Weld2025,3,0,5.0,2.572487251929934,2.602060079574585,2.602060079574585,2.602060079574585,0.06362745716409468,2.5384326224104905,2.6656875367386794,373.6691567175249,400.0000812781513,345.4877255443391,463.11360199682
test,WELD2025:2663,Weld2025,3,0,6.0,2.4173975686557285,2.405137330029962,2.4045784256231806,2.405719259994467,0.07510453044171461,2.329473895181466,2.4808237904361814,261.4553714912008,254.1776323946244,213.53737279370807,302.56855448851826
test,WELD2025:2663,Weld2025,4,0,5.0,2.572487251929934,2.5915966271944155,2.5908066887157055,2.592123439819694,0.06344506748061451,2.527361621235091,2.6555685073003086,373.6691567175249,390.4780512178246,336.79188702120246,452.44782758328006
test,WELD2025:2663,Weld2025,4,0,6.0,2.4173975686557285,2.403366962544967,2.403268828183867,2.4035436154134575,0.06390925465714714,2.33935957352672,2.4674528700706047,261.4553714912008,253.14360615335562,218.45378484464197,293.3951092332482
test,FatigueData-AM2022:1257,AM2022,2,0,6.0,2.9180477013338817,2.930630370766846,2.9292248158878156,2.931734024678373,0.07642239093833281,2.8528024249494828,3.008156415616706,828.0331068770465,852.3743470490664,712.528803254415,1018.9583102721832
test,FatigueData-AM2022:1257,AM2022,3,0,6.0,2.9180477013338817,2.9232603098841694,2.9225568849160233,2.9239298063824815,0.07510453044171461,2.8474523544743087,2.999034336824196,828.0331068770465,838.0314356442288,703.8050107471722,997.7789485595861
test,FatigueData-AM2022:1257,AM2022,4,0,6.0,2.9180477013338817,2.9164341823683153,2.916158232646799,2.91676983576002,0.06390925465714714,2.852248977989652,2.980679090417167,828.0331068770465,824.962452369491,711.6213642853019,956.4870411515685
test,FatigueData-AM2022:883,AM2022,2,0,5.0,2.1872577828937576,2.192105314470317,2.1905405804472444,2.193644068865691,0.07309786491601589,2.1174427155312285,2.2667419337817067,153.90679092292115,155.63429920669466,131.05171706525542,184.8170074059173
test,FatigueData-AM2022:883,AM2022,3,0,5.0,2.1872577828937576,2.1855871199931567,2.183532640311033,2.188019802577843,0.06362745716409468,2.1199051831469387,2.2516472597419375,153.90679092292115,153.3158728994262,131.7968963055671,178.503715291787
test,FatigueData-AM2022:883,AM2022,4,0,5.0,2.1872577828937576,2.197987915197891,2.196521541776606,2.1997673929512684,0.06344506748061451,2.1330764742959913,2.263212460431883,153.90679092292115,157.7567371249011,135.85526511249114,183.32110249491114
test,FatigueData-AM2022:1311,AM2022,2,0,6.0,2.0489734715345174,2.103318841872259,2.0959951747436354,2.11187027140626,0.07642239093833281,2.0195727838053026,2.1882926623445926,111.93695057568608,126.85828675493958,104.6098992450219,154.2739724109369
test,FatigueData-AM2022:1311,AM2022,2,0,7.0,1.9577066108928078,1.9902700318660584,1.9858578763790717,1.9985403838080564,0.17283688789025264,1.813020988488819,2.171377271698309,90.72074560518196,97.7845028000309,65.01611104279242,148.38065084317768
test,FatigueData-AM2022:1311,AM2022,3,0,6.0,2.0489734715345174,2.0853368021063785,2.0523931399243436,2.1181872939646538,0.07510453044171461,1.977288609482629,2.1932918244063684,111.93695057568608,121.71295375686981,94.90489422603243,156.0600797115985
test,FatigueData-AM2022:1311,AM2022,3,0,7.0,1.9577066108928078,1.966929276537691,1.9654996161859806,1.9692712498372917,0.10188500503614173,1.8636146111498388,2.0711562548734337,90.72074560518196,92.66789044063692,73.04905653048363,117.80297407706338
test,FatigueData-AM2022:1311,AM2022,4,0,6.0,2.0489734715345174,2.1299474382405625,2.120109646655929,2.141089878964858,0.06390925465714714,2.056200391998782,2.204999133622005,111.93695057568608,134.87996302940107,113.81523305074131,160.32421923644824
test,FatigueData-AM2022:1311,AM2022,4,0,7.0,1.9577066108928078,1.9876376616823168,1.9811235910718468,1.9935121299452974,0.11888132054548817,1.8622422705263586,2.1123934504907855,90.72074560518196,97.19359848242276,72.81859086726699,129.53688536260182
test,WELD2025:5457,Weld2025,2,0,5.0,2.4467142725777458,2.4909560963780835,2.488922685151204,2.4932900106575695,0.07309786491601589,2.415824820235188,2.5663878755735854,279.71404427009395,309.7106191272331,260.5102527432777,368.4579025721186
test,WELD2025:5457,Weld2025,2,0,6.0,2.3453660089779977,2.325677334553482,2.3246397313991416,2.326493183492555,0.07642239093833281,2.248217340460809,2.402915574430888,221.49606185416016,211.67878523342227,177.09950220217348,252.88063561478612
test,WELD2025:5457,Weld2025,3,0,5.0,2.4467142725777458,2.4694127165030846,2.468116508929798,2.470781135487739,0.06362745716409468,2.4044890517657036,2.5344085926518334,279.71404427009395,294.7221091426367,253.7985004481472,342.30133478775724
test,WELD2025:5457,Weld2025,3,0,6.0,2.3453660089779977,2.321968962333011,2.3214796908641238,2.3226576127446608,0.07510453044171461,2.246375160422409,2.3977621431863754,221.49606185416016,209.87898843211838,176.3498767276344,249.8976333596199
test,WELD2025:5457,Weld2025,4,0,5.0,2.4467142725777458,2.469565895999626,2.4684991360198296,2.4703365886067394,0.06344506748061451,2.405054068539215,2.533781656087354,279.71404427009395,294.8260785659276,254.12890697689704,341.8075537018006
test,WELD2025:5457,Weld2025,4,0,6.0,2.3453660089779977,2.321532451520145,2.3214078383064334,2.321652337705471,0.06390925465714714,2.2574985836492862,2.385561592362618,221.49606185416016,209.66814434800148,180.92500097949662,242.97500087562562
test,FatigueData-AM2022:1113,AM2022,2,0,5.0,2.6301600522455484,2.6794166221150593,2.6778134515650134,2.6807061344081546,0.07309786491601589,2.6047155866489975,2.7538039993241705,426.73675679357416,477.9875910473966,402.4533869398739,567.2885256445469
test,FatigueData-AM2022:1113,AM2022,2,0,6.0,2.588933948699906,2.58579814036844,2.584992141188993,2.5868829453396747,0.07642239093833281,2.5085697502506603,2.6633053362780075,388.09133717987686,385.2992293514457,322.52972794532445,460.58027661768995
test,FatigueData-AM2022:1113,AM2022,3,0,5.0,2.6301600522455484,2.6528784500093816,2.6516030931301384,2.6543858114176646,0.06362745716409468,2.5879756359660435,2.7180132685817595,426.73675679357416,449.6539884834368,387.23592027589535,522.412149511444
test,FatigueData-AM2022:1113,AM2022,3,0,6.0,2.588933948699906,2.588674096794173,2.5878682061057043,2.5892636702683807,0.07510453044171461,2.5127636756639897,2.6643682007100953,388.09133717987686,387.8591995082051,325.6594429475681,461.7088516538877
test,FatigueData-AM2022:1113,AM2022,4,0,5.0,2.6301600522455484,2.6748672857398748,2.6729859928043225,2.676319223242943,0.06344506748061451,2.609540925323708,2.7397642907235578,426.73675679357416,473.00669270888835,406.9498805338252,549.2426966014148
test,FatigueData-AM2022:1113,AM2022,4,0,6.0,2.588933948699906,2.586931939961458,2.5861796535830694,2.587711440626271,0.06390925465714714,2.5222703989259223,2.6516206952834183,388.09133717987686,386.3064326721692,332.8667371240869,448.35363516302925
test,WELD2025:1848,Weld2025,2,0,5.0,2.461863832486786,2.4696468604834623,2.459285492354415,2.4713800409448425,0.07309786491601589,2.386187627438399,2.5444779058608584,289.6435304853713,294.8810474118613,243.32550166705917,350.3304652638437
test,WELD2025:1848,Weld2025,2,0,6.0,2.15203106806081,2.2000240046260195,2.1919314892154396,2.2055963750014906,0.07642239093833281,2.1155090982771068,2.2820187659398234,141.9159040230513,158.49807961986443,130.46953011424816,191.43386421384315
test,WELD2025:1848,Weld2025,3,0,5.0,2.461863832486786,2.448080630111525,2.4467279996287155,2.449166099527827,0.06362745716409468,2.3831005424646206,2.5127935566919213,289.6435304853713,280.5954536641292,241.60200966721317,325.68185026354695
test,WELD2025:1848,Weld2025,3,0,6.0,2.15203106806081,2.1955841796964335,2.190087958287668,2.2014257310209615,0.07510453044171461,2.1149834278459534,2.276530261462676,141.9159040230513,156.88599617713786,130.3117052127278,189.02979417890256
test,WELD2025:1848,Weld2025,4,0,5.0,2.461863832486786,2.46168004586297,2.460238038801979,2.46277440091467,0.06344506748061451,2.3967929713213643,2.5262194683952846,289.6435304853713,289.5209838107494,249.34058341655015,335.9073203283376
test,WELD2025:1848,Weld2025,4,0,6.0,2.15203106806081,2.211672625725281,2.209673687589418,2.213897274425757,0.06390925465714714,2.1457644329322707,2.277806529082904,141.9159040230513,162.80683204691394,139.88283737588765,189.58611586715188
test,WELD2025:3324,Weld2025,2,0,5.0,2.3311887409361853,2.3353525768624115,2.331538158592819,2.3400234470781434,0.07309786491601589,2.258440293676803,2.4131213119941592,214.38220867672968,216.4475014196537,181.31773851212606,258.8935984728219
test,WELD2025:3324,Weld2025,2,0,6.0,2.1574554188285204,2.140659414231777,2.139878988265991,2.139878988265991,0.07642239093833281,2.0634565973276584,2.216301379204324,143.69955354042773,138.24817732194302,115.7328364829594,164.55132330797483
test,WELD2025:3324,Weld2025,3,0,5.0,2.3311887409361853,2.3185826134394167,2.3167826642156903,2.3200667901759524,0.06362745716409468,2.253155207051596,2.3836942473400473,214.38220867672968,208.24885078258998,179.12458905379177,241.93251900403777
test,WELD2025:3324,Weld2025,3,0,6.0,2.1574554188285204,2.1456021144986153,2.139878988265991,2.1648526191711426,0.07510453044171461,2.0647744578242766,2.239957149612857,143.69955354042773,139.83056565380093,116.08455952681003,173.76293741997912
test,WELD2025:3324,Weld2025,4,0,5.0,2.3311887409361853,2.3300420278619836,2.327420251450732,2.332593500233168,0.06344506748061451,2.263975183970117,2.3960385677137825,214.38220867672968,213.81689959383382,183.64334046714453,248.90783521730341
test,WELD2025:3324,Weld2025,4,0,6.0,2.1574554188285204,2.1403994024325135,2.1403868176163847,2.1404094978155093,0.06390925465714714,2.0764775629592376,2.2043187524726564,143.69955354042773,138.16543300787635,119.2552653183308,160.0732462672699
test,WELD2025:336,Weld2025,2,0,5.0,2.0024526822313744,2.002388522254935,1.999477489510844,2.004438148997948,0.07309786491601589,1.9263796245948281,2.077536013913964,100.5663486788892,100.55149272690232,84.40722540819662,119.5462655425451
test,WELD2025:336,Weld2025,3,0,5.0,2.0024526822313744,1.9949510947490012,1.9920173892851987,1.9977446986887124,0.06362745716409468,1.928389932121104,2.061372155852807,100.5663486788892,98.84417814414071,84.79884404684165,115.17869560553606
test,WELD2025:336,Weld2025,4,0,5.0,2.0024526822313744,1.9767226380479026,1.9747676468868893,1.9787053066038855,0.06344506748061451,1.9113225794062747,2.0421503740845,100.5663486788892,94.78129497031215,81.53096438893398,110.192078260242
test,WELD2025:614,Weld2025,2,0,6.0,1.6661172692898003,1.5980205875956002,1.5960593401554446,1.6002387879372153,0.07642239093833281,1.5196369492171118,1.676661178875548,46.35720777377531,39.629682013836224,33.08544263282522,47.49645309083666
test,WELD2025:614,Weld2025,3,0,6.0,1.6661172692898003,1.6150638304350031,1.612527419448497,1.6172576966625163,0.07510453044171461,1.5374228890067825,1.692362227104231,46.35720777377531,41.215809158475665,34.46854006530781,49.245009674414625
test,WELD2025:614,Weld2025,4,0,6.0,1.6661172692898003,1.6008677950907044,1.597641821009496,1.60349953131918,0.06390925465714714,1.533732566352349,1.6674087859763271,46.35720777377531,39.89034524596512,34.1768920252235,46.49527127987814
test,FatigueData-AM2022:109,AM2022,2,0,5.0,2.5956232856427452,2.6074464321136475,2.6074464321136475,2.6074464321136475,0.07309786491601589,2.5343485671976316,2.6805442970296633,394.1152915139026,404.9919884740781,342.2540273176149,479.23033079747256
test,FatigueData-AM2022:109,AM2022,2,0,6.0,2.4866298313941044,2.4939962055286014,2.493417501449585,2.497978687286377,0.07642239093833281,2.416995110511252,2.5744010782247098,306.64072382152705,311.88623341837587,261.21319456404376,375.319456043926
test,FatigueData-AM2022:109,AM2022,3,0,5.0,2.5956232856427452,2.6074464321136475,2.6074464321136475,2.6074464321136475,0.06362745716409468,2.543818974949553,2.671073889277742,394.1152915139026,404.9919884740781,349.79933132636364,468.8931511282911
test,FatigueData-AM2022:109,AM2022,3,0,6.0,2.4866298313941044,2.4874311834573746,2.48429536819458,2.488856554031372,0.07510453044171461,2.4091908377528655,2.5639610844730867,306.64072382152705,307.2070538857238,256.56111701404853,366.4047409992065
test,FatigueData-AM2022:109,AM2022,4,0,5.0,2.5956232856427452,2.603597445724187,2.603527732440378,2.6036679511279535,0.06344506748061451,2.540082664959763,2.667113018608568,394.1152915139026,401.4185572792584,346.80285570256285,464.6361740687296
test,FatigueData-AM2022:109,AM2022,4,0,6.0,2.4866298313941044,2.4865127917817005,2.485004861008064,2.4882875459361875,0.06390925465714714,2.421095606350917,2.5521968005933346,306.64072382152705,306.55809722264337,263.6911816338577,356.61269590072084
test,WELD2025:3327,Weld2025,2,0,6.0,2.302089735460131,2.30133012084097,2.300196434083632,2.302396186732732,0.07642239093833281,2.223774043145299,2.3788185776710646,200.48862412485698,200.13826051962818,167.407165522547,239.23161806394057
test,WELD2025:3327,Weld2025,3,0,6.0,2.302089735460131,2.3003484380214694,2.2998488324281476,2.3009498614469925,0.07510453044171461,2.224744301986433,2.376054391888707,200.48862412485698,199.68637726188865,167.78158855850216,237.71379853840412
test,WELD2025:3327,Weld2025,4,0,6.0,2.302089735460131,2.2944306231002005,2.293826761394248,2.2951222740224955,0.06390925465714714,2.2299175067371007,2.3590315286796426,200.48862412485698,196.98385078350785,169.79211055229027,228.57647380839873
test,FatigueData-AM2022:1129,AM2022,2,0,5.0,2.2243994182205737,2.285844374022258,2.2831263433939095,2.2886370825892626,0.07309786491601589,2.2100284784778936,2.3617349475052785,167.6484020260042,193.12761355435174,162.19164496136523,230.0037662361084
test,FatigueData-AM2022:1129,AM2022,2,0,6.0,2.046945912440166,2.1439700123714625,2.141166004138929,2.146554894519748,0.07642239093833281,2.064743613200596,2.222977285458081,111.41557666446266,139.30606100897,116.07631521896103,167.1003214938245
test,FatigueData-AM2022:1129,AM2022,3,0,5.0,2.2243994182205737,2.23154842105553,2.230154990148301,2.2332814352192822,0.06362745716409468,2.1665275329842064,2.296908892383377,167.6484020260042,170.43093283065826,146.73291082797837,198.111137864138
test,FatigueData-AM2022:1129,AM2022,3,0,6.0,2.046945912440166,2.029134164037392,2.023493374746433,2.036167177058622,0.07510453044171461,1.9483888443047186,2.1112717075003364,111.41557666446266,106.93851870698539,88.79506802990535,129.2027351415109
test,FatigueData-AM2022:1129,AM2022,4,0,5.0,2.2243994182205737,2.202235906238757,2.1981593903500585,2.205932618742835,0.06344506748061451,2.134714322869444,2.2693776862234496,167.6484020260042,159.30738405199438,136.36858145531616,185.9420806139943
test,FatigueData-AM2022:1129,AM2022,4,0,6.0,2.046945912440166,2.034189754534026,2.0298019931493902,2.038980230788631,0.06390925465714714,1.965892738492243,2.102889485445778,111.41557666446266,108.19065611070027,92.44698213404737,126.73293285855257
test,WELD2025:1314,Weld2025,2,0,6.0,1.8335804602311996,1.8064234469338611,1.8048330233290646,1.8079518319520032,0.07642239093833281,1.7284106323907318,1.884374222890336,68.1679855489218,64.03588955906187,53.50700375891007,76.62565905393447
test,WELD2025:1314,Weld2025,3,0,6.0,1.8335804602311996,1.819802022529922,1.8196586971913913,1.8199695398152214,0.07510453044171461,1.7445541667496767,1.895074070256936,68.1679855489218,66.03923329496814,55.53338760130074,78.53695703790535
test,WELD2025:1314,Weld2025,4,0,6.0,1.8335804602311996,1.8230625085419376,1.818856689654466,1.8279133851056621,0.06390925465714714,1.7549474349973189,1.8918226397628093,68.1679855489218,66.53689166812536,56.878408367315764,77.95117030352586
test,WELD2025:5221,Weld2025,2,0,5.0,2.0682319977546215,2.0411098216209753,2.0392909996343116,2.0428056972684803,0.07309786491601589,1.9661931347182957,2.115903562184496,117.01242981419446,109.92837841665785,92.51094871030398,130.5880876888707
test,WELD2025:5221,Weld2025,2,0,6.0,1.8121527825514794,1.8116376364079496,1.806667188508996,1.8169147916054704,0.07642239093833281,1.7302447975706632,1.8933371825438032,64.88626599276816,64.80934562064083,53.733458892820465,78.22348894084294
test,WELD2025:5221,Weld2025,3,0,5.0,2.0682319977546215,2.0574198096479517,2.056613987478897,2.058664454323892,0.06362745716409468,1.9929865303148022,2.122291911487987,117.01242981419446,114.13525399967003,98.39805870351583,132.52319919630017
test,WELD2025:5221,Weld2025,3,0,6.0,1.8121527825514794,1.8164476752169798,1.8091992526178815,1.8236063372309723,0.07510453044171461,1.734094722176167,1.898710867672687,64.88626599276816,65.53113276837584,54.211911687028376,79.19738968930915
test,WELD2025:5221,Weld2025,4,0,5.0,2.0682319977546215,2.0285265834372224,2.0266166491407374,2.0303334477829456,0.06344506748061451,1.9631715816601227,2.09377851526356,117.01242981419446,106.78901567638673,91.86954842668955,124.10192419367223
test,WELD2025:5221,Weld2025,4,0,6.0,1.8121527825514794,1.8009828856402348,1.7976918408506877,1.8030086751441432,0.06390925465714714,1.7337825861935405,1.8669179298012903,64.88626599276816,63.23869302428889,54.17296251870429,73.60679869218315
test,WELD2025:3546,Weld2025,2,0,5.0,2.094076041931869,2.1090698080235586,2.1057167424507655,2.1117727443492584,0.07309786491601589,2.0326188775347496,2.1848706092652743,124.18697312773317,128.54932721309143,107.8000289631589,153.06313678764934
test,WELD2025:3546,Weld2025,3,0,5.0,2.094076041931869,2.1196738407677556,2.117644149761083,2.121750916215059,0.06362745716409468,2.0540166925969885,2.1853783733791534,124.18697312773317,131.72670870377553,113.24438891539344,153.2421982837111
test,WELD2025:3546,Weld2025,4,0,5.0,2.094076041931869,2.1027841059056107,2.1010274771534694,2.105092122050422,0.06344506748061451,2.0375824096728548,2.168537189531037,124.18697312773317,126.70218543116236,109.03913802817625,147.41347687658055
test,WELD2025:3553,Weld2025,2,0,6.0,2.6310134180679583,2.6492093867334816,2.647814437820336,2.652342964228903,0.07642239093833281,2.571392046882003,2.7287653551672357,427.57609644259776,445.8711647929674,372.72802395981734,535.5072502900796
test,WELD2025:3553,Weld2025,3,0,6.0,2.6310134180679583,2.6426574878366593,2.6405088091707603,2.6448064289494937,0.07510453044171461,2.5654042787290456,2.7199109593912083,427.57609644259776,439.1951017116101,367.6243576973675,524.6998733755618
test,WELD2025:3553,Weld2025,4,0,6.0,2.6310134180679583,2.648278502507092,2.6455201078657224,2.650138090523391,0.06390925465714714,2.5816108532085753,2.7140473451805383,427.57609644259776,444.91649014923456,381.60218540487267,517.6632626117051
test,WELD2025:4684,Weld2025,2,0,6.0,1.7254216776435938,1.7580352012109626,1.7521827859309946,1.764016226517388,0.07642239093833281,1.6757603949926618,1.8404386174557208,53.140015609306,57.28424601529863,47.39804129419403,69.2530041340834
test,WELD2025:4684,Weld2025,3,0,6.0,1.7254216776435938,1.7459439735298514,1.7371344237883126,1.753005882634566,0.07510453044171461,1.662029893346598,1.8281104130762806,53.140015609306,55.711387342228925,45.92296214304952,67.31477725943813
test,WELD2025:4684,Weld2025,4,0,6.0,1.7254216776435938,1.7422691562212966,1.7364248047335782,1.7484153310711266,0.06390925465714714,1.672515550076431,1.8123245857282737,53.140015609306,55.24196981382985,47.045225014326654,64.9119395215464
test,FatigueData-AM2022:1000,AM2022,2,0,5.0,2.584791787596114,2.613033006740172,2.6098480200277003,2.616277113341408,0.07309786491601589,2.5367501551116844,2.689374978257424,384.4074426388416,410.2352800227624,344.15188696796486,489.0744534391141
test,FatigueData-AM2022:1000,AM2022,2,0,6.0,2.4356592571275413,2.478888698812321,2.477395851635944,2.480326482440631,0.07642239093833281,2.400973460697611,2.5567488733789636,272.68374953399984,301.2233948567742,251.7523079735091,360.37020214807956
test,FatigueData-AM2022:1000,AM2022,3,0,5.0,2.584791787596114,2.635592210870583,2.6354184438878403,2.63585653740061,0.06362745716409468,2.5717909867237454,2.699483994564705,384.4074426388416,432.1079044879413,373.07056659294193,500.5921034291974
test,FatigueData-AM2022:1000,AM2022,3,0,6.0,2.4356592571275413,2.523262975198564,2.522033126146056,2.524447733269103,0.07510453044171461,2.446928595704341,2.5995522637108177,272.68374953399984,333.62837118800473,279.85211644423464,397.6969530990644
test,FatigueData-AM2022:1000,AM2022,4,0,5.0,2.584791787596114,2.598568083972955,2.597753845127182,2.5992626191669053,0.06344506748061451,2.5343087776465674,2.66270768664752,384.4074426388416,396.7967295384794,342.2226718414469,459.94688999055063
test,FatigueData-AM2022:1000,AM2022,4,0,6.0,2.4356592571275413,2.475517306331392,2.4747691448288336,2.4760813924408747,0.06390925465714714,2.4108598901716864,2.539990647098022,272.68374953399984,298.89407517849645,257.54901317202103,346.7293832592111
test,WELD2025:3914,Weld2025,2,0,5.0,2.235465665294081,2.231474884233939,2.224041689108745,2.2424234525164612,0.07309786491601589,2.150943824192729,2.315521317432477,171.97513747585364,170.4020770919515,141.5610659474895,206.78608807979163
test,WELD2025:3914,Weld2025,2,0,6.0,1.8562926620183064,1.9081097812428198,1.9012281793420995,1.9134510995952614,0.07642239093833281,1.8248057884037667,1.9898734905335942,71.8278160931125,80.93004488202908,66.80451085203362,97.69525943725287
test,WELD2025:3914,Weld2025,3,0,5.0,2.235465665294081,2.230819156269816,2.222430436176311,2.24132235121276,0.06362745716409468,2.1588029790122167,2.304949808376855,171.97513747585364,170.14498633962293,144.1461273325736,201.81331135842137
test,WELD2025:3914,Weld2025,3,0,6.0,1.8562926620183064,1.904077340470324,1.8972960287868712,1.9107777433059618,0.07510453044171461,1.8221914983451566,1.9858822737476765,71.8278160931125,80.18208413462948,66.4035806626015,96.80154161906658
test,WELD2025:3914,Weld2025,4,0,5.0,2.235465665294081,2.2451273599989663,2.2426003795151725,2.2485533304436482,0.06344506748061451,2.179155312034558,2.311998397924263,171.97513747585364,175.84392133751095,151.06202843585743,205.1154612275136
test,WELD2025:3914,Weld2025,4,0,6.0,1.8562926620183064,1.9117040925824775,1.907366402201422,1.9150562615497455,0.06390925465714714,1.843457147544275,1.9789655162068926,71.8278160931125,81.60261808220535,69.73601839632418,95.27205132318912
test,WELD2025:707,Weld2025,2,0,5.0,1.034969803791114,1.0550192131951992,1.0479619267571367,1.0609496739302062,0.07309786491601589,0.9748640618411208,1.1340475388462221,10.83851551917749,11.350610296806565,9.437654228090997,13.615937174053899
test,WELD2025:707,Weld2025,3,0,5.0,1.034969803791114,1.0480919296525704,1.0413528281559932,1.0541570041672348,0.06362745716409468,0.9777253709918985,1.1177844613313295,10.83851551917749,11.170996857784264,9.500038624052987,13.115488208706564
test,WELD2025:707,Weld2025,4,0,5.0,1.034969803791114,1.0565555043594335,1.055531409932169,1.0574470306704966,0.06344506748061451,0.9920863424515546,1.1208920981511112,10.83851551917749,11.39083351424569,9.81943144558461,13.209673948507131
test,WELD2025:4717,Weld2025,2,0,5.0,2.5011520127978133,2.511326547949512,2.509004236677254,2.5127539742813814,0.07309786491601589,2.435906371761238,2.5858518391973973,317.06770768443215,324.5835814552805,272.8389514124461,385.346873052795
test,WELD2025:4717,Weld2025,2,0,6.0,2.2965944221483046,2.3521324712765495,2.3484663958907612,2.3550111375002905,0.07642239093833281,2.2720440049524284,2.4314335284386233,197.96773860725213,224.9740731473431,187.0871697112831,270.0433757951959
test,WELD2025:4717,Weld2025,3,0,5.0,2.5011520127978133,2.5343953624658493,2.531485524560326,2.537933231462545,0.06362745716409468,2.4678580673962314,2.6015606886266394,317.06770768443215,342.2909072057115,293.66897499663895,399.5403894719568
test,WELD2025:4717,Weld2025,3,0,6.0,2.2965944221483046,2.3224323405080867,2.321692471121963,2.3237857748722743,0.07510453044171461,2.2465879406802483,2.398890305313989,197.96773860725213,210.10304203686144,176.43629957570437,250.54763365115878
test,WELD2025:4717,Weld2025,4,0,5.0,2.5011520127978133,2.551125769175199,2.548588622354945,2.553829175220387,0.06344506748061451,2.4851435548743304,2.6172742427010016,317.06770768443215,355.73432226004604,305.5931076093991,414.26118457535887
test,WELD2025:4717,Weld2025,4,0,6.0,2.2965944221483046,2.3608564445742157,2.3577097584746607,2.3642068804574383,0.06390925465714714,2.2938005038175135,2.4281161351145855,197.96773860725213,229.5389784856882,196.69825350794704,267.9884859656422
test,WELD2025:2368,Weld2025,2,0,6.0,2.061965009731639,2.066499283483396,2.0609445157769715,2.071747045252622,0.07642239093833281,1.9845221248386387,2.1481694361909547,115.33603300614513,116.54651280040989,96.49884712383565,140.65961882863306
test,WELD2025:2368,Weld2025,3,0,6.0,2.061965009731639,2.060986644380832,2.057485755631894,2.0641927115669545,0.07510453044171461,1.9823812251901796,2.139297242008669,115.33603300614513,115.07649995576286,96.0243166426519,137.81523881516793
test,WELD2025:2368,Weld2025,4,0,6.0,2.061965009731639,2.0707941339218205,2.0688320990871865,2.0729872314993356,0.06390925465714714,2.0049228444300393,2.1368964861564828,115.33603300614513,117.70478921176222,101.13997557833315,137.05550562102894
test,FatigueData-AM2022:837,AM2022,2,0,5.0,2.7929866441651465,2.81169056892395,2.81169056892395,2.81169056892395,0.07309786491601589,2.7385927040079343,2.884788433839966,620.8499409716214,648.1724517021901,547.7630133555243,766.9877609515506
test,FatigueData-AM2022:837,AM2022,2,0,6.0,2.758375710952398,2.8003265598589353,2.799358337007496,2.801465350043492,0.07642239093833281,2.722935946069163,2.8778877409818246,573.2917749247666,631.4319598286386,528.3673173298823,754.8970721633799
test,FatigueData-AM2022:837,AM2022,2,0,7.0,2.713428725188129,2.7519061650652707,2.750452948817792,2.753298734336156,0.17283688789025264,2.5776160609275394,2.9261356222264086,516.926414946203,564.8149260644092,378.1081694896092,843.598156915502
test,FatigueData-AM2022:837,AM2022,3,0,5.0,2.7929866441651465,2.81169056892395,2.81169056892395,2.81169056892395,0.06362745716409468,2.7480631117598557,2.8753180260880447,620.8499409716214,648.1724517021901,559.8389514910316,750.4435445706179
test,FatigueData-AM2022:837,AM2022,3,0,6.0,2.758375710952398,2.8003046704121535,2.7991538897990647,2.8013599229772113,0.07510453044171461,2.72404935935735,2.876464453418926,573.2917749247666,631.4001349988513,529.723645745529,752.4271422231645
test,FatigueData-AM2022:837,AM2022,3,0,7.0,2.713428725188129,2.7196123419201856,2.7169231599523904,2.723535246370467,0.10188500503614173,2.615038154916249,2.8254202514066087,516.926414946203,524.3392178743474,412.133725491145,668.9909633455874
test,FatigueData-AM2022:837,AM2022,4,0,5.0,2.7929866441651465,2.81169056892395,2.81169056892395,2.81169056892395,0.06344506748061451,2.7482455014433356,2.875135636404565,620.8499409716214,648.1724517021901,560.0741151821037,750.1284486411708
test,FatigueData-AM2022:837,AM2022,4,0,6.0,2.758375710952398,2.803251071406902,2.8017280847943513,2.8045267805370715,0.06390925465714714,2.737818830137204,2.8684360351942186,573.2917749247666,635.6983312888999,546.7878178377202,738.6454640215484
test,FatigueData-AM2022:837,AM2022,4,0,7.0,2.713428725188129,2.726691598794883,2.722210918438464,2.7316254130204918,0.11888132054548817,2.6033295978929756,2.8505067335659797,516.926414946203,532.9562981429563,401.1710617538091,708.7722956030547
test,WELD2025:762,Weld2025,2,0,5.0,2.1026434902497835,2.0693637242701532,2.064864687657111,2.0735984877585807,0.07309786491601589,1.991766822741095,2.1466963526745966,126.66116849985319,117.31774975098946,98.12209737406091,140.18332367650729
test,WELD2025:762,Weld2025,3,0,5.0,2.1026434902497835,2.096829567830024,2.095134335936087,2.098163868918299,0.06362745716409468,2.0315068787719923,2.161791326082394,126.66116849985319,124.9768481608278,107.52436309963994,145.14140608701422
test,WELD2025:762,Weld2025,4,0,5.0,2.1026434902497835,2.079981405066599,2.0681799430989725,2.086397444932581,0.06344506748061451,2.004734875618358,2.1498425124131955,126.66116849985319,120.22129590646993,101.09621023417525,141.202541101604
test,WELD2025:3240,Weld2025,2,0,5.0,1.9062686198920544,1.9956351518630981,1.9956351518630981,1.9956351518630981,0.07309786491601589,1.9225372869470823,2.068733016779114,80.58767380881234,98.99999025842904,83.6637423323269,117.14749780421938
test,WELD2025:3240,Weld2025,2,0,6.0,1.8836241271814138,1.8936743409344348,1.892339714986222,1.8951375844771918,0.07642239093833281,1.8159173240478892,1.9715599754155246,76.49342856654337,78.2842402209468,65.45115638777935,93.66125557504786
test,WELD2025:3240,Weld2025,2,0,7.0,1.798037827443218,1.7835265527319668,1.783413240031033,1.7836358246634492,0.17283688789025264,1.6105763521407803,1.9564727125537018,62.81130656484044,60.747240254522566,40.79212710053307,90.46335963154714
test,WELD2025:3240,Weld2025,3,0,5.0,1.9062686198920544,1.96880782019605,1.9642119861376572,1.9720769578288961,0.06362745716409468,1.9005845289735626,2.035704414992991,80.58767380881234,93.06959417435304,79.53980628932248,108.56864434495327
test,WELD2025:3240,Weld2025,3,0,6.0,1.8836241271814138,1.8857970274984837,1.883385419845581,1.890401005744934,0.07510453044171461,1.8082808894038664,1.9655055361866487,76.49342856654337,76.87710623502079,64.3103524030826,92.36459625592227
test,WELD2025:3240,Weld2025,3,0,7.0,1.798037827443218,1.8857970274984837,1.883385419845581,1.890401005744934,0.10188500503614173,1.7815004148094393,1.9922860107810758,62.81130656484044,76.87710623502079,60.46449288614321,98.23946999724343
test,WELD2025:3240,Weld2025,4,0,5.0,1.9062686198920544,1.9207357773767026,1.9196708560867828,1.922525973680793,0.06344506748061451,1.8562257886061682,1.9859710411614073,80.58767380881234,83.31741313539231,71.816756773798,96.82132934623225
test,WELD2025:3240,Weld2025,4,0,6.0,1.8836241271814138,1.8463342376053333,1.8412917852401733,1.8553229570388794,0.06390925465714714,1.7773825305830262,1.9192322116960265,76.49342856654337,70.19953535916635,59.89389137089321,83.02945967334915
test,WELD2025:3240,Weld2025,4,0,7.0,1.798037827443218,1.8463342376053333,1.8412917852401733,1.8553229570388794,0.11888132054548817,1.7224104646946852,1.9742042775843676,62.81130656484044,70.19953535916635,52.77283976759142,94.23327340655068
test,WELD2025:3364,Weld2025,2,0,5.0,2.798077484373872,2.7988104442329718,2.7961217545922126,2.8006717304685873,0.07309786491601589,2.7230238896761967,2.873769595384603,628.1704234427694,629.2314833273216,528.474321297604,747.7726822351348
test,WELD2025:3364,Weld2025,2,0,6.0,2.5931302834340695,2.583174013556656,2.580869569657707,2.5861603019585377,0.07642239093833281,2.5044471787193743,2.6625826928968706,391.8594128703682,382.97816466050136,319.4825768916767,459.81453230023726
test,WELD2025:3364,Weld2025,2,0,7.0,2.543911304985296,2.5403294563293457,2.5403294563293457,2.5403294563293457,0.17283688789025264,2.367492568439093,2.7131663442195983,349.8737057876725,346.9999852492943,233.07332318973084,516.6142058436814
test,WELD2025:3364,Weld2025,3,0,5.0,2.798077484373872,2.7968424003518657,2.7958590477026495,2.7982585360911147,0.06362745716409468,2.7322315905385546,2.8618859932552096,628.1704234427694,626.3865161505474,539.7983970109952,727.588779966227
test,WELD2025:3364,Weld2025,3,0,6.0,2.5931302834340695,2.587736145623389,2.586338596438447,2.589205795710729,0.07510453044171461,2.5112340659967325,2.6643103261524437,391.8594128703682,387.0224390980111,324.51446953056694,461.6473279267903
test,WELD2025:3364,Weld2025,3,0,7.0,2.543911304985296,2.544457172338561,2.543134261158019,2.545837712827496,0.10188500503614173,2.4412492561218775,2.6477227178636378,349.8737057876725,350.3137406416482,276.2162698893321,444.3474762546929
test,WELD2025:3364,Weld2025,4,0,5.0,2.798077484373872,2.7524110858616533,2.750762374344907,2.7539525062461143,0.06344506748061451,2.6873173068642924,2.817397573726729,628.1704234427694,565.4719748200708,486.7627173268003,656.746207762482
test,WELD2025:3364,Weld2025,4,0,6.0,2.5931302834340695,2.5872164460282314,2.584495081365792,2.5892964090114674,0.06390925465714714,2.5205858267086447,2.6532056636686145,391.8594128703682,386.559584706153,331.5780908938826,449.9929022268386
test,WELD2025:3364,Weld2025,4,0,7.0,2.543911304985296,2.5454474259280757,2.5452671267659968,2.5456086061500542,0.11888132054548817,2.426385806220509,2.664489926695542,349.8737057876725,351.1134174612984,266.9228825434409,461.83827959806706
test,WELD2025:4957,Weld2025,2,0,6.0,1.874390435143829,1.8212600399981551,1.8178367386956982,1.8255138362340686,0.07642239093833281,1.7414143477573654,1.9019362271724014,74.88424149131343,66.26131339844416,55.133345680476545,79.78775164461325
test,WELD2025:4957,Weld2025,3,0,6.0,1.874390435143829,1.826272860812077,1.8239600275200392,1.8290366560478826,0.07510453044171461,1.7488554970783246,1.9041411864895972,74.88424149131343,67.03056202716247,56.086132943925406,80.19387264085678
test,WELD2025:4957,Weld2025,4,0,6.0,1.874390435143829,1.8182167761006465,1.818313808481863,1.8187404013999038,0.06390925465714714,1.754404553824716,1.882649656057051,74.88424149131343,65.79861861915514,56.80735306496933,76.3219848210764
test,WELD2025:4729,Weld2025,2,0,5.0,2.6427680842841865,2.716601403237244,2.7141790117815243,2.719426192047856,0.07309786491601589,2.6410811468655084,2.792524056963872,439.30696038209334,520.7165765046276,437.60386273516366,620.1889969594189
test,WELD2025:4729,Weld2025,3,0,5.0,2.6427680842841865,2.709220895233085,2.708331339013187,2.7100122830795383,0.06362745716409468,2.644703881849092,2.773639740243633,439.30696038209334,511.94215850698583,441.2694707983757,593.7993806023214
test,WELD2025:4729,Weld2025,4,0,5.0,2.6427680842841865,2.7180396388734893,2.717123349432715,2.7187074585057007,0.06344506748061451,2.6536782819521005,2.7821525259863154,439.30696038209334,522.443871256968,450.4828707734001,605.5535102652963
test,WELD2025:2215,Weld2025,2,0,5.0,2.1364090345336026,2.1557844692527306,2.151180445084745,2.16120910105202,0.07309786491601589,2.0780825801687293,2.234306965968036,136.9017609779944,143.14773124297557,119.69681106009932,171.51691869288663
test,WELD2025:2215,Weld2025,3,0,5.0,2.1364090345336026,1.8748335876823492,1.8748094052581459,1.874858396049237,0.06362745716409468,1.8111819480940512,1.9384858532133318,136.9017609779944,74.96069210226025,64.7413793575712,86.79323046486982
test,WELD2025:2215,Weld2025,4,0,5.0,2.1364090345336026,2.1435623685012883,2.1390539023844517,2.1500182065946194,0.06344506748061451,2.075608834903837,2.213463274075234,136.9017609779944,139.17536485393464,119.01695502170345,163.47948995616795
test,WELD2025:3244,Weld2025,2,0,5.0,1.9290031290223373,1.927717433384281,1.922185123093896,1.9317954757200164,0.07309786491601589,1.84908725817788,2.0048933406360323,84.91865932679688,84.66763587398073,70.64594814052644,101.13310486785325
test,WELD2025:3244,Weld2025,3,0,5.0,1.9290031290223373,1.92770582354526,1.9271035771638387,1.9281114924428973,0.06362745716409468,1.863476119999744,1.991738949606992,84.91865932679688,84.66537251461267,73.02576580170832,98.11580007412077
test,WELD2025:3244,Weld2025,4,0,5.0,1.9290031290223373,1.914782810307642,1.913215394694192,1.916158948137068,0.06344506748061451,1.8497703272135775,1.9796040156176824,84.91865932679688,82.18315510529268,70.75714925117059,95.41222323429407
test,WELD2025:1288,Weld2025,2,0,5.0,0.64950971744978,0.6290097683668137,0.6220518112182617,0.6334197521209717,0.07309786491601589,0.5489539463022458,0.7065176170369876,4.4617960785177875,4.256079860119249,3.5395980429017113,5.087654571578602
test,WELD2025:1288,Weld2025,3,0,5.0,0.64950971744978,0.6096549406647682,0.6098999381065369,0.6098999381065369,0.06362745716409468,0.5462724809424422,0.6735273952706315,4.4617960785177875,4.070567311211427,3.5178108246912876,4.715496157206045
test,WELD2025:1288,Weld2025,4,0,5.0,0.64950971744978,0.6096624565549251,0.6094050000335499,0.6098533162527336,0.06344506748061451,0.5459599325529354,0.6732983837333482,4.4617960785177875,4.070637756963774,3.5152800751299687,4.713010244092723
test,WELD2025:3582,Weld2025,2,0,5.0,2.943649902864999,2.9629521713600457,2.9596253779963555,2.9661428687079945,0.07309786491601589,2.8865275130803396,3.0392407336240104,878.3141973136289,918.2314665304106,770.0652273745195,1094.562924942137
test,WELD2025:3582,Weld2025,2,0,6.0,2.7797878949063506,2.7631840892664448,2.7595000989270257,2.7677881480921465,0.07642239093833281,2.683077707988693,2.8442105390304793,602.2653738329855,579.6743574203003,482.0340399015691,698.5709780590429
test,WELD2025:3582,Weld2025,2,0,7.0,2.689433931678449,2.68783782883295,2.6878263903353803,2.6878463709541207,0.17283688789025264,2.5149895024451276,2.8606832588443734,489.140847488317,487.3464746559034,327.3327826544836,725.5765843891239
test,WELD2025:3582,Weld2025,3,0,5.0,2.943649902864999,2.9174955157243145,2.915575823337397,2.9190415369875673,0.06362745716409468,2.8519483661733025,2.9826689941516618,878.3141973136289,826.9809695927563,711.1289615949387,960.8796464182541
test,WELD2025:3582,Weld2025,3,0,6.0,2.7797878949063506,2.739295834666142,2.7358317789431768,2.7425469120623043,0.07510453044171461,2.660727248501462,2.817651442504019,602.2653738329855,548.6505699193343,457.85424857871226,657.1302239169825
test,WELD2025:3582,Weld2025,3,0,7.0,2.689433931678449,2.7345476150512695,2.7345476150512695,2.7345476150512695,0.10188500503614173,2.632662610015128,2.836432620087411,489.140847488317,542.6847467788818,429.202862750837,686.171412042579
test,WELD2025:3582,Weld2025,4,0,5.0,2.943649902864999,2.928643870801313,2.928391410003181,2.9289500203858174,0.06344506748061451,2.8649463425225665,2.992395087866432,878.3141973136289,848.4844173737284,732.7339975956643,982.641468496651
test,WELD2025:3582,Weld2025,4,0,6.0,2.7797878949063506,2.7094227384764458,2.705348373665165,2.713955344825798,0.06390925465714714,2.6414391190080178,2.777864599482945,602.2653738329855,512.180144680154,437.9647113686378,599.6041078118296
test,WELD2025:3582,Weld2025,4,0,7.0,2.689433931678449,2.6875288486480713,2.6875288486480713,2.6875288486480713,0.11888132054548817,2.5686475281025833,2.8064101691935592,489.140847488317,486.99987377249454,370.38000064118444,640.339318116124
test,CMA2022:90:2,CMA2022,2,0,5.0,2.4382432552023645,2.4117015711877863,2.4103438241848862,2.4134762617868426,0.07309786491601589,2.3372459592688704,2.4865741267028585,274.3110201082955,258.0486380086183,217.39320196175638,306.60139513526445
test,CMA2022:90:2,CMA2022,2,0,6.0,2.3752918884818555,2.300014019012451,2.300014019012451,2.300014019012451,0.07642239093833281,2.2235916280741184,2.376436409950784,237.29680370592,199.53267230142697,167.33686488809116,237.92299050406095
test,CMA2022:90:2,CMA2022,3,0,5.0,2.4382432552023645,2.4362919223227366,2.4360354322569426,2.436619642146644,0.06362745716409468,2.372407975092848,2.500247099310739,274.3110201082955,273.0812752789482,235.726265044529,316.40774043499204
test,CMA2022:90:2,CMA2022,3,0,6.0,2.3752918884818555,2.300014019012451,2.300014019012451,2.300014019012451,0.07510453044171461,2.2249094885707366,2.375118549454166,237.29680370592,199.53267230142697,167.8454174584373,237.20211083872692
test,CMA2022:90:2,CMA2022,4,0,5.0,2.4382432552023645,2.4378163315354824,2.4369666876773106,2.438710904061253,0.06344506748061451,2.373521620196696,2.5021559715418675,274.3110201082955,274.04149717129786,236.33150475850022,317.8015210947767
test,CMA2022:90:2,CMA2022,4,0,6.0,2.3752918884818555,2.313077699675971,2.311319839882514,2.314343719742213,0.06390925465714714,2.2474105852253667,2.37825297439936,237.29680370592,205.6258448513663,176.77082354314933,238.92025764110045
test,FatigueData-AM2022:697,AM2022,2,0,5.0,1.8938098060515196,1.902164279559068,1.9011304998717549,1.9030262828424105,0.07309786491601589,1.828032634955739,1.9761241477584264,78.30866244665592,79.82965999523523,67.30272288554944,94.6507692122025
test,FatigueData-AM2022:697,AM2022,2,0,6.0,1.8001684660277535,1.8024153492311281,1.8020325926516305,1.8028458898336757,0.07642239093833281,1.7256102017132977,1.8792682807720085,63.120214495748556,63.44762196158749,53.16308831031127,75.73005648827339
test,FatigueData-AM2022:697,AM2022,3,0,5.0,1.8938098060515196,1.8923033201634873,1.89044018395701,1.8942944802780104,0.06362745716409468,1.8268127267929153,1.957921937442105,78.30866244665592,78.03749500901215,67.11393868302845,90.76573680220233
test,FatigueData-AM2022:697,AM2022,3,0,6.0,1.8001684660277535,1.8007479757975804,1.8005746613092828,1.8009126248902303,0.07510453044171461,1.7254701308675682,1.876017155331945,63.120214495748556,63.20449647072616,53.145944647835066,75.16525849202513
test,FatigueData-AM2022:697,AM2022,4,0,5.0,1.8938098060515196,1.903100918770089,1.902255499184839,1.9039117653960993,0.06344506748061451,1.8388104317042244,1.967356832876714,78.30866244665592,80.00201373329587,68.99385818915441,92.75916549718595
test,FatigueData-AM2022:697,AM2022,4,0,6.0,1.8001684660277535,1.8008021462279147,1.8006638629140002,1.8009809306965379,0.06390925465714714,1.736754608256853,1.864890185353685,63.120214495748556,63.21238058727406,54.54495757007317,73.2639256335287
test,FatigueData-AM2022:1186,AM2022,2,0,5.0,2.4894531895469107,2.442158453194234,2.4299360306199485,2.4489716700463853,0.07309786491601589,2.3568381657039326,2.522069534962401,308.6406959221881,276.79513536881166,227.42498026887623,332.7128197350605
test,FatigueData-AM2022:1186,AM2022,2,0,6.0,2.418511275481032,2.393139600753784,2.393139600753784,2.393139600753784,0.07642239093833281,2.3167172098154514,2.469561991692117,262.12670930659203,247.2518790197529,207.35628804866738,294.8234280913161
test,FatigueData-AM2022:1186,AM2022,3,0,5.0,2.4894531895469107,2.4933497156818447,2.491752884671063,2.495094307431247,0.06362745716409468,2.428125427506968,2.558721764595342,308.6406959221881,311.42230561792746,267.9942200491063,362.01099789027927
test,FatigueData-AM2022:1186,AM2022,3,0,6.0,2.418511275481032,2.406297068490267,2.404756731063977,2.408055509786673,0.07510453044171461,2.329652200622262,2.4831600402283875,262.12670930659203,254.85729453193008,213.62506143382487,304.20058172926986
test,FatigueData-AM2022:1186,AM2022,4,0,5.0,2.4894531895469107,2.474825027371459,2.471521706234865,2.4775705677664663,0.06344506748061451,2.4080766387542503,2.541015635247081,308.6406959221881,298.4180082267757,255.90374333692932,347.54867348697803
test,FatigueData-AM2022:1186,AM2022,4,0,6.0,2.418511275481032,2.393330053574875,2.393325312321196,2.393334358819101,0.06390925465714714,2.329416057664049,2.457243613476248,262.12670930659203,247.36033111065075,213.50893667564236,286.57850547680954
test,FatigueData-AM2022:988,AM2022,2,0,5.0,2.4331316654470534,2.43276538372288,2.4315116763627187,2.4339143608940157,0.07309786491601589,2.358413811446703,2.5070122258100316,271.1013407678216,270.87279168856975,228.25158996613447,321.37510075684617
test,FatigueData-AM2022:988,AM2022,3,0,5.0,2.4331316654470534,2.430966659716036,2.4292619865772282,2.432601876879348,0.06362745716409468,2.365634529413134,2.4962293340434423,271.1013407678216,269.75323380650724,232.07829725513338,313.4940727710691
test,FatigueData-AM2022:988,AM2022,4,0,5.0,2.4331316654470534,2.4331489756434763,2.432623018238558,2.433719798254565,0.06344506748061451,2.3691779507579436,2.4971648657351797,271.1013407678216,271.1121465946963,233.97957660093036,314.1701111888534
test,WELD2025:5593,Weld2025,2,0,6.0,1.9646939248300712,1.9703240229056855,1.9680544953580663,1.9718389959992875,0.07642239093833281,1.8916321044197335,2.0482613869376203,92.19214609747588,93.3950852602806,77.91697876757617,111.75356517512273
test,WELD2025:5593,Weld2025,3,0,6.0,1.9646939248300712,1.9398663980607884,1.9380736635402513,1.9416169839744462,0.07510453044171461,1.8629691330985367,2.0167215144161608,92.19214609747588,87.06956967798895,72.9405666876637,103.92535445514176
test,WELD2025:5593,Weld2025,4,0,6.0,1.9646939248300712,1.9714689684154627,1.96744351137361,1.974103508871746,0.06390925465714714,1.9035342567164628,2.038012763528893,92.19214609747588,93.6416307876758,80.08187938048303,109.14724133817049
test,WELD2025:4989,Weld2025,2,0,5.0,2.3902288099345204,2.4008235111371383,2.39898835561561,2.402663542550664,0.07309786491601589,2.325890490699594,2.47576140746668,245.60025304847528,251.6654000499135,211.78270483313935,299.06211989044664
test,WELD2025:4989,Weld2025,2,0,6.0,2.1050890482036713,2.0694026268122885,2.0647329278481243,2.073540526910438,0.07642239093833281,1.9883105369097915,2.1499629178487707,127.3764228218405,117.32825912495278,97.3443023406779,141.24169405237666
test,WELD2025:4989,Weld2025,3,0,5.0,2.3902288099345204,2.4027991978716683,2.3916138974602794,2.4081577746028415,0.06362745716409468,2.3279864402961845,2.471785231766936,245.60025304847528,252.8128810454919,212.80726014713082,296.3365577253042
test,WELD2025:4989,Weld2025,3,0,6.0,2.1050890482036713,2.058835105077527,2.0552814637467076,2.0628384266554423,0.07510453044171461,1.980176933304993,2.137942957097157,127.3764228218405,114.50780903919146,95.53817330765577,137.38615117578294
test,WELD2025:4989,Weld2025,4,0,5.0,2.3902288099345204,2.4165774827989432,2.4156055955867153,2.4183243291738643,0.06344506748061451,2.3521605281061007,2.481769396654479,245.60025304847528,260.9621265939433,224.98860767030132,303.22806646640026
test,WELD2025:4989,Weld2025,4,0,6.0,2.1050890482036713,2.0567748543347926,2.053609704422025,2.0607092219591934,0.06390925465714714,1.9897004497648778,2.1246184766163405,127.3764228218405,113.96588158253827,97.65634138494319,133.23504612643677
test,FatigueData-AM2022:633,AM2022,2,0,6.0,1.9698248812283121,1.9789650696390528,1.9695021883514559,1.9830065899013913,0.07642239093833281,1.893079797413123,2.059428980839724,93.28780643758695,95.27195335875703,78.17714343370281,114.66449979171617
test,FatigueData-AM2022:633,AM2022,2,0,7.0,1.8929776212193277,1.9026814589658754,1.896528819226128,1.9112467775136863,0.17283688789025264,1.7236919313358754,2.0840836654039387,78.15875290903139,79.92478173991566,52.92878580704204,121.36226283548338
test,FatigueData-AM2022:633,AM2022,3,0,6.0,1.9698248812283121,1.9228828053298797,1.915629792988203,1.9275991370715295,0.07510453044171461,1.8405252625464883,2.002703667513244,93.28780643758695,83.73033047549445,69.26682201960864,100.62448427422493
test,FatigueData-AM2022:633,AM2022,3,0,7.0,1.8929776212193277,1.8980876969049096,1.8967672241463227,1.8989461575600575,0.10188500503614173,1.794882219110181,2.0008311625961994,78.15875290903139,79.08383055290601,62.35657012056738,100.19156551312001
test,FatigueData-AM2022:633,AM2022,4,0,6.0,1.9698248812283121,2.0217061800758254,2.0192156447485945,2.0241414689526627,0.06390925465714714,1.9553063900914474,2.08805072360981,93.28780643758695,105.1250414574626,90.22074107736985,122.47592371908713
test,FatigueData-AM2022:633,AM2022,4,0,7.0,1.8929776212193277,1.9349511721363504,1.93178179159105,1.9381398191606107,0.11888132054548817,1.8129004710455618,2.057021139706099,78.15875290903139,86.08969558308299,64.99807146663433,114.03052916789008
test,FatigueData-AM2022:953,AM2022,2,0,5.0,2.487704347480427,2.522413492202759,2.522413492202759,2.522413492202759,0.07309786491601589,2.449315627286743,2.5955113571187747,307.4003428066508,332.9764296066015,281.3945146522175,394.0137312576655
test,FatigueData-AM2022:953,AM2022,2,0,6.0,2.4588305745910715,2.4570264647911513,2.4557312293140905,2.4579228459106406,0.07642239093833281,2.3793088383757577,2.5343452368489734,287.6276113292743,286.4352510879409,239.50183122927672,342.2514027830702
test,FatigueData-AM2022:953,AM2022,3,0,5.0,2.487704347480427,2.5190275555846435,2.5187482297909765,2.51920055615976,0.06362745716409468,2.4551207726268816,2.582828013323855,307.4003428066508,330.3905033447471,285.18112152865257,382.673169390181
test,FatigueData-AM2022:953,AM2022,3,0,6.0,2.4588305745910715,2.441956333535753,2.434005900462656,2.4527819876386396,0.07510453044171461,2.3589013700209414,2.5278865180803543,287.6276113292743,276.6663455175224,228.50797938655504,337.199186399678
test,FatigueData-AM2022:953,AM2022,4,0,5.0,2.487704347480427,2.5193659798465626,2.519278858119525,2.5194537946252638,0.06344506748061451,2.4558337906389105,2.5828988621058784,307.4003428066508,330.648060700572,285.6497120722989,382.73560200369855
test,FatigueData-AM2022:953,AM2022,4,0,6.0,2.4588305745910715,2.4341681251326115,2.4338718418506935,2.43451135697454,0.06390925465714714,2.3699625871935464,2.498420611631687,287.6276113292743,271.7491066967965,234.4026877683079,315.0798366427407
test,FatigueData-AM2022:436,AM2022,2,0,5.0,1.8159324456987846,1.8410804635127893,1.8367604063838352,1.8455726083387263,0.07309786491601589,1.7636625414678193,1.9186704732547422,65.4534353639342,69.35542917505197,58.03133231754983,82.92213459695307
test,FatigueData-AM2022:436,AM2022,3,0,5.0,1.8159324456987846,1.8660789873673056,1.8659507448083492,1.866281566933763,0.06362745716409468,1.8023232876442545,1.9299090240978576,65.4534353639342,73.46474701147415,63.434173783099595,85.09597606871479
test,FatigueData-AM2022:436,AM2022,4,0,5.0,1.8159324456987846,1.8910528137040787,1.888069817565975,1.8942049237307126,0.06344506748061451,1.8246247500853605,1.9576499912113272,65.4534353639342,77.81311722990655,66.77666878542928,90.70891896423606
test,WELD2025:3289,Weld2025,2,0,6.0,2.349406670215409,2.4153819804179877,2.413982619191206,2.4173616416005004,0.07642239093833281,2.3375602282528734,2.493784032538833,223.5664703263025,260.2447519820123,217.55057137061908,311.73389974731265
test,WELD2025:3289,Weld2025,3,0,6.0,2.349406670215409,2.3572243253898932,2.354283419695672,2.3591133908154607,0.07510453044171461,2.2791788892539575,2.4342179212571753,223.5664703263025,227.62728865294207,190.18615100593072,271.78026718524853
test,WELD2025:3289,Weld2025,4,0,6.0,2.349406670215409,2.3451058833577285,2.3443935889991296,2.345819483740609,0.06390925465714714,2.2804843343419825,2.409728738397756,223.5664703263025,221.36343399172432,190.75869132074172,256.8790807341555
test,FatigueData-AM2022:939,AM2022,2,0,5.0,2.1849674512451367,2.236294972937507,2.2330713946980967,2.2409046551825664,0.07309786491601589,2.159973529782081,2.3140025200985823,153.0972716675786,172.30384658694496,144.53516739790265,206.06418706072594
test,FatigueData-AM2022:939,AM2022,2,0,6.0,2.1047833478714186,2.0901607498526573,2.0807032585144043,2.1095259189605713,0.07642239093833281,2.0042808675760715,2.185948309898904,127.28679397549658,123.072422704515,100.99058027156124,153.44343422412365
test,FatigueData-AM2022:939,AM2022,2,0,7.0,2.057109147207585,2.0901607498526573,2.0807032585144043,2.1095259189605713,0.17283688789025264,1.9078663706241517,2.282362806850824,114.0536391987035,123.072422704515,80.88469843233888,191.5855750407264
test,FatigueData-AM2022:939,AM2022,3,0,5.0,2.1849674512451367,2.2276423557256706,2.2219371082898105,2.234633440438091,0.06362745716409468,2.158309651125716,2.2982608976021854,153.0972716675786,168.90494157997836,143.98248046649007,198.72884003420415
test,FatigueData-AM2022:939,AM2022,3,0,6.0,2.1047833478714186,2.111327424645424,2.0951147079467773,2.1239373683929443,0.07510453044171461,2.0200101775050627,2.199041898834659,127.28679397549658,129.21931207177207,104.71530873471998,158.14005985334853
test,FatigueData-AM2022:939,AM2022,3,0,7.0,2.057109147207585,2.111327424645424,2.0951147079467773,2.1239373683929443,0.10188500503614173,1.9932297029106356,2.225822373429086,114.0536391987035,129.21931207177207,98.4531697225978,168.19859876049844
test,FatigueData-AM2022:939,AM2022,4,0,5.0,2.1849674512451367,2.174859572572156,2.1713458052795427,2.1795531496993674,0.06344506748061451,2.107900737798928,2.242998217179982,153.0972716675786,149.57519323366705,128.2037527099905,174.98395053528643
test,FatigueData-AM2022:939,AM2022,4,0,6.0,2.1047833478714186,2.0807032585144043,2.0807032585144043,2.0807032585144043,0.06390925465714714,2.016794003857257,2.1446125131715514,127.28679397549658,120.42128536549667,103.94270240665462,139.512304695957
test,FatigueData-AM2022:939,AM2022,4,0,7.0,2.057109147207585,2.0807032585144043,2.0807032585144043,2.0807032585144043,0.11888132054548817,1.9618219379689161,2.1995845790598922,114.0536391987035,120.42128536549667,91.58449139911042,158.3377900291449
test,WELD2025:3591,Weld2025,2,0,5.0,2.2719200827622617,2.27002607708126,2.2698071064972014,2.2702466708934717,0.07309786491601589,2.1967092415811855,2.3433445358094875,187.03379361421085,186.21989484805349,157.29294419035367,220.46747887274103
test,WELD2025:3591,Weld2025,2,0,6.0,2.1274914264056934,2.1382788890132205,2.1360361542251485,2.139779317725326,0.07642239093833281,2.0596137632868157,2.2162017086636587,134.1193458066658,137.49246209899974,114.71329731480769,164.51356312868654
test,WELD2025:3591,Weld2025,2,0,7.0,2.0868408120725266,2.107848457992077,2.1013083457946777,2.1087827682495117,0.17283688789025264,1.928471457904425,2.2816196561397644,122.13518992041746,128.18832063726666,84.81476398457086,191.25802031398567
test,WELD2025:3591,Weld2025,3,0,5.0,2.2719200827622617,2.2665845410472922,2.2665463440880744,2.266631792596038,0.06362745716409468,2.20291888692398,2.3302592497601324,187.03379361421085,184.75003997952274,159.5581113104656,213.92387154968185
test,WELD2025:3591,Weld2025,3,0,6.0,2.1274914264056934,2.1280579399961708,2.1272328071448867,2.1290055728824444,0.07510453044171461,2.052128276703172,2.204110103324159,134.1193458066658,134.29441137402657,112.7530443435839,159.996360361069
test,WELD2025:3591,Weld2025,3,0,7.0,2.0868408120725266,2.0933670103549957,2.0904706716537476,2.093834161758423,0.10188500503614173,1.9885856666176058,2.1957191667945644,122.13518992041746,123.98439020148805,97.40599042512993,156.9347669485518
test,WELD2025:3591,Weld2025,4,0,5.0,2.2719200827622617,2.2665084312451675,2.2664698977370272,2.2665402836961754,0.06344506748061451,2.2030248302564126,2.32998535117679,187.03379361421085,184.7176655020018,159.59703922856312,213.78899769108952
test,WELD2025:3591,Weld2025,4,0,6.0,2.1274914264056934,2.133559518375923,2.133108382941468,2.134958706720779,0.06390925465714714,2.0691991282843207,2.198867961377926,134.1193458066658,136.00645420884416,117.2732951867988,158.0767365244843
test,WELD2025:3591,Weld2025,4,0,7.0,2.0868408120725266,2.0914984047412872,2.086359739303589,2.093834161758423,0.11888132054548817,1.9674784187581007,2.212715482303911,122.13518992041746,123.45207804972593,92.78513815915731,163.1982443136535
test,FatigueData-AM2022:512,AM2022,2,0,5.0,2.4619455481448465,2.5375711772308414,2.53685177608513,2.5415861286902235,0.07309786491601589,2.463753911169114,2.6146839936062394,289.69803414478747,344.80311228695786,290.90682551408054,411.7977729809877
test,FatigueData-AM2022:512,AM2022,3,0,5.0,2.4619455481448465,2.481390204114276,2.47732639794919,2.4877338147843644,0.06362745716409468,2.4136989407850953,2.5513612719484593,289.69803414478747,302.9634265883035,259.2381662639884,355.92727690614834
test,FatigueData-AM2022:512,AM2022,4,0,5.0,2.4619455481448465,2.463117493223636,2.463117493223636,2.463117493223636,0.06344506748061451,2.3996724257430215,2.526562560704251,289.69803414478747,290.4808409650801,250.99925113080974,336.1727917020976
test,WELD2025:1728,Weld2025,2,0,5.0,2.623483614856986,2.658539093960781,2.648397331804653,2.6650732328618987,0.07309786491601589,2.5752994668886373,2.7381710977779146,420.22667298812775,455.55319192982364,376.0966515879547,547.2315116941182
test,WELD2025:1728,Weld2025,3,0,5.0,2.623483614856986,2.6325914345246493,2.6281382965255355,2.641062565870903,0.06362745716409468,2.564510839361441,2.7046900230349973,420.22667298812775,429.132527477418,366.86885084239356,506.62897360800844
test,WELD2025:1728,Weld2025,4,0,5.0,2.623483614856986,2.638420419165638,2.633541395712869,2.642223390945383,0.06344506748061451,2.570096328232254,2.705668458425998,420.22667298812775,434.93105584708513,371.6176462190372,507.7716603130283
test,WELD2025:5365,Weld2025,2,0,6.0,2.2179251147428105,2.207819445884319,2.206552290321962,2.209342975004694,0.07642239093833281,2.130129899383629,2.2857653659430266,165.16769755465597,161.36875409323753,134.93664236515815,193.09248242889242
test,WELD2025:5365,Weld2025,3,0,6.0,2.2179251147428105,2.2124967601423173,2.2124967601423173,2.2124967601423173,0.07510453044171461,2.1373922297006027,2.287601290584032,165.16769755465597,163.11607406450224,137.21204266827215,193.9104841004495
test,WELD2025:5365,Weld2025,4,0,6.0,2.2179251147428105,2.2232362112343567,2.221128351786549,2.224959336170239,0.06390925465714714,2.157219097129402,2.288868590827386,165.16769755465597,167.1999761810558,143.62138058118248,194.4771542053974
test,WELD2025:3069,Weld2025,2,0,6.0,2.307797809879697,2.3588101972844937,2.356250241132508,2.361787017240182,0.07642239093833281,2.279827850194175,2.4382094081785146,203.14110471122066,228.46001305964626,190.47055628736135,274.2896423329955
test,WELD2025:3069,Weld2025,3,0,6.0,2.307797809879697,2.3870348869460307,2.3827158060648777,2.3900681770601535,0.07510453044171461,2.307611275623163,2.465172707501868,203.14110471122066,243.80066559721294,203.05387210753685,291.85874287704
test,WELD2025:3069,Weld2025,4,0,6.0,2.307797809879697,2.351046757172504,2.3486137564253178,2.353456990395996,0.06390925465714714,2.2847045017681706,2.417366245053143,203.14110471122066,224.41235184301794,192.6213852384642,261.4365146344923
test,FatigueData-AM2022:388,AM2022,2,0,6.0,2.51188603718227,2.4722024011953576,2.470861659471495,2.4732971550392127,0.07642239093833281,2.394439268533162,2.5497195459775455,325.0020027166352,296.621345928969,247.99291217176966,354.584335622682
test,FatigueData-AM2022:388,AM2022,2,0,7.0,2.4341201350452795,2.430835485458374,2.430835485458374,2.430835485458374,0.17283688789025264,2.2579985975681214,2.6036723733486267,271.71907973722256,269.67176987266447,181.13342434156795,401.487818886038
test,FatigueData-AM2022:388,AM2022,3,0,6.0,2.51188603718227,2.478321044687803,2.4773696031660823,2.478938877774845,0.07510453044171461,2.4022650727243677,2.5540434082165597,325.0020027166352,300.82993141270407,252.50214554200835,358.1322310286495
test,FatigueData-AM2022:388,AM2022,3,0,7.0,2.4341201350452795,2.431547857544779,2.43152807305025,2.4315638102213852,0.10188500503614173,2.329643068014108,2.533448815257527,271.71907973722256,270.11447474585265,213.62056924351046,341.5456946860831
test,FatigueData-AM2022:388,AM2022,4,0,6.0,2.51188603718227,2.47241282482037,2.471139018902626,2.4735797013557392,0.06390925465714714,2.407229764245479,2.5374889560128864,325.0020027166352,296.76509922262375,255.40521710008733,344.73783987490833
test,FatigueData-AM2022:388,AM2022,4,0,7.0,2.4341201350452795,2.430835485458374,2.430835485458374,2.430835485458374,0.11888132054548817,2.311954164912886,2.549716806003862,271.71907973722256,269.67176987266447,205.0945712257144,354.5820985491664
test,WELD2025:4976,Weld2025,2,0,6.0,1.7636464260108338,1.7740796957555436,1.773736911292653,1.7745006707323767,0.07642239093833281,1.6973145203543203,1.8509230616707095,58.029178976608144,59.440122495304045,49.80976816512481,70.94520723934538
test,WELD2025:4976,Weld2025,2,0,7.0,1.6097463665526575,1.6743035778540043,1.6723960251187935,1.6767965304245194,0.17283688789025264,1.4995591372285408,1.849633418314772,40.714243205016494,47.239313522003094,31.59069184852365,70.73484697237184
test,WELD2025:4976,Weld2025,3,0,6.0,1.7636464260108338,1.7529536892985926,1.7519078322148303,1.7542224323514617,0.07510453044171461,1.6768033017731157,1.8293269627931763,58.029178976608144,56.61789117098521,47.51199885174963,67.50360438435864
test,WELD2025:4976,Weld2025,3,0,7.0,1.6097463665526575,1.6815850734710693,1.6815850734710693,1.6815850734710693,0.10188500503614173,1.5797000684349276,1.783470078507211,40.714243205016494,48.038017217013895,37.992692134421134,60.739341396957926
test,WELD2025:4976,Weld2025,4,0,6.0,1.7636464260108338,1.766518180542815,1.765549481244915,1.7672843543806034,0.06390925465714714,1.701640226587768,1.8311936090377505,58.029178976608144,58.41416600633783,50.3083677123307,67.7943668411823
test,WELD2025:4976,Weld2025,4,0,7.0,1.6097463665526575,1.657565887166383,1.6573762981263978,1.6587413392142911,0.11888132054548817,1.5384949775809096,1.7776226597597793,40.714243205016494,45.453348962154294,34.55373335718947,59.92701693031669
test,FatigueData-AM2022:61,AM2022,2,0,5.0,2.624204266074068,2.5855087256625553,2.577694011459588,2.5915047624384413,0.07309786491601589,2.504596146543572,2.664602627354457,420.92455949786796,385.04255071431385,319.5921817558059,461.9581435030219
test,FatigueData-AM2022:61,AM2022,3,0,5.0,2.624204266074068,2.565802689083131,2.55523681640625,2.5784597396850586,0.06362745716409468,2.4916093592421555,2.642087196849153,420.92455949786796,367.96176136908844,310.176834326558,438.61875400337624
test,FatigueData-AM2022:61,AM2022,4,0,5.0,2.624204266074068,2.6603825598652335,2.6561359878844595,2.663228681917483,0.06344506748061451,2.592690920403845,2.7266737493980977,420.92455949786796,457.4910053142596,391.46318062093013,532.9343942198258
test,WELD2025:1749,Weld2025,2,0,5.0,2.0154844168411397,1.9685336127488733,1.9673119114732784,1.9698538158375516,0.07309786491601589,1.8942140465572626,2.0429516807535677,103.62974198069736,93.0108498845152,78.3815859390311,110.39557878572106
test,WELD2025:1749,Weld2025,2,0,6.0,1.8375813556521159,1.7768668853490017,1.7726790422344547,1.7822594152944826,0.07642239093833281,1.696256651296122,1.8586818062328154,68.79887800148384,59.82282053388389,49.688587509885956,72.22404470781119
test,WELD2025:1749,Weld2025,2,0,7.0,1.6393068730780145,1.6127839088439941,1.6127839088439941,1.6127839088439941,0.17283688789025264,1.4399470209537415,1.7856207967342468,43.5819715722285,41.00000492084247,27.538927388803128,61.04088150479579
test,WELD2025:1749,Weld2025,3,0,5.0,2.0154844168411397,1.9671881910775326,1.9655669625178176,1.9683511260081767,0.06362745716409468,1.901939505353723,2.0319785831722714,103.62974198069736,92.72315298400036,79.78835390808928,107.6412130059697
test,WELD2025:1749,Weld2025,3,0,6.0,1.8375813556521159,1.783441210515667,1.7805017785793493,1.785778650139664,0.07510453044171461,1.7053972481376347,1.8608831805813786,68.79887800148384,60.73530412595333,50.74546636361222,72.59106708906613
test,WELD2025:1749,Weld2025,3,0,7.0,1.6393068730780145,1.6277289132943173,1.6271579264493643,1.6282224262385712,0.10188500503614173,1.5252729214132226,1.730107431274713,43.5819715722285,42.43545990306065,33.51760058951971,53.71646581709705
test,WELD2025:1749,Weld2025,4,0,5.0,2.0154844168411397,1.9765691810864863,1.9735051471881533,1.9786778319775986,0.06344506748061451,1.9100600797075389,2.0421228994582132,103.62974198069736,94.74781013285921,81.29429698095818,110.18510743621653
test,WELD2025:1749,Weld2025,4,0,6.0,1.8375813556521159,1.8008109109152546,1.798243136563496,1.803311636462646,0.06390925465714714,1.734333881906349,1.8672208911197932,68.79887800148384,63.21365631691285,54.24177362926207,73.65816428327642
test,WELD2025:1749,Weld2025,4,0,7.0,1.6393068730780145,1.626773133163869,1.6262249374347189,1.6271935504613306,0.11888132054548817,1.5073436168892307,1.7460748710068188,43.5819715722285,42.34217211463476,32.16204215916843,55.728181428826694
test,FatigueData-AM2022:410,AM2022,2,0,5.0,2.6006744141261624,2.6016922240658484,2.600785102001799,2.602500990335606,0.07309786491601589,2.5276872370857832,2.675598855251622,398.725869815193,399.66141721262096,337.04449418679974,473.8041444460502
test,FatigueData-AM2022:410,AM2022,2,0,6.0,2.5229655099271358,2.5334911346435547,2.520822525024414,2.5480600357055665,0.07642239093833281,2.4444001340860813,2.6244824266438993,333.39993431342185,341.5789778820539,278.22755166875646,421.194243143138
test,FatigueData-AM2022:410,AM2022,3,0,5.0,2.6006744141261624,2.6092682384622314,2.606684216161818,2.6142358802870134,0.06362745716409468,2.5430567589977233,2.6778633374511083,398.725869815193,406.6944431302499,349.18594845392875,476.28108844737187
test,FatigueData-AM2022:410,AM2022,3,0,6.0,2.5229655099271358,2.535602569580078,2.529268264770508,2.5396142959594727,0.07510453044171461,2.454163734328793,2.6147188264011874,333.39993431342185,343.24369586811855,284.55337062368034,411.83080274129037
test,FatigueData-AM2022:410,AM2022,4,0,5.0,2.6006744141261624,2.606652628353233,2.605945964268528,2.6076505775206416,0.06344506748061451,2.5425008967879132,2.671095645001256,398.725869815193,404.25241992967904,348.73930425689406,468.91664063988355
test,FatigueData-AM2022:410,AM2022,4,0,6.0,2.5229655099271358,2.5192692847515596,2.5190075052155123,2.519479702312166,0.06390925465714714,2.455098250558365,2.583388956969313,333.39993431342185,330.57445053979103,285.1663327102645,383.16775723252965
test,WELD2025:990,Weld2025,2,0,6.0,2.2025920392305793,2.1767003348394662,2.17534617505988,2.1779320710919974,0.07642239093833281,2.0989237841215473,2.25435446203033,159.43807390869577,150.21051490672386,125.58095578836625,179.6199048648034
test,WELD2025:990,Weld2025,3,0,6.0,2.2025920392305793,2.19175354414513,2.19165300426329,2.1922883057193427,0.07510453044171461,2.116548473821575,2.2673928361610574,159.43807390869577,155.50828940441528,130.78215034006718,185.0942110744182
test,WELD2025:990,Weld2025,4,0,6.0,2.2025920392305793,2.186583190126448,2.1858818168577963,2.1874486061555296,0.06390925465714714,2.121972562200649,2.2513578608126767,159.43807390869577,153.66791196301963,132.42578687632331,178.38480616853312
test,FatigueData-AM2022:1024,AM2022,2,0,5.0,2.345156847084615,2.4034380452275905,2.39814243858696,2.4048015225418675,0.07309786491601589,2.325044573670944,2.4778993874578834,221.3894121425448,253.18504255199585,211.37059682193365,300.53799687812824
test,FatigueData-AM2022:1024,AM2022,3,0,5.0,2.345156847084615,2.4208231584552276,2.4176965278904556,2.424215158698326,0.06362745716409468,2.3540690707263607,2.4878426158624203,221.3894121425448,263.5258109447582,225.97951422301372,307.49822688432823
test,FatigueData-AM2022:1024,AM2022,4,0,5.0,2.345156847084615,2.407644634713613,2.4024251082911467,2.413521290544892,0.06344506748061451,2.338980040810532,2.4769663580255066,221.3894121425448,255.64931577737704,218.26296008314367,299.89302023331146
test,WELD2025:5088,Weld2025,2,0,5.0,2.496418729636558,2.4927552996629663,2.486672574405889,2.49834401295879,0.07309786491601589,2.413574709489873,2.571441877874806,313.63081718477656,310.99635550771234,259.1640209807626,372.77079326463564
test,WELD2025:5088,Weld2025,2,0,6.0,2.3186660837492847,2.340990170213172,2.336758923751748,2.3449746262045745,0.07642239093833281,2.2603365328134153,2.4213970171429073,208.28887953584743,219.27553041392895,182.11114829791356,263.87425316224693
test,WELD2025:5088,Weld2025,3,0,5.0,2.496418729636558,2.4683630053556342,2.4646487513802957,2.4713021727012983,0.06362745716409468,2.401021294216201,2.5349296298653927,313.63081718477656,294.0106115015067,251.78003768778817,342.71225127667753
test,WELD2025:5088,Weld2025,3,0,6.0,2.3186660837492847,2.3079057600522463,2.3074960708618164,2.3087576268014804,0.07510453044171461,2.232391540420102,2.383862157243195,208.28887953584743,203.19160464581515,170.7621209902745,242.02607469374738
test,WELD2025:5088,Weld2025,4,0,5.0,2.496418729636558,2.4923370980831776,2.4892997138376196,2.495191097024067,0.06344506748061451,2.425854646357005,2.558636164504682,313.63081718477656,310.69702734951716,266.5966245260868,361.93965201363693
test,WELD2025:5088,Weld2025,4,0,6.0,2.3186660837492847,2.3175988545907913,2.3167865748204353,2.3187056793703156,0.06390925465714714,2.252877320163288,2.3826149340274627,208.28887953584743,207.77766175644814,179.01001137613258,241.33201221047307
test,WELD2025:2249,Weld2025,2,0,5.0,2.537083514703551,2.5155539224719985,2.515234565325789,2.5158987456446718,0.07309786491601589,2.442136700409773,2.5889966105606876,344.4161555229564,327.75846912449003,276.78127170168585,388.1473366936376
test,WELD2025:2249,Weld2025,3,0,5.0,2.537083514703551,2.5197142869316753,2.5190891947032847,2.520256324187817,0.06362745716409468,2.4554617375391903,2.5838837813519113,344.4161555229564,330.9133490285342,285.4051053471501,383.604577894646
test,WELD2025:2249,Weld2025,4,0,5.0,2.537083514703551,2.5171414791074374,2.516435572041644,2.5177116969848243,0.06344506748061451,2.452990504561029,2.581156764465439,344.4161555229564,328.9587775615889,283.78569806986644,381.20339908361495
test,HEA2022:HCF:20,HEA2022,2,0,7.0,2.3004874214967166,2.2088615894317627,2.2088615894317627,2.2088615894317627,0.17283688789025264,2.03602470154151,2.3816984773220153,199.75029137798754,161.75644342853855,108.64874184405416,240.82328563183347
test,HEA2022:HCF:20,HEA2022,3,0,7.0,2.3004874214967166,2.2088615894317627,2.2088615894317627,2.2088615894317627,0.10188500503614173,2.106976584395621,2.310746594467904,199.75029137798754,161.75644342853855,127.93123263552951,204.52509095408584
test,HEA2022:HCF:20,HEA2022,4,0,7.0,2.3004874214967166,2.2124881647062216,2.2124722862592705,2.212502453868385,0.11888132054548817,2.0935909657137826,2.3313837744138732,199.75029137798754,163.11284574829102,124.04834249736808,214.47850531250637
test,FatigueData-AM2022:1312,AM2022,2,0,5.0,2.4562110481146875,2.463815689086914,2.463815689086914,2.463815689086914,0.07309786491601589,2.390717824170898,2.53691355400293,285.8979544808444,290.94820963703205,245.87695392275032,344.2813949842163
test,FatigueData-AM2022:1312,AM2022,2,0,6.0,2.3055827895730965,2.2472893889681833,2.2449593137089345,2.2495782783025766,0.07642239093833281,2.1685369227706017,2.3260006692409094,202.10766731925412,176.7214999297313,147.4133863295605,211.83643996119326
test,FatigueData-AM2022:1312,AM2022,2,0,7.0,2.210170313360954,2.2336270987962754,2.231948481260314,2.2355240199891306,0.17283688789025264,2.059111593370061,2.4083609078793833,162.24462327639623,171.24862724041532,114.58073225157459,256.0713009490996
test,FatigueData-AM2022:1312,AM2022,3,0,5.0,2.4562110481146875,2.463815689086914,2.463815689086914,2.463815689086914,0.06362745716409468,2.4001882319228196,2.5274431462510085,285.8979544808444,290.94820963703205,251.29753693424138,336.8551149514271
test,FatigueData-AM2022:1312,AM2022,3,0,6.0,2.3055827895730965,2.2936166368708197,2.282936711959593,2.2998271647545407,0.07510453044171461,2.2078321815178783,2.3749316951962554,202.10766731925412,196.6149951336697,161.3734862819695,237.10007709701728
test,FatigueData-AM2022:1312,AM2022,3,0,7.0,2.210170313360954,2.2348258015351954,2.2335725807007596,2.2362847658120346,0.10188500503614173,2.1316875756646176,2.338169770848176,162.24462327639623,171.72194606176458,135.4214861869252,217.85612312647598
test,FatigueData-AM2022:1312,AM2022,4,0,5.0,2.4562110481146875,2.463783624939617,2.463815689086914,2.463815689086914,0.06344506748061451,2.4003706216062994,2.5272607565675287,285.8979544808444,290.92672959925903,251.40309596364688,336.7136763631382
test,FatigueData-AM2022:1312,AM2022,4,0,6.0,2.3055827895730965,2.3832787117860104,2.3714948072287303,2.4018646053923876,0.06390925465714714,2.307585552571583,2.4657738600495347,202.10766731925412,241.70114723155098,203.04184568131308,292.26301491065607
test,FatigueData-AM2022:1312,AM2022,4,0,7.0,2.210170313360954,2.2451059685700714,2.2445039504477564,2.2457418162132945,0.11888132054548817,2.125622629902268,2.364623136758783,162.24462327639623,175.83526025555065,133.54346173739305,231.5384580580239
test,WELD2025:3447,Weld2025,2,0,6.0,2.168109785690824,2.1437856829546256,2.1428717863531905,2.1451076426239095,0.07642239093833281,2.0664493954148577,2.2215300335622423,147.2684736674829,139.24694730277642,116.53312569390512,166.54439973037324
test,WELD2025:3447,Weld2025,3,0,6.0,2.168109785690824,2.142384971853209,2.1408130043490767,2.144189016468209,0.07510453044171461,2.065708473907362,2.2192935469099235,147.2684736674829,138.79856364548164,116.33448561561754,165.688950441919
test,WELD2025:3447,Weld2025,4,0,6.0,2.168109785690824,2.139225080211322,2.1381407344865595,2.140350694936042,0.06390925465714714,2.0742314798294124,2.204259949593189,147.2684736674829,137.79234151950524,118.64009337499715,160.05157403566386
test,WELD2025:3277,Weld2025,2,0,5.0,2.708581828339395,2.6289273142158147,2.6240882869463653,2.6330917229856303,0.07309786491601589,2.5509904220303494,2.706189587901646,511.1893865888254,425.52718872928364,355.6234755303154,508.38132406706455
test,WELD2025:3277,Weld2025,3,0,5.0,2.708581828339395,2.7468705012436416,2.744611304709348,2.749007491575396,0.06362745716409468,2.680983847545253,2.8126349487394906,511.1893865888254,558.3036938547556,479.71560652944436,649.5834459046708
test,WELD2025:3277,Weld2025,4,0,5.0,2.708581828339395,2.736887427064442,2.7358314127138663,2.7417569962534536,0.06344506748061451,2.6723863452332517,2.805202063734068,511.1893865888254,545.6164142039696,470.3123089956114,638.5605194622417
test,FatigueData-AM2022:1078,AM2022,2,0,5.0,2.1929571956031264,2.180464244922928,2.1738023503556865,2.187411890737763,0.07309786491601589,2.1007044854396706,2.260509755653779,155.93987997120877,151.51800551419652,126.09692193508488,182.18379969853572
test,FatigueData-AM2022:1078,AM2022,2,0,6.0,2.0479034548522477,1.9916466947076665,1.9906075835067039,1.9928464628199456,0.07642239093833281,1.914185192568371,2.0692688537582784,111.66149928581049,98.09496006278147,82.07014345817743,117.29212478943977
test,FatigueData-AM2022:1078,AM2022,3,0,5.0,2.1929571956031264,2.1704135973351724,2.1665006435795657,2.175246219630628,0.06362745716409468,2.1028731864154713,2.2388736767947224,155.93987997120877,148.05176777314568,126.72817667297171,173.3299759645174
test,FatigueData-AM2022:1078,AM2022,3,0,6.0,2.0479034548522477,2.0174646466479587,2.006646238463033,2.0240684724589926,0.07510453044171461,1.9315417080213182,2.099173002900707,111.66149928581049,104.1033359788797,85.41648742866118,125.65304078000099
test,FatigueData-AM2022:1078,AM2022,4,0,5.0,2.1929571956031264,2.162380925557006,2.1479487936883537,2.1724287436841965,0.06344506748061451,2.084503726207739,2.235873811164811,155.93987997120877,145.33858430427415,121.47970432762867,172.13683406165785
test,FatigueData-AM2022:1078,AM2022,4,0,6.0,2.0479034548522477,2.001784257347083,1.9979107968605097,2.005288816469917,0.06390925465714714,1.9340015422033625,2.0691980711270643,111.66149928581049,100.41168554321874,85.90165719146196,117.27300972113147
test,FatigueData-AM2022:108,AM2022,2,0,6.0,2.563886442259187,2.539514659445785,2.5379898725674344,2.5412518523960403,0.07642239093833281,2.4615674816291016,2.617674243334373,366.3417724097673,346.3495753097353,289.4459529595371,414.642909594959
test,FatigueData-AM2022:108,AM2022,3,0,6.0,2.563886442259187,2.5595866703665466,2.558842652768085,2.5616456680620248,0.07510453044171461,2.4837381223263706,2.6367501985037394,366.3417724097673,362.7326680913694,304.6057676277827,433.26159930973824
test,FatigueData-AM2022:108,AM2022,4,0,6.0,2.563886442259187,2.5378321526508216,2.5363918054005556,2.5396463009847126,0.06390925465714714,2.4724825507434085,2.6035555556418597,366.3417724097673,345.01037298921426,296.8127486459684,401.37984012726264
test,WELD2025:5232,Weld2025,2,0,6.0,1.3764539588758922,1.3134144060313702,1.279435396194458,1.3760868310928345,0.07642239093833281,1.2030130052561252,1.4525092220311673,23.793260466512997,20.578532736288807,15.959269376846464,28.347138266139094
test,WELD2025:5232,Weld2025,3,0,6.0,1.3764539588758922,1.2654402153479662,1.2653593257978395,1.2655643516878767,0.07510453044171461,1.1902547953561249,1.3406688821295913,23.793260466512997,18.42638815236009,15.49725557625257,21.91133718674561
test,WELD2025:5232,Weld2025,4,0,6.0,1.3764539588758922,1.2656360393438417,1.2655340606793828,1.2657292806948408,0.06390925465714714,1.2016248060222356,1.329638535351988,23.793260466512997,18.434698510263622,15.908337863628967,21.36183397313941
test,WELD2025:4313,Weld2025,2,0,5.0,2.0196716677594124,2.2672148847973155,2.240147056894576,2.2938581080698848,0.07309786491601589,2.16704919197856,2.3669559729859007,104.63372045074814,185.0183845984198,146.90926704613815,232.7855257173152
test,WELD2025:4313,Weld2025,2,0,6.0,1.723609979827323,1.768810579177964,1.759117644002581,1.7725578893289633,0.07642239093833281,1.6826952530642483,1.848980280267296,52.91879907040014,58.72331704785223,48.16097307092818,70.6285483680119
test,WELD2025:4313,Weld2025,3,0,5.0,2.0196716677594124,2.2322916827539805,2.1961970082652367,2.267213427985518,0.06362745716409468,2.1325695511011418,2.3308408851496125,104.63372045074814,170.72286203731596,135.6967827672321,214.21056423455707
test,WELD2025:4313,Weld2025,3,0,6.0,1.723609979827323,1.7547076923026554,1.75070172590411,1.7595124229501948,0.07510453044171461,1.6755971954623954,1.8346169533919094,52.91879907040014,56.84701856069008,47.380233366202134,68.33087049159448
test,WELD2025:4313,Weld2025,4,0,5.0,2.0196716677594124,2.057843474942901,2.0523325843156033,2.0646117551766867,0.06344506748061451,1.9888875168349887,2.1280568226573013,104.63372045074814,114.24665016419345,97.47371460930826,134.2940658661304
test,WELD2025:4313,Weld2025,4,0,6.0,1.723609979827323,1.7609822033663982,1.7531975669348003,1.7697637245676072,0.06390925465714714,1.6892883122776532,1.8336729792247544,52.91879907040014,57.67428289885393,48.89768655361177,68.18250911647226
test,WELD2025:2740,Weld2025,2,0,5.0,2.6535062540959067,2.648875704865018,2.6458684596134026,2.6520710615846643,0.07309786491601589,2.5727705946973867,2.72516892650068,450.30446589048796,445.5287197737558,373.9130258038325,531.0909812670909
test,WELD2025:2740,Weld2025,3,0,5.0,2.6535062540959067,2.6355370771505484,2.633314356611102,2.637549310624784,0.06362745716409468,2.5696868994470075,2.701176767788879,450.30446589048796,432.05305183593646,371.26747077222115,502.5470960643049
test,WELD2025:2740,Weld2025,4,0,5.0,2.6535062540959067,2.664908623821092,2.663717310784768,2.666816856764477,0.06344506748061451,2.600272243304153,2.7302619242450916,450.30446589048796,462.2837460061512,398.35680759355245,537.355779471506
test,FatigueData-AM2022:641,AM2022,2,0,5.0,1.9519894159732,2.040291480832435,2.0328130200049825,2.0419094562530518,0.07309786491601589,1.9597151550889667,2.1150073211690676,89.53429452189306,109.72143548252596,91.14128661301508,130.3188746920984
test,FatigueData-AM2022:641,AM2022,2,0,6.0,1.802830845501254,1.8030443763036446,1.7987768719877957,1.8069238471088303,0.07642239093833281,1.7223544810494629,1.883346238047163,63.508352332296596,63.539585341991135,52.76603741193737,76.4444988787707
test,FatigueData-AM2022:641,AM2022,3,0,5.0,1.9519894159732,1.9586461660462604,1.9517583595915926,1.9653929105382384,0.06362745716409468,1.888130902427498,2.029020367702333,89.53429452189306,90.91722383689068,77.29135169274204,106.91050173272392
test,FatigueData-AM2022:641,AM2022,3,0,6.0,1.802830845501254,1.761316946929762,1.7521988289820294,1.76868877773802,0.07510453044171461,1.6770942985403148,1.8437933081797346,63.508352332296596,57.718753961742486,47.543844688262936,69.79001765322732
test,FatigueData-AM2022:641,AM2022,4,0,5.0,1.9519894159732,2.0419094562530518,2.0419094562530518,2.0419094562530518,0.06344506748061451,1.9784643887724371,2.1053545237336664,89.53429452189306,110.13096794067837,95.16218139407184,127.45430928411125
test,FatigueData-AM2022:641,AM2022,4,0,6.0,1.802830845501254,1.8162705931130538,1.8128258450528654,1.8198875967878347,0.06390925465714714,1.7489165903957182,1.8837968514449819,63.508352332296596,65.50441811773507,56.094023278898185,76.52385699554124
test,WELD2025:1751,Weld2025,2,0,6.0,2.2563157389514705,2.2442475554449786,2.242865755208813,2.245308993252512,0.07642239093833281,2.16644336427048,2.3217313841908447,180.4329039859934,175.4880529370409,146.70447591992217,209.76420681231085
test,WELD2025:1751,Weld2025,3,0,6.0,2.2563157389514705,2.239541976134316,2.2375865170592144,2.2413448688278277,0.07510453044171461,2.1624819866175,2.3164493992695423,180.4329039859934,173.59690424572037,145.3724087740169,207.228459848255
test,WELD2025:1751,Weld2025,4,0,6.0,2.2563157389514705,2.2445238810139134,2.243608991696371,2.2454411372505443,0.06390925465714714,2.1796997370392237,2.3093503919076914,180.4329039859934,175.59974504492288,151.2515162583894,203.86862410590243
test,WELD2025:5321,Weld2025,2,0,6.0,2.6337761536201785,2.562878395045494,2.5474064512680723,2.5910736348311865,0.07642239093833281,2.4709840603297395,2.6674960257695193,430.30476334601366,365.4924372978673,295.7903902247685,465.04612050829024
test,WELD2025:5321,Weld2025,3,0,6.0,2.6337761536201785,2.518428986759822,2.516226553325541,2.5218563216203065,0.07510453044171461,2.4411220228838264,2.596960852062021,430.30476334601366,329.9354544246672,276.13535994362456,395.3309827506117
test,WELD2025:5321,Weld2025,4,0,6.0,2.6337761536201785,2.606764544482111,2.6012153022631335,2.612616292742611,0.06390925465714714,2.5373060476059863,2.6765255473997582,430.30476334601366,404.35660775087405,344.59267990789147,474.8162212136687
test,WELD2025:4414,Weld2025,2,0,5.0,2.6884787190510995,2.6982899529477566,2.6945081507518718,2.7031236630826267,0.07309786491601589,2.621410285835856,2.7762215279986426,488.0661848349752,499.2176745776874,418.2252850495254,597.3399042464383
test,WELD2025:4414,Weld2025,2,0,6.0,2.5037097665572743,2.4368041944153447,2.4330213198890838,2.441005810389001,0.07642239093833281,2.356598928950751,2.5174282013273337,318.94057037320897,273.40357836909044,227.29973476588407,329.17602861315237
test,WELD2025:4414,Weld2025,3,0,5.0,2.6884787190510995,2.714082474420839,2.7105672713234528,2.7179017592920767,0.06362745716409468,2.6469398141593583,2.781529216456171,488.0661848349752,517.7051370849123,443.54717156570456,604.685029180078
test,WELD2025:4414,Weld2025,3,0,6.0,2.5037097665572743,2.4424038427788375,2.4361934107521344,2.4492624512705348,0.07510453044171461,2.3610888803104197,2.5243669817122494,318.94057037320897,276.9515772277651,229.66186133035688,334.4775563946067
test,WELD2025:4414,Weld2025,4,0,5.0,2.6884787190510995,2.734641346766702,2.723806982162403,2.7527550908744667,0.06344506748061451,2.6603619146817885,2.8162001583550813,488.0661848349752,542.8018844905872,457.46925794782567,654.9379534007614
test,WELD2025:4414,Weld2025,4,0,6.0,2.5037097665572743,2.5356474457418083,2.4951312451066774,2.5624385352863226,0.06390925465714714,2.4312219904495302,2.6263477899434697,318.94057037320897,343.2791654771207,269.91187395688803,423.00722959514025
test,CMA2022:44:1,CMA2022,2,0,5.0,2.558505501224529,2.4662707522035356,2.464491128921509,2.468408633016887,0.07309786491601589,2.391393264005493,2.541506497932903,361.8307740274184,292.59759505003285,246.25965346826862,347.94171352918045
test,CMA2022:44:1,CMA2022,2,0,6.0,2.5016315323336578,2.461670756340027,2.458850383758545,2.464491128921509,0.07642239093833281,2.382427992820212,2.5409135198598416,317.4179864322763,289.5147910471529,241.22815367398735,347.4669641933886
test,CMA2022:44:1,CMA2022,3,0,5.0,2.558505501224529,2.5243374438472155,2.523717229014672,2.5250129022722745,0.06362745716409468,2.460089771850577,2.5886403594363694,361.8307740274184,334.45480819641654,288.4627715182149,387.8290705590836
test,CMA2022:44:1,CMA2022,3,0,6.0,2.5016315323336578,2.4563826620578766,2.45320987701416,2.458850383758545,0.07510453044171461,2.3781053465724455,2.5339549142002595,317.4179864322763,286.0109510134156,238.83905632313702,341.94394214009657
test,CMA2022:44:1,CMA2022,4,0,5.0,2.558505501224529,2.542450880735913,2.5407434358387984,2.5436392148956326,0.06344506748061451,2.4772983683581837,2.6070842823762472,361.8307740274184,348.69914358356175,300.1223707180171,404.65441428493506
test,CMA2022:44:1,CMA2022,4,0,6.0,2.5016315323336578,2.4646891883683986,2.4636165196069433,2.465310323981098,0.06390925465714714,2.399707264949796,2.529219578638245,317.4179864322763,291.53398452913956,251.01938715816382,338.2358044968008
test,WELD2025:3709,Weld2025,2,0,6.0,2.2846247647926323,2.3028691989902725,2.297145227446439,2.308386112821798,0.07642239093833281,2.220722836508106,2.384808503760131,192.58602297290554,200.84878042339162,166.23514115244856,242.55403502557778
test,WELD2025:3709,Weld2025,3,0,6.0,2.2846247647926323,2.305205502530719,2.299390587633439,2.3103159066505587,0.07510453044171461,2.2242860571917245,2.3854204370922734,192.58602297290554,201.93216545326894,167.60464757827825,242.89604148218322
test,WELD2025:3709,Weld2025,4,0,6.0,2.2846247647926323,2.315484629934405,2.313331474586216,2.3185448650168956,0.06390925465714714,2.2494222199290688,2.3824541196740427,192.58602297290554,206.76862033821197,177.59151818641507,241.2426662283837
test,WELD2025:4326,Weld2025,2,0,6.0,1.707186406597983,1.7287781932400799,1.7286947667755554,1.7288596725556982,0.07642239093833281,1.6522723758372226,1.805282063494031,50.954953147608855,53.55230805227641,44.90269171985758,63.86781571384177
test,WELD2025:4326,Weld2025,3,0,6.0,1.707186406597983,1.7527724965468336,1.7513490442767798,1.7546363312890108,0.07510453044171461,1.6762445138350652,1.8297408617307254,50.954953147608855,56.59427444963758,47.450906527326204,67.56796851816124
test,WELD2025:4326,Weld2025,4,0,6.0,1.707186406597983,1.7291995632444843,1.729139999748957,1.7292631523459614,0.06390925465714714,1.6652307450918098,1.7931724070031085,50.954953147608855,53.60429187353375,46.26267544306843,62.111555686317054
test,WELD2025:4334,Weld2025,2,0,5.0,2.5784578515727152,2.5955916180719916,2.589544028857298,2.6002994296523365,0.07309786491601589,2.516446163941282,2.6733972945683524,378.841765242009,394.0865547479941,328.4325285915057,471.408375731263
test,WELD2025:4334,Weld2025,2,0,6.0,2.306350809781232,2.3428197007650273,2.3414951128769124,2.3448089556104605,0.07642239093833281,2.2650727219385796,2.4212313465487934,202.46539717902886,220.20120984064022,184.1080261698676,263.7736120789498
test,WELD2025:4334,Weld2025,3,0,5.0,2.5784578515727152,2.579163587712485,2.5758548605551694,2.581561750173212,0.06362745716409468,2.5122274033910745,2.6451892073373067,378.841765242009,379.45789021730457,325.2575627576046,441.7628664935365
test,WELD2025:4334,Weld2025,3,0,6.0,2.306350809781232,2.306725263595581,2.306725263595581,2.306725263595581,0.07510453044171461,2.2316207331538664,2.3818297940372957,202.46539717902886,202.64004050663075,170.45931275480064,240.89611387555297
test,WELD2025:4334,Weld2025,4,0,5.0,2.5784578515727152,2.576555199556114,2.5742713545052327,2.579125224401692,0.06344506748061451,2.510826287024618,2.6425702918823064,378.841765242009,377.1856828969405,324.209911042394,439.1069306815158
test,WELD2025:4334,Weld2025,4,0,6.0,2.306350809781232,2.306410886347294,2.306725263595581,2.306725263595581,0.06390925465714714,2.242816008938434,2.370634518252728,202.46539717902886,202.4934064392116,174.91055142057263,234.76563124995786
test,WELD2025:2739,Weld2025,2,0,5.0,2.5930670189440477,2.60511228377443,2.6005930037439606,2.6097053928375673,0.07309786491601589,2.5274951388279447,2.682803257753583,391.8023341337597,402.82116743445096,336.8954447613021,481.72951712148057
test,WELD2025:2739,Weld2025,3,0,5.0,2.5930670189440477,2.631695492031758,2.629054808392696,2.6337737909808037,0.06362745716409468,2.5654273512286014,2.6974012481448986,391.8023341337597,428.24814655845,367.64388877247086,498.1971607532855
test,WELD2025:2739,Weld2025,4,0,5.0,2.5930670189440477,2.6193337587626715,2.615824063725703,2.6230330731759772,0.06344506748061451,2.5523789962450882,2.686478140656592,391.8023341337597,416.23036395613644,356.7623337984958,485.8230773899716
test,WELD2025:297,Weld2025,2,0,6.0,2.0639790375415026,2.0376676594515093,2.0359479059358425,2.0391433996792854,0.07642239093833281,1.9595255149975097,2.115565790617618,115.87214258197777,109.0605439524149,91.10149732359963,130.4865625798458
test,WELD2025:297,Weld2025,3,0,6.0,2.0639790375415026,2.0518427442460574,2.0491409845791937,2.0545882089830045,0.07510453044171461,1.974036454137479,2.129692739424719,115.87214258197777,112.67893777749704,94.19686608797785,134.8008837488397
test,WELD2025:297,Weld2025,4,0,6.0,2.0639790375415026,2.0448812780285452,2.0434013403446665,2.046057850623639,0.06390925465714714,1.9794920856875193,2.109967105280786,115.87214258197777,110.88716444211806,95.38763598337444,128.81519796441594
test,WELD2025:1135,Weld2025,2,0,6.0,2.0419893010877135,1.9880290061047643,1.987815760181011,1.9882234557389658,0.07642239093833281,1.911393369242678,2.0646458466772986,110.15121732830023,97.2812194784715,81.54425498846568,116.05018755444861
test,WELD2025:1135,Weld2025,3,0,6.0,2.0419893010877135,1.990696530023789,1.988591583959019,1.9973567431330752,0.07510453044171461,1.9134870535173043,2.07246127357479,110.15121732830023,97.88057907283834,81.93831966933274,118.15749457582302
test,WELD2025:1135,Weld2025,4,0,6.0,2.0419893010877135,2.0493874549865723,2.0493874549865723,2.0493874549865723,0.06390925465714714,1.9854782003294251,2.1132967096437194,110.15121732830023,112.04370334500067,96.71151805082597,129.80658056328895
test,WELD2025:2291,Weld2025,2,0,5.0,2.539881544186553,2.5440680980682373,2.5440680980682373,2.5440680980682373,0.07309786491601589,2.4709702331522214,2.617165962984253,346.6422892815547,350.0000432915649,295.78097292545544,414.1579125002423
test,WELD2025:2291,Weld2025,2,0,6.0,2.4572534756630215,2.426612199204592,2.425453255305414,2.4277611839489994,0.07642239093833281,2.349030864367081,2.5041835748873322,286.5850133256419,267.06206280882947,223.37309636056227,319.28871930963965
test,WELD2025:2291,Weld2025,3,0,5.0,2.539881544186553,2.5440680980682373,2.5440680980682373,2.5440680980682373,0.06362745716409468,2.480440640904143,2.6076955552323318,346.6422892815547,350.0000432915649,302.3017358167419,405.22436952977984
test,WELD2025:2291,Weld2025,3,0,6.0,2.4572534756630215,2.44448600797806,2.4438766733348944,2.44487925792195,0.07510453044171461,2.36877214289318,2.5199837883636644,286.5850133256419,278.28257158271435,233.76104652786495,331.1187610282166
test,WELD2025:2291,Weld2025,4,0,5.0,2.539881544186553,2.5440680980682373,2.5440680980682373,2.5440680980682373,0.06344506748061451,2.4806230305876227,2.607513165548852,346.6422892815547,350.0000432915649,302.4287194641334,405.05422408676105
test,WELD2025:2291,Weld2025,4,0,6.0,2.4572534756630215,2.441700621512916,2.4326336110863274,2.4514380241611944,0.06390925465714714,2.3687243564291802,2.5153472788183415,286.5850133256419,276.5034926836659,233.73532665400592,327.602553957061
test,FatigueData-AM2022:759,AM2022,2,0,5.0,1.9681142898316817,1.998280847821336,1.9916810146756312,2.0039742895785206,0.07309786491601589,1.9185831497596153,2.0770721544945365,92.92108876607377,99.60493303310726,82.90546313786562,119.41864923527709
test,FatigueData-AM2022:759,AM2022,3,0,5.0,1.9681142898316817,2.0073697001149444,1.9995937860798056,2.013308681659234,0.06362745716409468,1.935966328915711,2.0769361388233287,92.92108876607377,101.71141591223223,86.29116431705673,119.38125464439635
test,FatigueData-AM2022:759,AM2022,4,0,5.0,1.9681142898316817,1.9902931184742232,1.9872275516233808,1.9943859377753252,0.06344506748061451,1.9237824841427664,2.05783100525594,92.92108876607377,97.78970105282775,83.90396492888655,114.24336990259387
test,WELD2025:1939,Weld2025,2,0,5.0,2.4257084272886593,2.4641812515916626,2.4639340288280227,2.4644465323736644,0.07309786491601589,2.390836163912007,2.5375443972896803,266.506881390405,291.1932151271514,245.9439614048354,344.7818513159871
test,WELD2025:1939,Weld2025,3,0,5.0,2.4257084272886593,2.4639995632351472,2.4638509328911726,2.4642058536461104,0.06362745716409468,2.4002234757270777,2.5278333108102053,266.506881390405,291.0714190794104,251.31793102384904,337.1578772190287
test,WELD2025:1939,Weld2025,4,0,5.0,2.4257084272886593,2.4634703647888085,2.463152275534129,2.4638134094385467,0.06344506748061451,2.3997072080535142,2.5272584769191613,266.506881390405,290.71695744141283,251.01935427248495,336.7119089292885
test,WELD2025:895,Weld2025,2,0,5.0,1.9033726957920813,1.8821964192603564,1.8769531144827944,1.8870484989914678,0.07309786491601589,1.8038552495667786,1.9601463639074836,80.0520938391995,76.24237550232135,63.65833122065363,91.23182528081459
test,WELD2025:895,Weld2025,2,0,6.0,1.5710016714141104,1.4182390867940982,1.413675155547683,1.4240034081306037,0.07642239093833281,1.3372527646093502,1.5004257990689365,37.23931394340725,26.19624761094306,21.739660851286473,31.653795995968082
test,WELD2025:895,Weld2025,3,0,5.0,1.9033726957920813,1.9003376575556494,1.8942922720092148,1.9044129283261102,0.06362745716409468,1.8306648148451201,1.9680403854902049,80.0520938391995,79.49460533550705,67.71187108563608,92.90527763356239
test,WELD2025:895,Weld2025,3,0,6.0,1.5710016714141104,1.33053935920167,1.3226235523021077,1.3387360274940894,0.07510453044171461,1.247519021860393,1.413840557935804,37.23931394340725,21.406189178018437,17.681496600248273,25.932271386558394
test,WELD2025:895,Weld2025,4,0,5.0,1.9033726957920813,1.894499641030633,1.8900721692695384,1.899815096477737,0.06344506748061451,1.8266271017889237,1.9632601639583513,80.0520938391995,78.4331470586624,67.08525914956427,91.88828881156886
test,WELD2025:895,Weld2025,4,0,6.0,1.5710016714141104,1.3930840678485867,1.3851035758722958,1.400144082780461,0.06390925465714714,1.3211943212151487,1.4640533374376081,37.23931394340725,24.72202651312386,20.950496575569606,29.110746167984274
test,FatigueData-AM2022:123,AM2022,2,0,6.0,2.67618582757435,2.641108823408568,2.6379195470569385,2.643679695823147,0.07642239093833281,2.5614971561186057,2.72010208676148,474.4449491436167,437.63175106572487,364.33186431402413,524.9308378048901
test,FatigueData-AM2022:123,AM2022,3,0,6.0,2.67618582757435,2.644027912237272,2.6420071606122826,2.6457837611164927,0.07510453044171461,2.566902630170568,2.7208882915582073,474.4449491436167,440.5831790103513,368.89488221029654,525.8819825795206
test,FatigueData-AM2022:123,AM2022,4,0,6.0,2.67618582757435,2.670010515540895,2.6687956729150617,2.670913235577341,0.06390925465714714,2.6048864182579146,2.734822490234488,474.4449491436167,467.74646666147095,402.6117248560674,543.0283334283993
test,WELD2025:1202,Weld2025,2,0,5.0,2.9101184767504393,2.9242163378582404,2.9228541674563195,2.925507977064268,0.07309786491601589,2.8497563025403037,2.9986058419802837,813.0522888530991,839.8782562031236,707.548643271878,996.7949796049926
test,WELD2025:1202,Weld2025,3,0,5.0,2.9101184767504393,2.9463971007445595,2.9450347300641453,2.947583996127896,0.06362745716409468,2.8814072729000504,3.011211453291991,813.0522888530991,883.8877210776558,761.039630535018,1026.1514266860256
test,WELD2025:1202,Weld2025,4,0,5.0,2.9101184767504393,2.9387217917661683,2.9367742995889143,2.940981087071793,0.06344506748061451,2.8733292321082997,3.004426154552408,813.0522888530991,868.4039531163734,747.0148445193796,1010.2437087030864
test,FatigueData-AM2022:690,AM2022,2,0,5.0,2.706220072693966,2.6334396278319225,2.617003174120842,2.6475257015775666,0.07309786491601589,2.5439053092048263,2.7206235664935825,508.4170105509377,429.9714582602118,349.8688755364515,525.5615278486554
test,FatigueData-AM2022:690,AM2022,3,0,5.0,2.706220072693966,2.6170540966346296,2.6110615750684847,2.62333232940074,0.06362745716409468,2.5474341179043902,2.6869597865648345,508.4170105509377,414.05124670236415,352.723274745775,486.3621689712394
test,FatigueData-AM2022:690,AM2022,4,0,5.0,2.706220072693966,2.6735994681823296,2.6710619338683674,2.676228537456285,0.06344506748061451,2.607616866387753,2.7396736049368995,508.4170105509377,471.62787776500085,405.15095448491434,549.1280202512781
test,WELD2025:1957,Weld2025,2,0,6.0,2.3266822829111744,2.3113995314903653,2.3104214765246667,2.312080571541072,0.07642239093833281,2.233999085586334,2.388502962479405,212.16917267431694,204.8328140456778,171.39536987489302,244.62619628301093
test,WELD2025:1957,Weld2025,3,0,6.0,2.3266822829111744,2.2722571762984067,2.2702820839588185,2.274236046858541,0.07510453044171461,2.195177553517104,2.349340577300256,212.16917267431694,187.17902308473725,156.73917391637428,223.53244954990447
test,WELD2025:1957,Weld2025,4,0,6.0,2.3266822829111744,2.289837358150099,2.2876797847961816,2.2919064164246,0.06390925465714714,2.2237705301390345,2.3558156710817473,212.16917267431694,194.91145261053373,167.4058113721556,226.89016507128105
test,WELD2025:3115,Weld2025,2,0,5.0,2.460817422717827,2.565687396486916,2.563426464594177,2.567784908635133,0.07309786491601589,2.4903285996781612,2.640882773551149,288.94648967361775,367.86409115229276,309.26345235928034,437.4040234340845
test,WELD2025:3115,Weld2025,3,0,5.0,2.460817422717827,2.5311084191451503,2.5302722390454786,2.5316438159684904,0.06362745716409468,2.466644781881384,2.5952712731325853,288.94648967361775,339.7100686903574,292.8496989315635,393.79597522143354
test,WELD2025:3115,Weld2025,4,0,5.0,2.460817422717827,2.5383363625595483,2.534820632693229,2.5472065850932863,0.06344506748061451,2.4713755652126146,2.610651652573901,288.94648967361775,345.41115788571796,296.05715758982905,407.99200483394907
test,WELD2025:3491,Weld2025,2,0,5.0,1.7807379791775328,1.7993406057357788,1.7993406057357788,1.7993406057357788,0.07309786491601589,1.726242740819763,1.8724384706517947,60.358436182164844,63.00000816445706,53.24057544093405,74.54842469020511
test,WELD2025:3491,Weld2025,2,0,6.0,1.569022582696257,1.5858137635486966,1.578424093505914,1.5927120834266102,0.07642239093833281,1.5020017025675811,1.669134474364943,37.069999715479504,38.53130902404016,31.768865249949894,46.680389847632
test,WELD2025:3491,Weld2025,3,0,5.0,1.7807379791775328,1.7361128767334968,1.7328563552577583,1.7388820196935117,0.06362745716409468,1.6692288980936636,1.8025094768576064,60.358436182164844,54.46441919852991,46.69054013930749,63.46137489088255
test,WELD2025:3491,Weld2025,3,0,6.0,1.569022582696257,1.5864996370492424,1.5827915673301352,1.590553842056867,0.07510453044171461,1.5076870368884205,1.6656583724985816,37.069999715479504,38.59220890698549,32.18748447325864,46.30825035063787
test,WELD2025:3491,Weld2025,4,0,5.0,1.7807379791775328,1.760217886188608,1.7586622793774835,1.7612880820798427,0.06344506748061451,1.695217211896869,1.824733149560457,60.358436182164844,57.57287088435332,49.5698051639204,66.7933382564681
test,WELD2025:3491,Weld2025,4,0,6.0,1.569022582696257,1.5448521149186658,1.5426187043487487,1.5474495718774943,0.06390925465714714,1.4787094496916016,1.6113588265346415,37.069999715479504,35.06324569646208,30.10990946646207,40.86568909084873
test,WELD2025:70,Weld2025,2,0,6.0,2.011591896982813,2.1039601568556145,2.1027918425365084,2.1090693177914286,0.07642239093833281,2.0263694515981756,2.1854917087297614,102.7050733251418,127.045754525316,106.2599119238514,153.28219424353495
test,WELD2025:70,Weld2025,3,0,6.0,2.011591896982813,2.1098716497926437,2.105259234236227,2.111967445949198,0.07510453044171461,2.0301547037945125,2.1870719763909126,102.7050733251418,128.78688821859978,107.19010683906588,153.84095825114778
test,WELD2025:70,Weld2025,4,0,6.0,2.011591896982813,2.1098230688950363,2.10973609474945,2.110386710766883,0.06390925465714714,2.0458268400923028,2.17429596542403,102.7050733251418,128.7724827104305,111.12885510530803,149.3812074155674
test,WELD2025:1089,Weld2025,2,0,5.0,2.7919605422822853,2.811799157944634,2.8086303508503807,2.8147140522746326,0.07309786491601589,2.735532485934365,2.8878119171906484,619.3847984676842,648.3345380623226,543.9168160622086,772.3460276083208
test,WELD2025:1089,Weld2025,2,0,6.0,2.6525562204167694,2.6954836837681615,2.6936053349320326,2.697348152468559,0.07642239093833281,2.6171829439936998,2.7737705434068918,449.320486473147,496.0022924817433,414.17410648200297,593.9782512497669
test,WELD2025:1089,Weld2025,3,0,5.0,2.7919605422822853,2.8111517207414094,2.80952783375928,2.812773898737308,0.06362745716409468,2.745900376595185,2.876401355901403,619.3847984676842,647.3687344629618,557.0579499899459,752.3178319784269
test,WELD2025:1089,Weld2025,3,0,6.0,2.6525562204167694,2.690906278197998,2.6893321093693436,2.6924692171812685,0.07510453044171461,2.614227578927629,2.767573747622983,449.320486473147,490.8019484730172,411.3652281782166,585.5631624630055
test,WELD2025:1089,Weld2025,4,0,5.0,2.7919605422822853,2.8038241952966136,2.802857197776186,2.8051129702826856,0.06344506748061451,2.7394121302955714,2.8685580377633,619.3847984676842,636.5377948808014,548.7975075612944,738.8529944117199
test,WELD2025:1089,Weld2025,4,0,6.0,2.6525562204167694,2.6900512721922523,2.6881495095224186,2.6920178904702494,0.06390925465714714,2.6242402548652715,2.7559271451273966,449.320486473147,489.83664537646183,420.95944180559434,570.0686326556842
test,WELD2025:3194,Weld2025,2,0,6.0,2.118979455848615,1.985562432397486,1.9773703702177012,1.9953944944377562,0.07642239093833281,1.9009479792793684,2.071816885376089,131.5162617404568,96.73027721435729,79.606399046117,117.98230736985855
test,WELD2025:3194,Weld2025,2,0,7.0,1.767575424321304,1.7332426309585571,1.7332426309585571,1.7332426309585571,0.17283688789025264,1.5604057430683045,1.9060795188488098,58.55654231748207,54.10565151270721,36.34174218293516,80.55259186195903
test,WELD2025:3194,Weld2025,3,0,6.0,2.118979455848615,2.1307035069524636,2.1259618699860527,2.1358987883163003,0.07510453044171461,2.050857339544338,2.211003318758015,131.5162617404568,135.11498176332262,112.42356155779774,162.55611777908263
test,WELD2025:3194,Weld2025,3,0,7.0,1.767575424321304,1.7580540792549861,1.7547359422945987,1.7615040467921268,0.10188500503614173,1.652850937258457,1.8633890518282685,58.55654231748207,57.286736118367315,44.96255036031308,73.01112692681457
test,WELD2025:3194,Weld2025,4,0,6.0,2.118979455848615,2.0925083938380604,2.08938287372301,2.0948741682111427,0.06390925465714714,2.025473619065863,2.15878342286829,131.5162617404568,123.73951054907948,106.04095225333009,144.13963662393465
test,WELD2025:3194,Weld2025,4,0,7.0,1.767575424321304,1.761303018298733,1.7574525333669468,1.763967849061355,0.11888132054548817,1.6385712128214587,1.8828491696068432,58.55654231748207,57.71690284373605,43.50820967514034,76.35705496119955
test,WELD2025:4735,Weld2025,2,0,6.0,2.1778489623461765,2.2000069319740465,2.1952062100154013,2.2054829743786084,0.07642239093833281,2.1187838190770685,2.281905365316941,150.60831939261462,158.4918489872466,131.45703091062708,191.38388456555813
test,WELD2025:4735,Weld2025,3,0,6.0,2.1778489623461765,2.16971992912136,2.1673495347931904,2.172384924876643,0.07510453044171461,2.0922450043514758,2.2474894553183575,150.60831939261462,147.81548378516717,123.66448817034836,176.80292894147112
test,WELD2025:4735,Weld2025,4,0,6.0,2.1778489623461765,2.171275412515106,2.1689547081625156,2.173680096067397,0.06390925465714714,2.1050454535053684,2.2375893507245443,150.60831939261462,148.3458538096907,127.36363735423448,172.81814959286532
test,WELD2025:819,Weld2025,2,0,5.0,2.718864983049099,2.76627197502016,2.765769848081521,2.766866932526502,0.07309786491601589,2.6926719831655053,2.839964797442518,523.4376807842876,583.8105986516243,492.80145698521187,691.7748955287934
test,WELD2025:819,Weld2025,3,0,5.0,2.718864983049099,2.7626856096849473,2.7624465767442037,2.7629786085332526,0.06362745716409468,2.698819119580109,2.826606065697347,523.4376807842876,579.0093937239884,499.8263176776773,670.8200979334041
test,WELD2025:819,Weld2025,4,0,5.0,2.718864983049099,2.7622886137453473,2.7621064294954185,2.7625698022039913,0.06344506748061451,2.698661362014804,2.826014869684606,523.4376807842876,578.4803532723643,499.6447886309587,669.9075457968095
test,WELD2025:1958,Weld2025,2,0,6.0,2.4881147638828325,2.464100458660823,2.4634649181911943,2.4646314882887097,0.07642239093833281,2.3870425272528615,2.5410538792270425,307.69097918272,291.1390487352851,243.80495468757272,347.5792799770597
test,WELD2025:1958,Weld2025,3,0,6.0,2.4881147638828325,2.4830366628453735,2.482321830126566,2.483919615850954,0.07510453044171461,2.4072172996848513,2.5590241462926686,307.69097918272,304.114174596199,255.39788689382937,362.2631392865066
test,WELD2025:1958,Weld2025,4,0,6.0,2.4881147638828325,2.4674785408369377,2.466603898984475,2.4684738674730538,0.06390925465714714,2.402694644327328,2.532383122130201,307.69097918272,293.41245207366194,252.75202533029977,340.70862053446
test,WELD2025:3399,Weld2025,2,0,5.0,2.65300300741858,2.5704315384310745,2.567565996220891,2.5734426471447818,0.07309786491601589,2.4944681313048753,2.6465405120607977,449.78296955633897,371.90459002635123,312.2253285677072,443.1395497118892
test,WELD2025:3399,Weld2025,2,0,6.0,2.312957974613936,2.3031959533691406,2.3031959533691406,2.3031959533691406,0.07642239093833281,2.226773562430808,2.3796183443074734,205.56916631875714,200.999951843002,168.56738997237755,239.67257633584688
test,WELD2025:3399,Weld2025,3,0,5.0,2.65300300741858,2.566502210597854,2.5631185577461486,2.570290817755555,0.06362745716409468,2.4994911005820537,2.6339182749196492,449.78296955633897,368.5549178252833,315.8574323306769,430.4456020677316
test,WELD2025:3399,Weld2025,3,0,6.0,2.312957974613936,2.3031959533691406,2.3031959533691406,2.3031959533691406,0.07510453044171461,2.228091422927426,2.3783004838108552,205.56916631875714,200.999951843002,169.0796822249205,238.94639562395903
test,WELD2025:3399,Weld2025,4,0,5.0,2.65300300741858,2.594319879256052,2.5904381576749578,2.5999737888656242,0.06344506748061451,2.526993090194343,2.663418856346239,449.78296955633897,392.9342442472435,336.50621537919335,460.7006832555677
test,WELD2025:3399,Weld2025,4,0,6.0,2.312957974613936,2.309909224510193,2.3031959533691406,2.318540573120117,0.06390925465714714,2.2392866987119935,2.3824498277772643,205.56916631875714,204.13112286937184,173.49489431836955,241.24028216975742
test,FatigueData-AM2022:433,AM2022,2,0,5.0,2.4704495591575264,2.4696381063120363,2.4669743237397546,2.471805803387989,0.07309786491601589,2.3938764588237387,2.5449036683040047,295.42657473311255,294.8751034882571,247.67174202963605,350.6740816313953
test,FatigueData-AM2022:433,AM2022,3,0,5.0,2.4704495591575264,2.4637548343360574,2.462356527086665,2.4650838221949622,0.06362745716409468,2.3987290699225703,2.528711279359057,295.42657473311255,290.9074438867782,250.45463305017094,337.8401640931099
test,FatigueData-AM2022:433,AM2022,4,0,5.0,2.4704495591575264,2.4756290599153488,2.4750323192783914,2.476262703442881,0.06344506748061451,2.4115872517977768,2.5397077709234956,295.42657473311255,298.9709971369476,257.98072077314737,346.5036158363243
test,WELD2025:5361,Weld2025,2,0,6.0,2.5376468388867153,2.5086572244763374,2.4976704120635986,2.5117335319519043,0.07642239093833281,2.421248021125266,2.588155922890237,344.86318822199655,322.5946974092873,263.78373976393357,387.39670533910237
test,WELD2025:5361,Weld2025,3,0,6.0,2.5376468388867153,2.5097366249652624,2.5090875188077204,2.510431534642713,0.07510453044171461,2.433982988366006,2.5855360650844275,344.86318822199655,323.397475175345,271.6332866000719,385.06679042381444
test,WELD2025:5361,Weld2025,4,0,6.0,2.5376468388867153,2.510214145772348,2.5089665383080164,2.5112941046990804,0.06390925465714714,2.4450572836508693,2.5752033593562276,344.86318822199655,323.7532567032435,278.6488683587989,376.0134321976905
test,WELD2025:2024,Weld2025,2,0,6.0,2.2198368693096078,2.217887550344269,2.2171923741642674,2.2187367745826387,0.07642239093833281,2.1407699832259346,2.2951591655209715,165.8963646655783,165.15341195546736,138.2833790308613,197.31457460564172
test,WELD2025:2024,Weld2025,3,0,6.0,2.2198368693096078,2.235971238681453,2.2333224366215556,2.2388704748072126,0.07510453044171461,2.158217906179841,2.313975005248927,165.8963646655783,172.17545473553687,143.95206730157196,206.05113221946124
test,WELD2025:2024,Weld2025,4,0,6.0,2.2198368693096078,2.253124761725288,2.248796797116731,2.2562438325493663,0.06390925465714714,2.1848875424595837,2.3201530872065135,165.8963646655783,179.11203233101085,153.06910485418882,209.00327298674097
test,FatigueData-AM2022:804,AM2022,2,0,5.0,2.024171194522296,2.0374401876716868,2.0347774428426595,2.040079339210248,0.07309786491601589,1.9616795779266436,2.1131772041262638,105.72341781780668,109.00343592715633,91.5544752788384,129.77086638982504
test,FatigueData-AM2022:804,AM2022,3,0,5.0,2.024171194522296,2.02689212300092,2.026130177379782,2.027815140239908,0.06362745716409468,1.9625027202156875,2.0914425974040025,105.72341781780668,106.38787222135201,91.7281680791362,123.436215335812
test,FatigueData-AM2022:804,AM2022,4,0,5.0,2.024171194522296,2.016543488067609,2.0155829344225897,2.017515191297499,0.06344506748061451,1.952137866941975,2.0809602587781137,105.72341781780668,103.88276201936499,89.5649044541439,120.49256755362548
test,WELD2025:5469,Weld2025,2,0,5.0,2.4827907076248756,2.4766720833058873,2.476486533943198,2.476812651419104,0.07309786491601589,2.403388669027182,2.5499105163351197,303.9419935173021,299.689883776866,253.15625884579225,354.74028968241856
test,WELD2025:5469,Weld2025,3,0,5.0,2.4827907076248756,2.4753630155963373,2.4746844420213305,2.4759036194780966,0.06362745716409468,2.411056984857236,2.5395310766421915,303.9419935173021,298.7879066739658,257.6659224676936,346.3626682609796
test,WELD2025:5469,Weld2025,4,0,5.0,2.4827907076248756,2.477200318165872,2.4767951711343157,2.477973780680661,0.06344506748061451,2.413350103653701,2.5414188481612756,303.9419935173021,300.0546200654421,259.0300227275701,347.87149865024793
test,WELD2025:35,Weld2025,2,0,6.0,2.2604725017581493,2.2449163959302174,2.2429054846826557,2.248035460717841,0.07642239093833281,2.166483093744323,2.324457851656174,182.1681725942257,175.75852365919494,146.71789713176423,211.08523273362746
test,WELD2025:35,Weld2025,3,0,6.0,2.2604725017581493,2.2823872570661465,2.253066671066976,2.3052611772856535,0.07510453044171461,2.177962140625261,2.380365707727368,182.1681725942257,191.59636136341842,150.64757342961198,240.08537625689982
test,WELD2025:35,Weld2025,4,0,6.0,2.2604725017581493,2.2469628774786403,2.244512100311849,2.249774918191687,0.06390925465714714,2.1806028456547017,2.313684172848834,182.1681725942257,176.5886870173136,151.56636868417334,205.91319290185223
test,WELD2025:2423,Weld2025,2,0,6.0,2.178111739009609,2.172458205034757,2.170618555175962,2.1736808188972554,0.07642239093833281,2.094196164237629,2.250103209835588,150.69947488471738,148.75042150453146,124.2213269807432,177.87020673452446
test,WELD2025:2423,Weld2025,3,0,6.0,2.178111739009609,2.176707528891181,2.17639674206303,2.177049319213266,0.07510453044171461,2.1012922116213155,2.2521538496549804,150.69947488471738,150.21300315192988,126.26768309973662,178.7120553619639
test,WELD2025:2423,Weld2025,4,0,6.0,2.178111739009609,2.1761311007987745,2.1757536588696684,2.1763824017563786,0.06390925465714714,2.1118444042125213,2.240291656413526,150.69947488471738,150.01376148178147,129.37322496686627,173.89682646812037
test,WELD2025:720,Weld2025,2,0,6.0,2.1153553245418397,2.1700787211027954,2.1694547427047195,2.1707075389798427,0.07642239093833281,2.0930323517663867,2.2471299299181755,130.4233420175709,147.93765186689814,123.88888712639005,176.65662535514372
test,WELD2025:720,Weld2025,3,0,6.0,2.1153553245418397,2.169874534452224,2.1689940892552833,2.1707506062448485,0.07510453044171461,2.0938895588135686,2.245855136686563,130.4233420175709,147.8681142720036,124.1336595270154,176.13884195046407
test,WELD2025:720,Weld2025,4,0,6.0,2.1153553245418397,2.1684813163782626,2.1679010833108157,2.168977710005125,0.06390925465714714,2.1039918286536685,2.232886964662272,130.4233420175709,147.39451295633904,127.05501993018031,170.95703013623103
test,WELD2025:192,Weld2025,2,0,5.0,2.4294915198966143,2.6910681224336717,2.6842078088254553,2.69814283074615,0.07309786491601589,2.6111099439094394,2.771240695662166,268.8385348710569,490.9848848726487,408.4227675966376,590.5282733992098
test,WELD2025:192,Weld2025,2,0,6.0,2.160728126366348,2.218050929485016,2.2160238814083035,2.220735844815323,0.07642239093833281,2.1396014904699707,2.2971582357536557,144.78651885454335,165.21555342779357,137.9118202058038,198.22491292699334
test,WELD2025:192,Weld2025,3,0,5.0,2.4294915198966143,2.460990057232898,2.4524048896705732,2.468482577246488,0.06362745716409468,2.388777432506479,2.5321100344105822,268.8385348710569,289.06137037032244,244.78084660144341,340.4944476700613
test,WELD2025:192,Weld2025,3,0,6.0,2.160728126366348,2.185247349546203,2.184325521512163,2.1862977826821255,0.07510453044171461,2.1092209910704485,2.26140231312384,144.78651885454335,153.19597307806995,128.5940845444697,182.55860695338393
test,WELD2025:192,Weld2025,4,0,5.0,2.4294915198966143,2.4892503928844967,2.485123266079854,2.4924982414627648,0.06344506748061451,2.4216781985992393,2.5559433089433794,268.8385348710569,308.49660776498155,264.04515234271764,359.7023779879135
test,WELD2025:192,Weld2025,4,0,6.0,2.160728126366348,2.1832911030692643,2.182668663174939,2.1836871116378678,0.06390925465714714,2.118759408517792,2.247596366295015,144.78651885454335,152.50746529353546,131.44964226168563,176.84645816271862
test,WELD2025:4102,Weld2025,2,0,5.0,2.6181741305669677,2.6222140789031982,2.6222140789031982,2.6222140789031982,0.07309786491601589,2.5491162139871824,2.695311943819214,415.1204520022723,419.0000539669851,354.09208082563686,495.8061892120845
test,WELD2025:4102,Weld2025,2,0,6.0,2.5532927872925493,2.5624870095183017,2.562051215225923,2.5629132321623795,0.07642239093833281,2.4856288242875904,2.6393356231007123,357.51378115237054,365.16320444308707,305.93476027957183,435.8485676694863
test,WELD2025:4102,Weld2025,3,0,5.0,2.6181741305669677,2.622055645319112,2.6214205261553163,2.6222140789031982,0.06362745716409468,2.557793068991222,2.6858415360672927,415.1204520022723,418.84722777206207,361.23770044020574,485.1114620013741
test,WELD2025:4102,Weld2025,3,0,6.0,2.5532927872925493,2.5526861488443666,2.5513724235655157,2.553864981987939,0.07510453044171461,2.476267893123801,2.6289695124296535,357.51378115237054,357.0147414204618,299.4110974610064,425.568537078046
test,WELD2025:4102,Weld2025,4,0,5.0,2.6181741305669677,2.6203460186717122,2.620123334640552,2.6205283469296057,0.06344506748061451,2.5566782671599375,2.6839734144102203,415.1204520022723,417.20165126132804,360.3116190661789,483.02923221879627
test,WELD2025:4102,Weld2025,4,0,6.0,2.5532927872925493,2.558413824412984,2.5582646973347782,2.558518100499472,0.06390925465714714,2.494355442677631,2.6224273551566193,357.51378115237054,361.7544019062787,312.14432436247466,419.20586986251925
test,WELD2025:168,Weld2025,2,0,5.0,2.774283421330853,2.7176105198345284,2.712552780509724,2.7222197210369696,0.07309786491601589,2.639454915593708,2.7953175859529855,594.6801212860636,521.9279082450596,435.9683034843256,624.1911200458837
test,WELD2025:168,Weld2025,2,0,6.0,2.522808954532626,2.408600310939798,2.405146599299167,2.4115063918217534,0.07642239093833281,2.328724208360834,2.487928782760086,333.27977125870177,256.2124981221049,213.16907877097674,307.559242619121
test,WELD2025:168,Weld2025,3,0,5.0,2.774283421330853,2.7407497934488214,2.7346832278345454,2.749152464815993,0.06362745716409468,2.671055770670451,2.8127799219800877,594.6801212860636,550.4904554361394,468.8735894852019,649.80032164413
test,WELD2025:168,Weld2025,3,0,6.0,2.522808954532626,2.4517576477164056,2.44822162017178,2.4546759875224855,0.07510453044171461,2.3731170897300653,2.5297805179642,333.27977125870177,282.9812415769463,236.1114725312847,338.67295567727854
test,WELD2025:168,Weld2025,4,0,5.0,2.774283421330853,2.7409409175878947,2.7380509286472208,2.7460337964969788,0.06344506748061451,2.674605861166606,2.8094788639775934,594.6801212860636,550.7327683665935,472.7220509092973,644.8799344165503
test,WELD2025:168,Weld2025,4,0,6.0,2.522808954532626,2.4607087931206317,2.455356033463986,2.4649612091651605,0.06390925465714714,2.3914467788068388,2.5288704638223076,333.27977125870177,288.87422484668843,246.29000003946103,337.9640172954358
test,WELD2025:3641,Weld2025,2,0,6.0,2.2966626182641545,2.340942662090576,2.338808250271396,2.3432919076232688,0.07642239093833281,2.262385859333063,2.4197142985616016,197.99882739939414,219.25154484779756,182.97251573117296,262.8538234194704
test,WELD2025:3641,Weld2025,3,0,6.0,2.2966626182641545,2.2921934642464494,2.2902104095986378,2.2937718144588826,0.07510453044171461,2.215105879156923,2.368876344900597,197.99882739939414,195.9717470296381,164.09897908032275,233.81714047737043
test,WELD2025:3641,Weld2025,4,0,6.0,2.2966626182641545,2.304575641664771,2.3013912763691855,2.3076406632569655,0.06390925465714714,2.2374820217120384,2.3715499179141126,197.99882739939414,201.63951383849238,172.77544559746934,235.26098874057058
test,FatigueData-AM2022:271,AM2022,2,0,7.0,2.4324466767597848,2.412106513977051,2.412106513977051,2.412106513977051,0.17283688789025264,2.239269626086798,2.5849434018673034,270.67408463635815,258.28935869717577,173.48807416474548,384.5416645345133
test,FatigueData-AM2022:271,AM2022,3,0,7.0,2.4324466767597848,2.4133498568073586,2.4132939498142534,2.413410979789334,0.10188500503614173,2.311408944778112,2.5152959848254755,270.67408463635815,259.02987549890804,204.8372538237438,327.5638635028824
test,FatigueData-AM2022:271,AM2022,4,0,7.0,2.4324466767597848,2.4358250722289085,2.412106513977051,2.4590260982513428,0.11888132054548817,2.293225193431563,2.5779074187968307,270.67408463635815,272.7878809890128,196.43785962162644,378.36191840182
test,WELD2025:2685,Weld2025,2,0,5.0,2.130015424993833,2.11907201493017,2.118086605049193,2.1198104558091453,0.07309786491601589,2.044988740133177,2.192908320725161,134.9010795043997,131.54429415206832,110.91460582799316,155.922331708271
test,WELD2025:2685,Weld2025,2,0,6.0,2.04752692154773,2.0315673873303406,2.0297341873298276,2.0330247828658616,0.07642239093833281,1.9533117963914948,2.1094471738041944,111.56473072406503,107.53934509395144,89.80733238243945,128.66107442833436
test,WELD2025:2685,Weld2025,3,0,5.0,2.130015424993833,2.1202838125885677,2.1193979140726413,2.1210724613602046,0.06362745716409468,2.0557704569085464,2.1846999185242995,134.9010795043997,131.91185043619473,113.70261603272334,153.0029902102589
test,WELD2025:2685,Weld2025,3,0,6.0,2.04752692154773,2.040852974138515,2.0396910025070145,2.041880469513088,0.07510453044171461,1.9645864720653,2.1169849999548025,111.56473072406503,109.8633845453456,92.16933881808835,130.91367061023354
test,WELD2025:2685,Weld2025,4,0,5.0,2.130015424993833,2.1161821486041106,2.114968492450714,2.117615288457866,0.06344506748061451,2.0515234249700995,2.1810603559384805,134.9010795043997,130.67188276374966,112.5961199337568,151.72612137059042
test,WELD2025:2685,Weld2025,4,0,6.0,2.04752692154773,2.038875711496791,2.038525267630126,2.039126134089834,0.06390925465714714,1.9746160129729788,2.103035388746981,111.56473072406503,109.36433373225509,94.32265416722646,126.77551654409784
test,WELD2025:5013,Weld2025,2,0,5.0,2.499994919766944,2.507821625947808,2.5055913352560175,2.5098644885072865,0.07309786491601589,2.4324934703400016,2.5829623534233024,316.2240669107684,321.9746100939134,270.7032503117024,382.7915598041839
test,WELD2025:5013,Weld2025,2,0,6.0,2.3859765663245414,2.3975581390938148,2.3959907783140566,2.3996576881993636,0.07642239093833281,2.319568387375724,2.4760800791376965,243.20727756731657,249.78027481535668,208.722076800027,299.28164282488046
test,WELD2025:5013,Weld2025,3,0,5.0,2.499994919766944,2.5108362532242463,2.509931620089458,2.5119351301965076,0.06362745716409468,2.4463041629253635,2.5755625873606025,316.2240669107684,324.21735110415847,279.4500315123241,376.3245815204842
test,WELD2025:5013,Weld2025,3,0,6.0,2.3859765663245414,2.4020338739404337,2.4001453532551014,2.4040675440536656,0.07510453044171461,2.3250408228133868,2.4791720744953802,243.20727756731657,252.36776056770557,211.3687712919997,301.4200062420031
test,WELD2025:5013,Weld2025,4,0,5.0,2.499994919766944,2.506401462069715,2.5049700298111737,2.5071493062454713,0.06344506748061451,2.441524962330559,2.570594373726086,316.2240669107684,320.92345720465806,276.3916778710082,372.0440588675922
test,WELD2025:5013,Weld2025,4,0,6.0,2.3859765663245414,2.4037434177437227,2.4023980576920203,2.4048573072999404,0.06390925465714714,2.338488803034873,2.4687665619570875,243.20727756731657,253.36313125729916,218.01621875961632,294.28394001784136
test,WELD2025:1102,Weld2025,2,0,6.0,2.2032898148775715,2.169838729042319,2.1648790139628127,2.1748915590941165,0.07642239093833281,2.08845662302448,2.2513139500324493,159.69444701800438,147.85592378739383,122.5904454234771,178.36677089438663
test,WELD2025:1102,Weld2025,3,0,6.0,2.2032898148775715,2.173487650710904,2.169278851112624,2.1772667665854892,0.07510453044171461,2.0941743206709096,2.252371297027204,159.69444701800438,149.10343568570937,124.21507921863784,178.8015572981182
test,WELD2025:1102,Weld2025,4,0,6.0,2.2032898148775715,2.17448951681041,2.1697040279700435,2.1809718541301137,0.06390925465714714,2.1057947733128963,2.244881108787261,159.69444701800438,149.44779675701764,127.58357677090535,175.7442435694093
test,WELD2025:3739,Weld2025,2,0,5.0,2.313181455336602,2.342432910191166,2.3357448699885324,2.3489732545182194,0.07309786491601589,2.2626470050725165,2.4220711194342353,205.67497601692608,220.00518193937253,183.0825720727663,264.28415097786444
test,WELD2025:3739,Weld2025,3,0,5.0,2.313181455336602,2.3696946017286313,2.3656111376023707,2.373669977942663,0.06362745716409468,2.3019836804382763,2.437297435106758,205.67497601692608,234.25809201795101,200.43967063750713,273.7142670453162
test,WELD2025:3739,Weld2025,4,0,5.0,2.313181455336602,2.392015527345977,2.3893580544970967,2.3959069229448002,0.06344506748061451,2.325912987016482,2.459351990425415,205.67497601692608,246.61275072021746,211.79367539444144,287.97314566762395
test,CMA2022:56:1,CMA2022,2,0,5.0,2.6805833979293907,2.5805153547987576,2.5791467355309257,2.5817749952027027,0.07309786491601589,2.5060488706149098,2.6548728601187186,479.2734793555425,380.64081519746793,320.6630142283523,451.72368272932835
test,CMA2022:56:1,CMA2022,2,0,6.0,2.6543555496924727,2.5752880573272705,2.5752880573272705,2.5752880573272705,0.07642239093833281,2.4988656663889377,2.6517104482656033,451.18593182320103,376.0867710998557,315.4028885387957,448.44630323960234
test,CMA2022:56:1,CMA2022,3,0,5.0,2.6805833979293907,2.580086028397715,2.578958615408312,2.5811694842158452,0.06362745716409468,2.5153311582442175,2.6447969413799397,479.2734793555425,380.2647146255507,327.5903939056207,441.36403504345856
test,CMA2022:56:1,CMA2022,3,0,6.0,2.6543555496924727,2.5752880573272705,2.5752880573272705,2.5752880573272705,0.07510453044171461,2.500183526885556,2.650392587768985,451.18593182320103,376.0867710998557,316.36142776903813,447.08756182367296
test,CMA2022:56:1,CMA2022,4,0,5.0,2.6805833979293907,2.584259818327957,2.5840196005004525,2.584533652461449,0.06344506748061451,2.520574533019838,2.6479787199420635,479.2734793555425,383.9368684929427,331.56946842401527,444.6094814512783
test,CMA2022:56:1,CMA2022,4,0,6.0,2.6543555496924727,2.577896664295811,2.5778268191562956,2.57797628362905,0.06390925465714714,2.5139175644991485,2.641885538286197,451.18593182320103,378.3525490834764,326.5258468659063,438.41513480272766
test,FatigueData-AM2022:79,AM2022,2,0,5.0,2.6902487754716593,2.772779523853406,2.7675164854331045,2.7773984953657425,0.07309786491601589,2.6944186205170886,2.8504963602817583,490.059458120634,592.6243934851866,494.7873873969768,708.7553665169819
test,FatigueData-AM2022:79,AM2022,2,0,6.0,2.651504088667839,2.698429261838397,2.694388956864349,2.703791853274763,0.07642239093833281,2.6179665659260163,2.780214244213096,448.23326987139285,499.37783460410566,414.9220987098492,602.8569114082958
test,FatigueData-AM2022:79,AM2022,2,0,7.0,2.6446794130352815,2.6586372544136543,2.6575087314013643,2.6594612053855573,0.17283688789025264,2.4846718435111117,2.83229809327581,441.24460970341,455.65616897290704,305.26136615259355,679.6699879243952
test,FatigueData-AM2022:79,AM2022,3,0,5.0,2.6902487754716593,2.724572939085281,2.714361772477104,2.725913226889166,0.06362745716409468,2.6507343153130094,2.789540684053261,490.059458120634,530.3626587364666,447.4394941309672,615.9432270470146
test,FatigueData-AM2022:79,AM2022,3,0,6.0,2.651504088667839,2.557071691769619,2.546565482779496,2.589014977374413,0.07510453044171461,2.4714609523377815,2.6641195078161277,448.23326987139285,360.6381709591484,296.11537144218147,461.4445359754271
test,FatigueData-AM2022:79,AM2022,3,0,7.0,2.6446794130352815,2.483728240106252,2.4800856131715743,2.4877249452022583,0.10188500503614173,2.3782006081354323,2.5896099502384002,441.24460970341,304.5988365081784,238.8914509039097,388.6958915520419
test,FatigueData-AM2022:79,AM2022,4,0,5.0,2.6902487754716593,2.749684880196105,2.7453969374476936,2.754374401098262,0.06344506748061451,2.681951869967079,2.8178194685788767,490.059458120634,561.9334438518061,480.7860631046494,657.3845130664495
test,FatigueData-AM2022:79,AM2022,4,0,6.0,2.651504088667839,2.687531607542408,2.684828373485208,2.690170675525211,0.06390925465714714,2.620919118828061,2.754079930182358,448.23326987139285,487.0029674923488,417.7525589275584,567.6490693621098
test,FatigueData-AM2022:79,AM2022,4,0,7.0,2.6446794130352815,2.6596025707406246,2.658892565882116,2.6607574801708513,0.11888132054548817,2.540011245336628,2.7796388007163397,441.24460970341,456.67009283120643,346.7458287454848,602.0586503761853
test,WELD2025:4332,Weld2025,2,0,5.0,2.5910807162941216,2.60333038718978,2.598302300769425,2.6080855619865204,0.07309786491601589,2.525204435853409,2.6811834269025363,390.0144665225011,401.17179085200854,335.1231548746503,479.93610975635875
test,WELD2025:4332,Weld2025,2,0,6.0,2.4579685446039448,2.4509233068974483,2.433215379714966,2.4602709240702905,0.07642239093833281,2.356792988776633,2.5366933150086233,287.05726625741244,282.43811666404486,227.4013239069889,344.1068476006923
test,WELD2025:4332,Weld2025,3,0,5.0,2.5910807162941216,2.619093418121338,2.619093418121338,2.619093418121338,0.06362745716409468,2.5554659609572434,2.6827208752854323,390.0144665225011,416.00008380892865,359.3072339439337,481.6381452426848
test,WELD2025:4332,Weld2025,3,0,6.0,2.4579685446039448,2.4591544469636846,2.4579692137603026,2.4605871835907096,0.07510453044171461,2.382864683318588,2.535691714032424,287.05726625741244,287.84218780715065,241.47083468055473,343.3141582228597
test,WELD2025:4332,Weld2025,4,0,5.0,2.5910807162941216,2.619093418121338,2.619093418121338,2.619093418121338,0.06344506748061451,2.5556483506407233,2.6825384856019525,390.0144665225011,416.00008380892865,359.4581630908574,481.4359152146829
test,WELD2025:4332,Weld2025,4,0,6.0,2.4579685446039448,2.4653705060482025,2.4597692489624023,2.4664077758789062,0.06390925465714714,2.395859994305255,2.5303170305360534,287.05726625741244,291.9916996283,248.80551021547313,339.09159921681675
test,WELD2025:5099,Weld2025,2,0,5.0,1.9210439494744722,1.8767167941844254,1.8737482463606536,1.8801056890950392,0.07309786491601589,1.8006503814446377,1.953203554011055,83.37655552608919,75.28644565795325,63.190294796135404,89.7849518352972
test,WELD2025:5099,Weld2025,3,0,5.0,1.9210439494744722,1.9496220498345114,1.946285230055678,1.9520479712553793,0.06362745716409468,1.8826577728915834,2.015675428419474,83.37655552608919,89.04756533377582,76.32341126957368,103.67533048124176
test,WELD2025:5099,Weld2025,4,0,5.0,1.9210439494744722,1.8991098099992765,1.8976704566912308,1.9012515869070548,0.06344506748061451,1.8342253892106162,1.9646966543876694,83.37655552608919,79.27017372943405,68.26929047066724,92.19272553049692
test,WELD2025:3262,Weld2025,2,0,5.0,2.4541718773035357,2.329416308890727,2.3260100788507603,2.3329660149922535,0.07309786491601589,2.2529122139347444,2.4060638799082694,284.55870601873914,213.50906018436436,179.0243946704777,254.72048906597166
test,WELD2025:3262,Weld2025,2,0,6.0,2.2697828447610777,2.231856789550654,2.2298356542305315,2.2337059553700094,0.07642239093833281,2.1534132632921987,2.310128346308342,186.115629154157,170.5519893839303,142.36828822269152,204.23414251742594
test,WELD2025:3262,Weld2025,3,0,5.0,2.4541718773035357,2.349430225534033,2.345782358195966,2.3535401706775327,0.06362745716409468,2.2821549010318716,2.4171676278416276,284.55870601873914,223.5785964814301,191.4938809830925,261.31697841699867
test,WELD2025:3262,Weld2025,3,0,6.0,2.2697828447610777,2.228707682670037,2.227268542023107,2.230257056007253,0.07510453044171461,2.1521640115813923,2.3053615864489676,186.115629154157,169.31977499158177,141.95935308510948,202.00475221039187
test,WELD2025:3262,Weld2025,4,0,5.0,2.4541718773035357,2.359267917154066,2.352763177995992,2.3648128491685223,0.06344506748061451,2.2893181105153775,2.428257916649137,284.55870601873914,228.70092289540148,194.67855342176347,268.0759888540629
test,WELD2025:3262,Weld2025,4,0,6.0,2.2697828447610777,2.2209995364512953,2.2200786978782654,2.222221573854317,0.06390925465714714,2.1561694432211183,2.2861308285114643,186.115629154157,166.34108749104294,143.2746787050863,193.25503981257938
test,WELD2025:4070,Weld2025,2,0,5.0,2.075679225379671,2.065452825411029,2.05621006784803,2.0730675290104856,0.07309786491601589,1.983112202932014,2.1461653939265015,119.03624686032427,116.26602519118799,96.18607495491717,140.01204339435952
test,WELD2025:4070,Weld2025,3,0,5.0,2.075679225379671,1.9816522900030198,1.9802254444266754,1.9828897379498711,0.06362745716409468,1.9165979872625807,2.0465171951139656,119.03624686032427,95.86328122192417,82.52736660285937,111.3056461411034
test,WELD2025:4070,Weld2025,4,0,5.0,2.075679225379671,2.051178143702671,2.040071602850495,2.0577200841597687,0.06344506748061451,1.9766265353698804,2.1211651516403833,119.03624686032427,112.50663714683323,94.76032365035438,132.17981863638187
test,WELD2025:3139,Weld2025,2,0,6.0,2.0644552891404695,2.0122481155864387,2.0091944237965595,2.0146909294474677,0.07642239093833281,1.9327720328582267,2.0911133203858006,115.99927880950025,102.86037790914918,85.65880923387667,123.34266290459817
test,WELD2025:3139,Weld2025,3,0,6.0,2.0644552891404695,2.0104381603958497,2.0090069140094253,2.0116651192276516,0.07510453044171461,1.9339023835677107,2.086769649669366,115.99927880950025,102.43259151848285,85.88204626120914,122.11517879444655
test,WELD2025:3139,Weld2025,4,0,6.0,2.0644552891404695,2.007347927496842,2.004401026654199,2.011207794837425,0.06390925465714714,1.9404917719970518,2.075117049494572,115.99927880950025,101.70631691052303,87.19503814403558,118.8822591473862
test,FatigueData-AM2022:1400,AM2022,2,0,5.0,1.7616194045247515,1.7807538272433496,1.7773467963870657,1.7833275847388883,0.07309786491601589,1.7042489314710498,1.8564254496549042,57.758965285259144,60.360638793440216,50.61146766726409,71.84978115278592
test,FatigueData-AM2022:1400,AM2022,2,0,6.0,1.5510562283207519,1.6037703920071218,1.600893371601805,1.6065700728758792,0.07642239093833281,1.5244709806634722,1.682992463814212,35.567736531196914,40.15784434284402,33.455766213348305,48.19394345977769
test,FatigueData-AM2022:1400,AM2022,3,0,5.0,1.7616194045247515,1.7852935524844595,1.7814512493594619,1.7900456455485574,0.06362745716409468,1.7178237921953672,1.853673102712652,57.758965285259144,60.99490405301293,52.21842783761862,71.39587207439762
test,FatigueData-AM2022:1400,AM2022,3,0,6.0,1.5510562283207519,1.5870369067573864,1.5857099883453132,1.5884339431600016,0.07510453044171461,1.5106054579035986,1.6635384736017162,35.567736531196914,38.63998122817563,32.404509939150806,46.08275910185141
test,FatigueData-AM2022:1400,AM2022,4,0,5.0,1.7616194045247515,1.7869094476129332,1.7851244405249937,1.7889143204628122,0.06344506748061451,1.7216793730443793,1.8523593879434266,57.758965285259144,61.22227271754031,52.6840766632059,71.18023015834403
test,FatigueData-AM2022:1400,AM2022,4,0,6.0,1.5510562283207519,1.5879746790812708,1.5857624210042587,1.5897117663721807,0.06390925465714714,1.5218531663471115,1.6536210210293278,35.567736531196914,38.72350670765967,33.254710111451324,45.042347935695915
test,WELD2025:5438,Weld2025,2,0,5.0,2.5012066394434047,2.5246113649042794,2.523979223355167,2.5252883598944735,0.07309786491601589,2.450881358439151,2.5983862248104894,317.1075917616235,334.6658242609847,282.41083731355917,396.6306072011704
test,WELD2025:5438,Weld2025,3,0,5.0,2.5012066394434047,2.521153978406349,2.5190287196351937,2.5234557257139247,0.06362745716409468,2.4554012624710992,2.587083182878019,317.1075917616235,332.01215105868437,285.36536574132276,386.44098719362245
test,WELD2025:5438,Weld2025,4,0,5.0,2.5012066394434047,2.5145169377125076,2.513801179685379,2.515148072995169,0.06344506748061451,2.4503561122047643,2.5785931404757836,317.1075917616235,326.9767988522348,282.06948928572746,378.9597982192941
test,WELD2025:397,Weld2025,2,0,6.0,2.23623890016814,2.2003473041603714,2.198438648406219,2.202098895735414,0.07642239093833281,2.122016257467886,2.278521286673747,172.28160147316325,158.61611343158364,132.43911117927294,189.89839173352064
test,WELD2025:397,Weld2025,3,0,6.0,2.23623890016814,2.1876028277379183,2.1851881533139053,2.1903197916244648,0.07510453044171461,2.1100836228721906,2.2654243220661794,172.28160147316325,154.02911770399024,128.84976264537616,184.25713839346994
test,WELD2025:397,Weld2025,4,0,6.0,2.23623890016814,2.1978471776766915,2.1932585983878177,2.2020202981462047,0.06390925465714714,2.1293493437306705,2.265929552803352,172.28160147316325,157.70562274051363,134.69433911365283,184.47161622736658
test,FatigueData-AM2022:1139,AM2022,2,0,5.0,1.8711988672008502,1.8251963701934766,1.8208576711291675,1.8304431378117285,0.07309786491601589,1.7477598062131516,1.9035410027277444,74.33594506988088,66.86461836706762,55.9448103837443,80.0831233231995
test,FatigueData-AM2022:1139,AM2022,2,0,6.0,1.7032668365487955,1.7262291932073501,1.7254014491421197,1.7270298962207011,0.07642239093833281,1.6489790582037869,1.803452287159034,50.49714637345557,53.23891465208952,44.563475925197764,63.59929289864311
test,FatigueData-AM2022:1139,AM2022,3,0,5.0,1.8711988672008502,1.8462645103192252,1.84384580980906,1.8486343448271423,0.06362745716409468,1.7802183526449653,1.912261801991237,74.33594506988088,70.18826551722194,60.28626144700799,81.70747730563761
test,FatigueData-AM2022:1139,AM2022,3,0,6.0,1.7032668365487955,1.713118797446466,1.711518668969169,1.7148383423644822,0.07510453044171461,1.6364141385274544,1.7899428728061968,50.49714637345557,51.65576497627003,43.29264682649609,61.65139001504779
test,FatigueData-AM2022:1139,AM2022,4,0,5.0,1.8711988672008502,1.8386617399101872,1.8357211788490395,1.842360272310829,0.06344506748061451,1.772276111368425,1.9058053397914434,74.33594506988088,68.97024042518305,59.19378508498159,80.50175339987625
test,FatigueData-AM2022:1139,AM2022,4,0,6.0,1.7032668365487955,1.74861336193446,1.7472331634459641,1.749271218194713,0.06390925465714714,1.683323908788817,1.8131804728518601,50.49714637345557,56.054871577858044,48.2307381646759,65.03999105420604
test,FatigueData-AM2022:1418,AM2022,2,0,5.0,2.412658336960044,2.397793461184377,2.397280756859803,2.3982569807609933,0.07309786491601589,2.3241828919437872,2.471354845677009,258.6177547496035,249.91565471632902,210.951633141396,296.0430334856787
test,FatigueData-AM2022:1418,AM2022,2,0,6.0,2.1279154585505182,2.1512826557761002,2.141800785611532,2.158654233239056,0.07642239093833281,2.0653783946731994,2.2350766241773887,134.25035987385672,141.67155336558395,116.24610086590238,171.82115108108684
test,FatigueData-AM2022:1418,AM2022,3,0,5.0,2.412658336960044,2.39439687520405,2.388848868363764,2.400765411112194,0.06362745716409468,2.325221411199669,2.4643928682762883,258.6177547496035,247.96870571169097,211.45668095719495,291.335138086693
test,FatigueData-AM2022:1418,AM2022,3,0,6.0,2.1279154585505182,2.1715712379657095,2.166180528299976,2.1779208881119585,0.07510453044171461,2.0910759978582614,2.253025418553673,134.25035987385672,148.44693597978386,123.33206350183404,179.07106583670992
test,FatigueData-AM2022:1418,AM2022,4,0,5.0,2.412658336960044,2.3942260752602733,2.3868582221598333,2.4015277457988917,0.06344506748061451,2.3234131546792187,2.4649728132795063,258.6177547496035,247.8712034050341,210.57807665572187,291.7244389552574
test,FatigueData-AM2022:1418,AM2022,4,0,6.0,2.1279154585505182,2.156695801349864,2.1501005167097476,2.158894229563236,0.06390925465714714,2.0861912620526004,2.222803484220383,134.25035987385672,143.44843064889696,121.95265567002015,167.03346263781376
test,WELD2025:1750,Weld2025,2,0,5.0,1.9143751964146754,1.995172322769308,1.989597067785973,2.0000021456716404,0.07309786491601589,1.916499202869957,2.0731000105876563,82.10605700343486,98.8945418333372,82.5085971065324,118.33140213224493
test,WELD2025:1750,Weld2025,2,0,6.0,1.7653791621122248,1.78423087604487,1.7752645154450761,1.7955889880163047,0.07642239093833281,1.6988421245067433,1.8720113789546375,58.26116466578219,60.84583789325073,49.985279457939775,74.47514868924982
test,WELD2025:1750,Weld2025,3,0,5.0,1.9143751964146754,1.9615283853148096,1.9605587844905759,1.9624115485162668,0.06362745716409468,1.8969313273264812,2.0260390056803614,82.10605700343486,91.52260761392051,78.87353892309335,106.17909164975882
test,WELD2025:1750,Weld2025,3,0,6.0,1.7653791621122248,1.8070169526685789,1.800736838212211,1.813402388109972,0.07510453044171461,1.7256323077704965,1.8885069185516865,58.26116466578219,64.12346066651105,53.1657944376757,77.35830022825532
test,WELD2025:1750,Weld2025,4,0,5.0,1.9143751964146754,1.9839061605976755,1.9764843170695836,1.9922183627966288,0.06344506748061451,1.913039249588969,2.055663430277243,82.10605700343486,96.36207884918052,81.8538760656966,113.67459884826128
test,WELD2025:1750,Weld2025,4,0,6.0,1.7653791621122248,1.807063519606958,1.8056254677162902,1.8086957162950343,0.06390925465714714,1.741716213059143,1.8726049709521815,58.26116466578219,64.13033663076891,55.17168056623088,74.57701062728948
test,WELD2025:51,Weld2025,2,0,5.0,1.5703960955635712,1.6046530420359457,1.5955514392873928,1.6147913135419643,0.07309786491601589,1.522453574371377,1.6878891784579801,37.18742400499987,40.23954320728874,33.30071622865233,48.74041003897707
test,WELD2025:51,Weld2025,3,0,5.0,1.5703960955635712,1.6562011329593207,1.6528725781883375,1.6598055259969777,0.06362745716409468,1.5892451210242429,1.7234329831610724,37.18742400499987,45.31073770141993,38.83695045577867,52.897236414140615
test,WELD2025:51,Weld2025,4,0,5.0,1.5703960955635712,1.53633395357283,1.5345886916236038,1.5399865341909227,0.06344506748061451,1.4711436241429894,1.603431601671537,37.18742400499987,34.38222306213503,29.58990863192496,40.12652968220223
test,WELD2025:4362,Weld2025,2,0,5.0,2.5942825892219297,2.5875319912269887,2.583457296873927,2.5912944531550637,0.07309786491601589,2.510359431957911,2.6643923180710796,392.90050699534254,386.8405492341591,323.86158123021835,461.734492109146
test,WELD2025:4362,Weld2025,2,0,6.0,2.380378313406967,2.352182626724243,2.352182626724243,2.352182626724243,0.07642239093833281,2.2757602357859104,2.428605017662576,240.09234499212022,225.00005627034702,188.6949319209549,268.2903287665742
test,WELD2025:4362,Weld2025,3,0,5.0,2.5942825892219297,2.58645362793314,2.5811289135716415,2.590950099608022,0.06362745716409468,2.5175014564075466,2.654577556772117,392.90050699534254,385.8812066860241,329.2315574103423,451.41663260734055
test,WELD2025:4362,Weld2025,3,0,6.0,2.380378313406967,2.3607379721986614,2.36047987329008,2.361023045975612,0.07510453044171461,2.2853753428483654,2.4361275764173267,240.09234499212022,229.4763704619457,192.9191513734155,272.9779552952451
test,WELD2025:4362,Weld2025,4,0,5.0,2.5942825892219297,2.6019188287207795,2.6017116652303076,2.6022972309725723,0.06344506748061451,2.538266597749693,2.665742298453187,392.90050699534254,399.8700055617751,345.35567569712964,463.17200129707186
test,WELD2025:4362,Weld2025,4,0,6.0,2.380378313406967,2.352182626724243,2.352182626724243,2.352182626724243,0.06390925465714714,2.288273372067096,2.4160918813813903,240.09234499212022,225.00005627034702,194.21079769582116,260.67049784198804
test,FatigueData-AM2022:1127,AM2022,2,0,5.0,2.3669290224119184,2.355479639294451,2.350041676650527,2.359480533997023,0.07309786491601589,2.2769438117345113,2.432578398913039,232.77108042929555,226.7146785695157,189.2098806352549,270.7561929343261
test,FatigueData-AM2022:1127,AM2022,2,0,6.0,2.241657269409839,2.222755396108645,2.216125468693383,2.2287232010289304,0.07642239093833281,2.1397030777550503,2.305145591967263,174.44449523198028,167.01496855265026,137.94408339744007,201.90431099987592
test,FatigueData-AM2022:1127,AM2022,3,0,5.0,2.3669290224119184,2.364141601447065,2.359272888509038,2.367405100981089,0.06362745716409468,2.2956454313449433,2.4310325581451835,232.77108042929555,231.28187603787094,197.53562523570164,269.7941683885345
test,FatigueData-AM2022:1127,AM2022,3,0,6.0,2.241657269409839,2.2121178715942933,2.204724976159719,2.2184206953413956,0.07510453044171461,2.1296204457180044,2.2935252257831102,174.44449523198028,162.97382988739957,134.77844633621692,196.5736156090062
test,FatigueData-AM2022:1127,AM2022,4,0,5.0,2.3669290224119184,2.3581221333498332,2.3527771304453893,2.3626095707155135,0.06344506748061451,2.2893320629647747,2.426054638196128,232.77108042929555,228.0983445520779,194.684807902101,266.71942007052996
test,FatigueData-AM2022:1127,AM2022,4,0,6.0,2.241657269409839,2.2642858240376422,2.2570836143491184,2.2725252486039946,0.06390925465714714,2.1931743596919713,2.3364345032611418,174.44449523198028,183.7747429810401,156.0178754594403,216.9873936265446
test,WELD2025:4597,Weld2025,2,0,6.0,1.7763765032183083,1.7466211077468128,1.7438307494093404,1.749999698639878,0.07642239093833281,1.6674083584710075,1.8264220895782108,59.75530992229357,55.79831801354721,46.495225511472476,67.05359848568119
test,WELD2025:4597,Weld2025,3,0,6.0,1.7763765032183083,1.7615759924208392,1.7593101577335937,1.7639987611568566,0.07510453044171461,1.684205627291879,1.8391032915985712,59.75530992229357,57.753191983986284,48.328757213990926,69.04039884081203
test,WELD2025:4597,Weld2025,4,0,6.0,1.7763765032183083,1.7475355424711023,1.7471743104218165,1.7480556406902032,0.06390925465714714,1.6832650557646693,1.8119648953473504,59.75530992229357,55.91592870503972,48.22420266262657,64.85820056054708
test,WELD2025:2865,Weld2025,2,0,5.0,2.4476564843585895,2.4347755678527454,2.434194959616733,2.435449104252735,0.07309786491601589,2.361097094700717,2.508546969168751,280.3215490263269,272.12946500080545,229.66620527227957,322.51280996973395
test,WELD2025:2865,Weld2025,2,0,6.0,2.2595760909558034,2.150583653328426,2.148006314561015,2.154749918358807,0.07642239093833281,2.0715839236226823,2.23117230929714,181.79255394758675,141.44371461697187,117.91903694877828,170.2833985381328
test,WELD2025:2865,Weld2025,3,0,5.0,2.4476564843585895,2.4275734695543525,2.422512806037127,2.432518757740038,0.06362745716409468,2.3588853488730326,2.4961462149041322,280.3215490263269,267.65383446281174,228.49954986980327,313.4340792293413
test,WELD2025:2865,Weld2025,3,0,6.0,2.2595760909558034,2.139878988265991,2.139878988265991,2.139878988265991,0.07510453044171461,2.0647744578242766,2.214983518707706,181.79255394758675,137.9999688168676,116.08455952681003,164.0527514691407
test,WELD2025:2865,Weld2025,4,0,5.0,2.4476564843585895,2.4263525021808925,2.4221782723469456,2.4303686665496054,0.06344506748061451,2.358733204866331,2.49381373403022,280.3215490263269,266.9024142442056,228.41951489418497,311.7552200236287
test,WELD2025:2865,Weld2025,4,0,6.0,2.2595760909558034,2.1562497322526126,2.1550627816004293,2.1577143242467325,0.06390925465714714,2.091153526943282,2.2216235789038796,181.79255394758675,143.30116867690177,123.35408237603504,166.58027660981114
test,WELD2025:2587,Weld2025,2,0,6.0,2.2123646820361254,2.1006521856972524,2.097959125244324,2.103441682617272,0.07642239093833281,2.0215367343059913,2.179864073555605,163.0664745706568,126.08173767708172,105.08403352440247,151.3087604824741
test,WELD2025:2587,Weld2025,3,0,6.0,2.2123646820361254,2.1751254724708473,2.1711386261320826,2.178881302702796,0.07510453044171461,2.096034095690368,2.2539858331445104,163.0664745706568,149.66679975464507,124.74814479570036,179.46750828760662
test,WELD2025:2587,Weld2025,4,0,6.0,2.2123646820361254,2.1708843186366424,2.1675684589107362,2.1740926920688213,0.06390925465714714,2.103659204253589,2.2380019467259684,163.0664745706568,148.2123245051034,126.95774625603096,172.98241131381073
test,WELD2025:259,Weld2025,2,0,6.0,2.91905137161644,2.9443585880809215,2.940603319379771,2.948004238567309,0.07642239093833281,2.864180928441438,3.024426629505642,829.9489343080414,879.748607482156,731.4437417720292,1057.8561847641174
test,WELD2025:259,Weld2025,3,0,6.0,2.91905137161644,2.939453388106348,2.9366956354099067,2.941400177527705,0.07510453044171461,2.861591104968192,3.01650470796942,829.9489343080414,869.8680669842668,727.0949109635524,1038.73486276708
test,WELD2025:259,Weld2025,4,0,6.0,2.91905137161644,2.9206409702578364,2.9160892111824053,2.9242231671826473,0.06390925465714714,2.852179956525258,2.9881324218397944,829.9489343080414,832.9922680770031,711.5082768576001,973.0438718412139
test,WELD2025:1718,Weld2025,2,0,6.0,2.5187134606646766,2.514547824859619,2.514547824859619,2.514547824859619,0.07642239093833281,2.4381254339212863,2.590970215797952,330.15164131487626,327.00005436215486,274.2366113983381,389.9152451148623
test,WELD2025:1718,Weld2025,3,0,6.0,2.5187134606646766,2.516207408883341,2.516166858613388,2.5162392144666113,0.07510453044171461,2.4410623281716735,2.591343744908326,330.15164131487626,328.2520211704909,276.0974071519188,390.25074867728813
test,WELD2025:1718,Weld2025,4,0,6.0,2.5187134606646766,2.518296654348774,2.518226384588467,2.518347297300775,0.06390925465714714,2.45431712993132,2.582256551957922,330.15164131487626,329.83493621698307,284.65389445499756,382.16996447145704
test,CMA2022:95:2,CMA2022,2,0,5.0,2.1255617551810495,2.1532511211890517,2.1519124522412914,2.1547755640994946,0.07309786491601589,2.0788145873252755,2.2278734290155104,133.5247443656054,142.31514551415566,119.89873120576281,168.9948340540984
test,CMA2022:95:2,CMA2022,3,0,5.0,2.1255617551810495,2.1446627875521207,2.1430237932723855,2.1458364471806854,0.06362745716409468,2.0793963361082906,2.20946390434478,133.5247443656054,139.52845572014957,120.05944629964702,161.98093605789072
test,CMA2022:95:2,CMA2022,4,0,5.0,2.1255617551810495,2.1089859429661715,2.107428436254016,2.1100687632936768,0.06344506748061451,2.0439833687734015,2.1735138307742914,133.5247443656054,128.52450590796462,110.65814068366171,149.11242418364967
test,WELD2025:5697,Weld2025,2,0,6.0,2.154877167609754,2.1607050478790533,2.153849785736974,2.1683269977049466,0.07642239093833281,2.077427394798641,2.2447493886432794,142.84898786771913,144.77882507717825,119.51637019164049,175.69094897813935
test,WELD2025:5697,Weld2025,2,0,7.0,1.9000565604222852,1.83250892162323,1.83250892162323,1.83250892162323,0.17283688789025264,1.6596720337329773,2.0053458095134826,79.44316909457201,68.00000139618531,45.67431405199888,101.23852510662589
test,WELD2025:5697,Weld2025,3,0,6.0,2.154877167609754,2.103622240928474,2.0997926700004435,2.1077346513118487,0.07510453044171461,2.024688139558729,2.1828391817535633,142.84898786771913,126.94694118954305,105.84933637856464,152.3488505049019
test,WELD2025:5697,Weld2025,3,0,7.0,1.9000565604222852,1.8603830833124269,1.8577250605360507,1.8627796041326097,0.10188500503614173,1.755840055499909,1.9646646091687514,79.44316909457201,72.50752538541722,56.99543275254858,92.18592317126262
test,WELD2025:5697,Weld2025,4,0,6.0,2.154877167609754,2.1157301199752183,2.1110869562704577,2.118352499389565,0.06390925465714714,2.0471777016133106,2.182261754046712,142.84898786771913,130.53594573158452,111.47505662163165,152.1464256635903
test,WELD2025:5697,Weld2025,4,0,7.0,1.9000565604222852,1.8584826693626826,1.8569887512650953,1.8597364083625405,0.11888132054548817,1.7381074307196072,1.9786177289080287,79.44316909457201,72.19093543767198,54.71512940806273,95.19578706672918
test,WELD2025:1706,Weld2025,2,0,5.0,2.161332427059329,2.185005946165587,2.184293405522398,2.185877899147361,0.07309786491601589,2.1111955406063823,2.258975764063377,144.98812283044222,153.11084247895062,129.18007745524474,181.54143501922476
test,WELD2025:1706,Weld2025,3,0,5.0,2.161332427059329,2.197971276185794,2.1978145463363905,2.198079385915474,0.06362745716409468,2.134187089172296,2.261706843079569,144.98812283044222,157.75069314763783,136.2031303850057,182.6866630604551
test,WELD2025:1706,Weld2025,4,0,5.0,2.161332427059329,2.207221055721561,2.2071920317309446,2.2072610863204667,0.06344506748061451,2.14374696425033,2.2707061538010813,144.98812283044222,161.14656618560397,139.23453355755123,186.5117314480436
test,FatigueData-AM2022:995,AM2022,2,0,5.0,2.4755466621984135,2.468006556490616,2.4670014407325276,2.4692009948485762,0.07309786491601589,2.3939035758165117,2.542298859764592,298.9142794215693,293.76940016333964,247.68720693374428,348.5771058694581
test,FatigueData-AM2022:995,AM2022,3,0,5.0,2.4755466621984135,2.48248393984217,2.481832542070645,2.4835199436979223,0.06362745716409468,2.4182050849065506,2.547147400862017,298.9142794215693,303.7273771849684,261.9419672833885,352.4904870808228
test,FatigueData-AM2022:995,AM2022,4,0,5.0,2.4755466621984135,2.4766918796781834,2.476646141790813,2.476731394987096,0.06344506748061451,2.4132010743101984,2.5401764624677106,298.9142794215693,299.7035448017654,258.94115111343507,346.877765143052
test,WELD2025:1375,Weld2025,2,0,5.0,2.46021995693698,2.4533183574676514,2.4533183574676514,2.4533183574676514,0.07309786491601589,2.3802204925516355,2.5264162223836673,288.54925472610677,284.0000113919347,240.0051122575714,336.0595351988158
test,WELD2025:1375,Weld2025,3,0,5.0,2.46021995693698,2.454688447450634,2.454653234231828,2.4547451032224425,0.06362745716409468,2.3910257770677337,2.5183725603865375,288.54925472610677,284.89737481263023,246.0513640874331,329.8925898419608
test,WELD2025:1375,Weld2025,4,0,5.0,2.46021995693698,2.4548814687261267,2.454846937499799,2.454919880432009,0.06344506748061451,2.3914018700191844,2.5183649479126236,288.54925472610677,285.024024998501,246.26453341732648,329.88680741360895
test,WELD2025:5089,Weld2025,2,0,5.0,2.4596158923396128,2.4785260592364473,2.4776659416130364,2.4793703864255616,0.07309786491601589,2.4045680766970206,2.5524682513415775,288.14818763145826,300.971975750383,253.84468623857555,356.83566222013025
test,WELD2025:5089,Weld2025,3,0,5.0,2.4596158923396128,2.481888054715058,2.478049851184833,2.4863298935656934,0.06362745716409468,2.414422394020738,2.5499573507297884,288.14818763145826,303.3109258429802,259.6703683609633,354.77854700155865
test,WELD2025:5089,Weld2025,4,0,5.0,2.4596158923396128,2.462481310277998,2.4611948643117496,2.4633173551063225,0.06344506748061451,2.397749796831135,2.526762422586937,288.14818763145826,290.05563715056616,249.89052923735142,336.32753368520775
test,WELD2025:2436,Weld2025,2,0,5.0,1.836430218429564,1.8483414897923023,1.8479775451367666,1.8485696525699813,0.07309786491601589,1.7748796802207507,1.9216675174859972,68.61676175103706,70.52473935913052,59.549714025688615,83.4963551039312
test,WELD2025:2436,Weld2025,2,0,6.0,1.7897205639042713,1.7933540269732475,1.7889270782470703,1.7974268198013306,0.07642239093833281,1.7125046873087375,1.8738492107396634,61.61983965895145,62.13753588743963,51.582773233343794,74.79097773338573
test,WELD2025:2436,Weld2025,3,0,5.0,1.836430218429564,1.8484994625775772,1.84837336327977,1.8486186608817718,0.06362745716409468,1.7847459061156754,1.9122461180458665,68.61676175103706,70.55039710165624,60.918037809192676,81.70452660622887
test,WELD2025:2436,Weld2025,3,0,6.0,1.7897205639042713,1.7660956707873408,1.7660320033895291,1.7661640069108688,0.07510453044171461,1.6909274729478145,1.8412685373525834,61.61983965895145,58.3573645628569,49.08259015251011,69.38547046547976
test,WELD2025:2436,Weld2025,4,0,5.0,1.836430218429564,1.8487030645981513,1.8485606610871101,1.848801161358452,0.06344506748061451,1.7851155936064957,1.9122462288390665,68.61676175103706,70.58347965640938,60.969915568181136,81.70454744993627
test,WELD2025:2436,Weld2025,4,0,6.0,1.7897205639042713,1.7950362674891949,1.793318611383438,1.7974268198013306,0.06390925465714714,1.729409356726291,1.8613360744584777,61.61983965895145,62.378692511725454,53.63019261182295,72.66680647595393
test,CMA2022:32:1,CMA2022,2,0,5.0,2.3063781796782497,2.284225013368788,2.2839976269054616,2.2844009095694977,0.07309786491601589,2.2108997619894457,2.3574987744855136,202.47815725754825,192.40883647988542,162.51736117466876,227.77118144840094
test,CMA2022:32:1,CMA2022,3,0,5.0,2.3063781796782497,2.289987839630193,2.289104179876915,2.2905799997033958,0.06362745716409468,2.2254767227128207,2.3542074568674902,202.47815725754825,194.979000431547,168.064784404166,226.05153313459545
test,CMA2022:32:1,CMA2022,4,0,5.0,2.3063781796782497,2.2834302697001707,2.283106611021026,2.2837503408034068,0.06344506748061451,2.2196615435404112,2.3471954082840214,202.47815725754825,192.05705702823633,165.82940540471557,222.43104811336468
test,WELD2025:173,Weld2025,2,0,5.0,2.957487987118958,3.0040090344949446,2.9987414600329396,3.010394057766527,0.07309786491601589,2.9256435951169237,3.083491922682543,906.7508828902714,1009.2738814733982,842.6429568301692,1211.970147483071
test,WELD2025:173,Weld2025,2,0,6.0,2.7175658067622837,2.7221428522563778,2.7213760904650455,2.7232151302645335,0.07642239093833281,2.6449536995267127,2.7996375212028664,521.8741755822157,527.4033113897306,441.5233736930007,630.430943038674
test,WELD2025:173,Weld2025,3,0,5.0,2.957487987118958,2.9754283279924563,2.9728143302022363,2.978827107329321,0.06362745716409468,2.9091868730381414,3.042454564493416,906.7508828902714,944.9924266244686,811.3100822423534,1102.6928650574246
test,WELD2025:173,Weld2025,3,0,6.0,2.7175658067622837,2.7157220123105055,2.7126069776755277,2.72011316290933,0.07510453044171461,2.637502447233813,2.7952176933510446,521.8741755822157,519.663258637478,434.0127092838878,624.0475655974643
test,WELD2025:173,Weld2025,4,0,5.0,2.957487987118958,2.968760501369659,2.967537272392489,2.969959463039745,0.06344506748061451,2.9040922049118745,3.0334045305203596,906.7508828902714,930.5945427102944,801.8482854504598,1079.9521925669542
test,WELD2025:173,Weld2025,4,0,6.0,2.7175658067622837,2.6996663455278527,2.697455760891295,2.701920718965198,0.06390925465714714,2.633546506234148,2.765829973622345,521.8741755822157,500.8023354783618,430.07728580231475,583.216730104397
test,HEA2022:HCF:5,HEA2022,2,0,5.0,2.9052494631317782,2.8793600418157976,2.878887829580038,2.8798776546548557,0.07309786491601589,2.8057899646640223,2.9529755195708716,803.9878082824428,757.4605900153795,639.4255190156136,897.3782094168045
test,HEA2022:HCF:5,HEA2022,2,0,6.0,2.8610432322077584,2.847692572792209,2.8472800623482457,2.8480873566079015,0.07642239093833281,2.770857671409913,2.9245097475462343,726.1782418582736,704.194409251813,590.0076889872691,840.4458703215192
test,HEA2022:HCF:5,HEA2022,2,0,7.0,2.8453143350154106,2.8121395111083984,2.8121395111083984,2.8121395111083984,0.17283688789025264,2.639302623218146,2.984976398998651,700.3487131806799,648.8428318786426,435.8154509578574,965.9983820101097
test,HEA2022:HCF:5,HEA2022,3,0,5.0,2.9052494631317782,2.8930782277311744,2.8926427067585547,2.8935186397725565,0.06362745716409468,2.82901524959446,2.9571460969366514,803.9878082824428,781.7686087651133,674.551713146157,906.0373411688996
test,HEA2022:HCF:5,HEA2022,3,0,6.0,2.8610432322077584,2.8601660134945304,2.8597925647328672,2.8604701446494523,0.07510453044171461,2.7846880342911526,2.935574675091167,726.1782418582736,724.7129360434109,609.0992072905253,862.1338062072565
test,HEA2022:HCF:5,HEA2022,3,0,7.0,2.8453143350154106,2.8179579203217346,2.817544702907205,2.818250867365213,0.10188500503614173,2.7156596978710636,2.920135872401355,700.3487131806799,657.5941186329767,519.5887004680125,832.0240355686191
test,HEA2022:HCF:5,HEA2022,4,0,5.0,2.9052494631317782,2.883467769896958,2.8834565785398114,2.8834844893975853,0.06344506748061451,2.820011511059197,2.9469295568782,803.9878082824428,764.6589390396774,660.7109600472338,884.9720545867974
test,HEA2022:HCF:5,HEA2022,4,0,6.0,2.8610432322077584,2.8503105794028167,2.8498667784254006,2.8508860703367636,0.06390925465714714,2.7859575237682535,2.9147953249939107,726.1782418582736,708.4522426203813,610.8822745584932,821.8552333989927
test,HEA2022:HCF:5,HEA2022,4,0,7.0,2.8453143350154106,2.812537821183195,2.812519910060775,2.8125615420987975,0.11888132054548817,2.6936385895152872,2.9314428626442854,700.3487131806799,649.4381864074252,493.8995034256964,853.9704885756809
test,WELD2025:857,Weld2025,2,0,5.0,2.473925550536666,2.5026224417514724,2.4999264583122276,2.5050705495935452,0.07309786491601589,2.4268285933962117,2.578168414509561,297.8005877365474,318.14305107238135,267.1951639223838,378.58936894866156
test,WELD2025:857,Weld2025,3,0,5.0,2.473925550536666,2.4960182107513282,2.4949508284164823,2.496461442435682,0.06362745716409468,2.431323371252388,2.5600888995997764,297.8005877365474,313.3417111394777,269.97488897954065,363.15238405336606
test,WELD2025:857,Weld2025,4,0,5.0,2.473925550536666,2.496177128966316,2.495013766622121,2.4976167662572326,0.06344506748061451,2.4315686991415064,2.5610618337378472,297.8005877365474,313.4563909691602,270.1274377289691,363.9668531082213
test,FatigueData-AM2022:907,AM2022,2,0,5.0,2.8051189341065506,2.806447982788086,2.806447982788086,2.806447982788086,0.07309786491601589,2.73335011787207,2.879545847704102,638.4383023486276,640.3950742597052,541.1904419777821,757.7847266432871
test,FatigueData-AM2022:907,AM2022,2,0,6.0,2.6519688043572383,2.736034406791886,2.7344278763860848,2.737340873484763,0.07642239093833281,2.658005485447752,2.8137632644230957,448.71315743031255,544.5457925376692,454.9938070086842,651.2732857345444
test,FatigueData-AM2022:907,AM2022,3,0,5.0,2.8051189341065506,2.800264954621333,2.7989896940128536,2.8015309536476436,0.06362745716409468,2.7353622368487587,2.8651584108117385,638.4383023486276,631.342396735639,543.7036353833264,733.0918828480288
test,FatigueData-AM2022:907,AM2022,3,0,6.0,2.6519688043572383,2.673689008236649,2.67290961891595,2.6744448576262583,0.07510453044171461,2.597805088474235,2.749549388067973,448.71315743031255,471.7251250042946,396.10022442912776,561.758157989785
test,FatigueData-AM2022:907,AM2022,4,0,5.0,2.8051189341065506,2.8047952191383567,2.8045491785984473,2.8050414781070354,0.06344506748061451,2.7411041111178327,2.86848654558765,638.4383023486276,637.9625997142393,550.9397544477088,738.7313767932982
test,FatigueData-AM2022:907,AM2022,4,0,6.0,2.6519688043572383,2.6951829926325184,2.694033872171912,2.6963590974676985,0.06390925465714714,2.630124617514765,2.7602683521248457,448.71315743031255,495.65899575631045,426.70194012918057,575.7956136228821
test,WELD2025:4478,Weld2025,2,0,6.0,3.0182187722962692,3.024093412926927,3.0222553567927477,3.026341682839097,0.07642239093833281,2.945832965854415,3.10276407377743,1042.8426205499698,1057.0448458218489,882.7403240698998,1266.9634134151843
test,WELD2025:4478,Weld2025,3,0,6.0,3.0182187722962692,3.0300961816929246,3.0293017818838375,3.0309373393184034,0.07510453044171461,2.954197251442123,3.106041869760118,1042.8426205499698,1071.7566371820517,899.9062155360161,1276.5618745312229
test,WELD2025:4478,Weld2025,4,0,6.0,3.0182187722962692,3.014956004600017,3.01388295848686,3.016754981034628,0.06390925465714714,2.9499737038297127,3.080664235691775,1042.8426205499698,1035.0373088262295,891.1969752631614,1204.1046559333004
test,FatigueData-AM2022:1294,AM2022,2,0,5.0,2.3452845016380035,2.318477958613056,2.313969432859351,2.323356711622208,0.07309786491601589,2.2408715679433353,2.3964545765382237,221.4544959085741,208.1986737195944,174.12918524227752,249.14637719769402
test,FatigueData-AM2022:1294,AM2022,2,0,6.0,2.129015797938682,2.1191205978393555,2.1191205978393555,2.1191205978393555,0.07642239093833281,2.0426982069010227,2.1955429887776883,134.5909312094675,131.55901034634218,110.33116574452558,156.87111693703596
test,FatigueData-AM2022:1294,AM2022,3,0,5.0,2.3452845016380035,2.2912592904628575,2.287330201916575,2.29639585008309,0.06362745716409468,2.2237027447524804,2.360023307247185,221.4544959085741,195.55066197744327,167.37968444083833,229.09905998777242
test,FatigueData-AM2022:1294,AM2022,3,0,6.0,2.129015797938682,2.1191205978393555,2.1191205978393555,2.1191205978393555,0.07510453044171461,2.044016067397641,2.19422512828107,134.5909312094675,131.55901034634218,110.66647259974955,156.39581525207242
test,FatigueData-AM2022:1294,AM2022,4,0,5.0,2.3452845016380035,2.334969422593471,2.3306846819975116,2.3387794251429024,0.06344506748061451,2.267239614516897,2.402224492623517,221.4544959085741,216.2566258390258,185.028920267718,252.47855306211738
test,FatigueData-AM2022:1294,AM2022,4,0,6.0,2.129015797938682,2.1789290114759092,2.1720421796989866,2.1824951741736163,0.06390925465714714,2.1081329250418395,2.2464044288307634,134.5909312094675,150.98333409874235,128.27231272119053,176.36176187549628
test,WELD2025:4706,Weld2025,2,0,5.0,2.2078776953951307,2.1782611084601564,2.1755432459983766,2.180464490511684,0.07309786491601589,2.1024453810823607,2.2535623554277,161.39039904100372,150.75131475403165,126.60340351006025,179.29259598255555
test,WELD2025:4706,Weld2025,2,0,6.0,2.1414281041985115,2.086954355239868,2.086954355239868,2.086954355239868,0.07642239093833281,2.0105319643015354,2.163376746178201,138.49308968977303,122.16712546147912,102.45471847453331,145.67222247778238
test,WELD2025:4706,Weld2025,3,0,5.0,2.2078776953951307,2.1799787343747123,2.178002788046292,2.1820660528400833,0.06362745716409468,2.114375330882197,2.2456935100041777,161.39039904100372,151.34871373441163,130.1293710955965,176.07330245812457
test,WELD2025:4706,Weld2025,3,0,6.0,2.1414281041985115,2.0879343456455635,2.0867077626821344,2.088929290330346,0.07510453044171461,2.01160323224042,2.1640338207720604,138.49308968977303,122.44310822250625,102.70775400312688,145.89278701594094
test,WELD2025:4706,Weld2025,4,0,5.0,2.2078776953951307,2.2309957824408873,2.2296095905521387,2.2323900738744578,0.06344506748061451,2.166164523071524,2.2958351413550724,161.39039904100372,170.21419783224556,146.61031372328597,197.62193227639628
test,WELD2025:4706,Weld2025,4,0,6.0,2.1414281041985115,2.131978469518586,2.130118869587565,2.13354858688414,0.06390925465714714,2.066209614930418,2.1974578415412873,138.49308968977303,135.512222946379,116.46880376900066,157.56430622298248
test,WELD2025:4666,Weld2025,2,0,6.0,2.115900189098854,2.1030443087310804,2.1012502828015855,2.1052031209613005,0.07642239093833281,2.0248278918632527,2.1816255118996333,130.58707343906687,126.77812041601445,105.88340328395795,151.92369408477512
test,WELD2025:4666,Weld2025,3,0,6.0,2.115900189098854,2.1322123377744795,2.131302084393571,2.1328916796107795,0.07510453044171461,2.0561975539518564,2.207996210052494,130.58707343906687,135.58521614151095,113.8144892883168,161.4344468902866
test,WELD2025:4666,Weld2025,4,0,6.0,2.115900189098854,2.0969353243849245,2.0932024524849653,2.1002615273746974,0.06390925465714714,2.029293197827818,2.1641707820318445,130.58707343906687,125.00728541218312,106.97768556937606,145.9388037438174
test,WELD2025:5559,Weld2025,2,0,5.0,1.8051184354916106,1.8215075882576963,1.8155284568741588,1.8286701547570965,0.07309786491601589,1.7424305919581429,1.9017680196731124,63.843756935590875,66.2990931750822,55.26250814940944,79.75685486826751
test,WELD2025:5559,Weld2025,3,0,5.0,1.8051184354916106,1.8432151072050798,1.8375912965738177,1.8508562649848996,0.06362745716409468,1.773963839409723,1.9144837221489943,63.843756935590875,69.69716405289155,59.42426782249265,82.12657702827673
test,WELD2025:5559,Weld2025,4,0,5.0,1.8051184354916106,1.8825159891749736,1.8790342539454812,1.887502643259957,0.06344506748061451,1.8155891864648668,1.9509477107405715,63.843756935590875,76.29849810321255,65.4017224815818,89.31979358083802
test,WELD2025:2613,Weld2025,2,0,6.0,1.9351052620976616,1.9060531044607743,1.899994791209907,1.9128754233096614,0.07642239093833281,1.8235724002715743,1.9892978142479942,86.1202460782831,80.54769269145972,66.61505645280727,97.56584589866678
test,WELD2025:2613,Weld2025,2,0,7.0,1.7933014353094652,1.8488413020968437,1.8481874465942383,1.8551619052886963,0.17283688789025264,1.6753505587039856,2.027998793178949,62.13001168744924,70.60595020839061,47.353333669991336,106.65931573683685
test,WELD2025:2613,Weld2025,3,0,6.0,1.9351052620976616,1.9292802279733032,1.9217542665516971,1.9368234450978543,0.07510453044171461,1.8466497361099825,2.011927975539569,86.1202460782831,84.97285844941804,70.25055119310248,102.78458235224171
test,WELD2025:2613,Weld2025,3,0,7.0,1.7933014353094652,1.7969686463475227,1.7923916578292847,1.8133150339126587,0.10188500503614173,1.690506652793143,1.9152000389488004,62.13001168744924,62.6568628260184,49.035053422900006,82.2621467658208
test,WELD2025:2613,Weld2025,4,0,6.0,1.9351052620976616,1.9111023578701163,1.894723303041181,1.9379462320514347,0.06390925465714714,1.8308140483840338,2.001855486708582,86.1202460782831,81.48963224341689,67.73514243469334,100.42815558164992
test,WELD2025:2613,Weld2025,4,0,7.0,1.7933014353094652,1.8266102150082588,1.8202896118164062,1.8272640705108643,0.11888132054548817,1.701408291270918,1.9461453910563524,62.13001168744924,67.08265070741253,50.281507661104776,88.33755832295013
test,FatigueData-AM2022:638,AM2022,2,0,5.0,1.8745753903674334,1.6962154457439655,1.6909527984762607,1.7020047180962943,0.07309786491601589,1.6178549335602448,1.7751025830123102,74.91613962002589,49.68387331561801,41.481545958599234,59.58028591880455
test,FatigueData-AM2022:638,AM2022,2,0,6.0,1.5096810187747165,1.1908161135175028,1.1854099483032667,1.1949660831288158,0.07642239093833281,1.108987557364934,1.2713884740671486,32.335607066486226,15.51729846276283,12.852498367178061,18.68049904269345
test,FatigueData-AM2022:638,AM2022,3,0,5.0,1.8745753903674334,1.7072521033537247,1.6848479582392706,1.7643779895411609,0.06362745716409468,1.621220501075176,1.8280054467052556,74.91613962002589,50.9626618071955,41.80425623839411,67.2985096475545
test,FatigueData-AM2022:638,AM2022,3,0,6.0,1.5096810187747165,1.208369717949508,1.2025395274433142,1.2150479031025414,0.07510453044171461,1.1274349970015995,1.290152433544256,32.335607066486226,16.157334567775923,13.4101920342121,19.50529098186383
test,FatigueData-AM2022:638,AM2022,4,0,5.0,1.8745753903674334,1.700482877017723,1.691776158304045,1.7067540901618485,0.06344506748061451,1.6283310908234303,1.770199157642463,74.91613962002589,50.17447962925543,42.4943402378729,58.911374768346256
test,FatigueData-AM2022:638,AM2022,4,0,6.0,1.5096810187747165,1.4061327706335736,1.3980799958791668,1.4123304350048986,0.06390925465714714,1.3341707412220196,1.4762396896620458,32.335607066486226,25.4760897755992,21.585928849282716,29.939165407500944
test,WELD2025:4077,Weld2025,2,0,6.0,2.0678181916950593,2.1294995046877636,2.1261686928021186,2.131951840656163,0.07642239093833281,2.049746301863786,2.2083742315944956,116.90099070141207,134.74091886252734,112.13632056705818,161.57502492661453
test,WELD2025:4077,Weld2025,3,0,6.0,2.0678181916950593,2.09434972351984,2.093822360958849,2.095053797954379,0.07510453044171461,2.0187178305171343,2.1701583283960937,116.90099070141207,124.26525733528263,104.40416648475774,147.96477170370986
test,WELD2025:4077,Weld2025,4,0,6.0,2.0678181916950593,2.107275866564245,2.1066774821141245,2.1079313110233544,0.06390925465714714,2.0427682274569774,2.1718405656805015,116.90099070141207,128.01942333048265,110.34895568361179,148.53902389555077
test,WELD2025:4491,Weld2025,2,0,5.0,2.4423406563959844,2.457935196514316,2.4563493157647187,2.4592136955851056,0.07309786491601589,2.383251450848703,2.5323115605011215,276.9112859135588,287.03522489073794,241.6859759749431,340.65248430365926
test,WELD2025:4491,Weld2025,3,0,5.0,2.4423406563959844,2.4295992591954,2.426447563233885,2.4326720566694267,0.06362745716409468,2.3628201060697904,2.496299513833521,276.9112859135588,268.9052363132243,230.5791883271097,313.5447359198116
test,WELD2025:4491,Weld2025,4,0,5.0,2.4423406563959844,2.454891095016368,2.453681657926858,2.456289850076464,0.06344506748061451,2.3902365904462433,2.5197349175570785,276.9112859135588,285.0303427264776,245.60465308772248,330.9290690337028
test,WELD2025:5576,Weld2025,2,0,5.0,2.398376971037648,2.4159312118963916,2.411655433329964,2.421000169299217,0.07309786491601589,2.338557568413948,2.494098034215233,250.2516623402378,260.57407928234767,218.05074177456365,311.9593697127381
test,WELD2025:5576,Weld2025,3,0,5.0,2.398376971037648,2.4280521501237944,2.422800716454083,2.4339756426169314,0.06362745716409468,2.359173259289988,2.497603099781026,250.2516623402378,267.9490058929633,228.65108118030926,314.4872911957397
test,WELD2025:5576,Weld2025,4,0,5.0,2.398376971037648,2.4201378935036795,2.4142002773893725,2.4256856966923093,0.06344506748061451,2.350755209908758,2.489130764172924,250.2516623402378,263.1103264896645,224.26175160779388,308.41164244566494
test,WELD2025:731,Weld2025,2,0,5.0,2.5839583757176903,2.588831663131714,2.588831663131714,2.588831663131714,0.07309786491601589,2.515733798215698,2.6619295280477298,383.67047142763624,387.999944195824,327.8942479834518,459.12350589193693
test,WELD2025:731,Weld2025,3,0,5.0,2.5839583757176903,2.5875733237341336,2.5874428582926843,2.5876440759857795,0.06362745716409468,2.52381540112859,2.651271533149874,383.67047142763624,386.877367225889,334.053019069351,447.99331467821344
test,WELD2025:731,Weld2025,4,0,5.0,2.5839583757176903,2.588831663131714,2.588831663131714,2.588831663131714,0.06344506748061451,2.5253865956510992,2.6522767306123285,383.67047142763624,387.999944195824,335.26374788915996,449.0314197219236
test,FatigueData-AM2022:409,AM2022,2,0,6.0,2.0238910639021856,2.1075306873334525,2.101000249104278,2.1129481940970596,0.07642239093833281,2.0245778581659453,2.1893705850353924,105.65524560232116,128.0945603206655,105.82246122644995,154.6573573411658
test,FatigueData-AM2022:409,AM2022,2,0,7.0,1.9777992520583747,1.9939320087432861,1.9939320087432861,1.9939320087432861,0.17283688789025264,1.8210951208530335,2.1667688966335388,95.01654883798767,98.61250900872128,66.23615608002876,146.81448182539083
test,FatigueData-AM2022:409,AM2022,3,0,6.0,2.0238910639021856,2.064847376978896,2.062589492411758,2.0659500390619012,0.07510453044171461,1.9874849619700434,2.141054569503616,105.65524560232116,116.10405205772479,97.1594308236274,138.37402362903072
test,FatigueData-AM2022:409,AM2022,3,0,7.0,1.9777992520583747,2.00789904931493,2.0058038815817794,2.009921092771529,0.10188500503614173,1.9039188765456376,2.111806097807671,95.01654883798767,101.83546465051427,80.15283289958698,129.3618142656389
test,FatigueData-AM2022:409,AM2022,4,0,6.0,2.0238910639021856,2.0645186827396236,2.051179471987541,2.0746017546185977,0.06390925465714714,1.9872702173303938,2.138511009275745,105.65524560232116,116.01621236222961,97.111400488736,137.5659682523165
test,FatigueData-AM2022:409,AM2022,4,0,7.0,1.9777992520583747,1.9939320087432861,1.9939320087432861,1.9939320087432861,0.11888132054548817,1.875050688197798,2.112813329288774,95.01654883798767,98.61250900872128,74.99817375094734,129.66218304578774
test,WELD2025:338,Weld2025,2,0,6.0,1.833107426207735,1.834997419167904,1.8325654541917629,1.836942849504201,0.07642239093833281,1.75614306325343,1.9133652404425339,68.09377732587208,68.39075830900586,57.03521240628617,81.91534042500737
test,WELD2025:338,Weld2025,3,0,6.0,1.833107426207735,1.8392180138348109,1.8367079145333145,1.841516304705324,0.07510453044171461,1.7616033840915999,1.9166208351470386,68.09377732587208,69.05863880354372,57.7568346881317,82.5317084156512
test,WELD2025:338,Weld2025,4,0,6.0,1.833107426207735,1.8577522619870956,1.855140063135503,1.8619298882972104,0.06390925465714714,1.791230808478356,1.9258391429543575,68.09377732587208,72.06962494805488,61.83449360557246,84.3022455343452
test,WELD2025:1315,Weld2025,2,0,5.0,1.7824683824368137,1.8009238902578197,1.7976543039417585,1.8052687017700317,0.07309786491601589,1.7245564390257426,1.8783665666860476,60.59940812614146,63.230103144273194,53.03425091615238,75.57298330532562
test,WELD2025:1315,Weld2025,2,0,6.0,1.455799820593615,1.4491896352528844,1.4471579790115356,1.4530018221075942,0.07642239093833281,1.3707355880732028,1.529424213045927,28.562736973415728,28.13128918673657,23.482027270267416,33.83952147484276
test,WELD2025:1315,Weld2025,3,0,5.0,1.7824683824368137,1.774674486524638,1.7743097768692728,1.7753176095960266,0.06362745716409468,1.7106823197051781,1.8389450667601213,60.59940812614146,59.521584863928936,51.36677733851174,69.01525019923925
test,WELD2025:1315,Weld2025,3,0,6.0,1.455799820593615,1.4566149835284838,1.4484748510369563,1.4611745476774376,0.07510453044171461,1.3733703205952417,1.5362790781191522,28.562736973415728,28.61639906285339,23.624918587994564,34.37787895698814
test,WELD2025:1315,Weld2025,4,0,5.0,1.7824683824368137,1.822049644911852,1.8196963534127661,1.823992401256518,0.06344506748061451,1.7562512859321515,1.8874374687371325,60.59940812614146,66.38189482936052,57.04942689175212,77.16803982995866
test,WELD2025:1315,Weld2025,4,0,6.0,1.455799820593615,1.457071626691402,1.4511196191306022,1.462592309869724,0.06390925465714714,1.387210364473455,1.5265015645268711,28.562736973415728,28.64650387859198,24.38991936327103,33.61255799225689
test,WELD2025:2546,Weld2025,2,0,6.0,2.009001720475658,2.0421647939498753,2.039066179851457,2.0448326420843483,0.07642239093833281,1.962643788913124,2.121255033022681,102.09435282099297,110.19573702492686,91.75796830813843,132.20717734063138
test,WELD2025:2546,Weld2025,3,0,6.0,2.009001720475658,2.023346471972947,2.0207264273337535,2.0272643939764015,0.07510453044171461,1.945621896892039,2.102368924418116,102.09435282099297,105.52284020588458,88.23114127587696,126.58111719898746
test,WELD2025:2546,Weld2025,4,0,6.0,2.009001720475658,2.032327165003113,2.0298072600719346,2.0356251854642577,0.06390925465714714,1.9658980054147874,2.099534440121405,102.09435282099297,107.7276447588975,92.4481032950733,125.75765778837416
test,WELD2025:2028,Weld2025,2,0,5.0,2.5410893116649773,2.4734082344384847,2.4668673490757715,2.482878702758893,0.07309786491601589,2.3937694841597557,2.555976567674909,347.60763880772146,297.446069483852,247.6107434682881,359.72992543189287
test,WELD2025:2028,Weld2025,3,0,5.0,2.5410893116649773,2.5423645278689264,2.5345498394150754,2.548971578364513,0.06362745716409468,2.470922382250981,2.612599035528608,347.60763880772146,348.62981694313095,295.74838534484564,409.82555484862127
test,WELD2025:2028,Weld2025,4,0,5.0,2.5410893116649773,2.469261433978523,2.460017350911079,2.4776563008215025,0.06344506748061451,2.3965722834304644,2.541101368302117,347.60763880772146,294.61946326096427,249.21391252568546,347.6172890278304
test,WELD2025:4325,Weld2025,2,0,6.0,2.131853417867448,2.182961758026897,2.1794862110127755,2.1877813160807165,0.07642239093833281,2.1030638200744427,2.2642037070190493,135.47320889385955,152.39185586351022,126.783816244784,183.73999787607588
test,WELD2025:4325,Weld2025,3,0,6.0,2.131853417867448,2.1627864984852607,2.161378271801884,2.1640254477984113,0.07510453044171461,2.0862737413601695,2.239129978240126,135.47320889385955,145.4743744876804,121.97581858416106,173.43229786027777
test,WELD2025:4325,Weld2025,4,0,6.0,2.131853417867448,2.1630765456103878,2.1618940151451698,2.1640109101102474,0.06390925465714714,2.0979847604880226,2.2279201647673945,135.47320889385955,145.5715631901429,125.30972026468544,169.01302108144446
test,CMA2022:21:1,CMA2022,2,0,5.0,2.3034460651239397,2.152910047666321,2.1506615760665695,2.1549392311612094,0.07309786491601589,2.0775637111505536,2.2280370960772253,201.11574177722258,142.2034220762739,119.55388987792927,169.05853299909896
test,CMA2022:21:1,CMA2022,3,0,5.0,2.3034460651239397,2.1452787104964153,2.1426159779226674,2.1481723827512376,0.06362745716409468,2.078988520758573,2.211799839915332,201.11574177722258,139.726477453083,119.94675984865461,162.85452865332095
test,CMA2022:21:1,CMA2022,4,0,5.0,2.3034460651239397,2.1644290637877437,2.1621220047071663,2.1670811426792778,0.06344506748061451,2.0986769372265517,2.2305262101598924,201.11574177722258,146.02562165812733,125.50959761507089,170.0302565716001
test,WELD2025:4528,Weld2025,2,0,6.0,2.1720407800282686,2.1027487113062704,2.096780162229546,2.108662757301525,0.07642239093833281,2.0203577712912133,2.1850851482398577,148.60751774298694,126.6918597407923,104.79915267476717,153.1387677754029
test,WELD2025:4528,Weld2025,3,0,6.0,2.1720407800282686,2.11619739696675,2.112225714245298,2.119598228622962,0.07510453044171461,2.0371211838035834,2.194702759064677,148.60751774298694,130.67647081936198,108.92339864489381,156.56791172269018
test,WELD2025:4528,Weld2025,4,0,6.0,2.1720407800282686,2.1001723982265803,2.095830699782656,2.1060151615703564,0.06390925465714714,2.031921445125509,2.1699244162275035,148.60751774298694,125.94252560259379,107.62705209822992,147.8850989401472
test,FatigueData-AM2022:1105,AM2022,2,0,6.0,2.536518353861396,2.558220811228579,2.555937381483698,2.566263874316409,0.07642239093833281,2.4795149905453653,2.6426862652547416,343.9682476282909,361.5936633785821,301.6580994710407,439.22420482099756
test,FatigueData-AM2022:1105,AM2022,3,0,6.0,2.536518353861396,2.5572325500821673,2.5562026912243243,2.5572570873166787,0.07510453044171461,2.4810981607826097,2.6323616177583933,343.9682476282909,360.771772454979,302.7597659157512,428.90550234936006
test,FatigueData-AM2022:1105,AM2022,4,0,6.0,2.536518353861396,2.57172431031426,2.5674287058346055,2.5757116377458313,0.06390925465714714,2.5035194511774583,2.6396208924029785,343.9682476282909,373.01329417182467,318.80083569888524,436.13495183002317
test,FatigueData-AM2022:1532,AM2022,2,0,5.0,2.3384774790487093,2.316651582933516,2.309471082019002,2.3217816935023623,0.07309786491601589,2.236373217102986,2.394879558418378,218.01053418253457,207.3249565004218,172.3348923077258,248.2444560945048
test,FatigueData-AM2022:1532,AM2022,2,0,6.0,2.158405900460101,2.1545010882597304,2.15444478094773,2.154553214037794,0.07642239093833281,2.078022390009397,2.230975604976127,144.0143937286748,142.72534065871744,119.68022307383389,170.2062898082226
test,FatigueData-AM2022:1532,AM2022,3,0,5.0,2.3384774790487093,2.341150398306313,2.3389282206022437,2.3437630851778595,0.06362745716409468,2.275300763438149,2.407390542341954,218.01053418253457,219.35644459437287,188.49540312211982,255.49978695592978
test,FatigueData-AM2022:1532,AM2022,3,0,6.0,2.158405900460101,2.1529040336608887,2.1529040336608887,2.1529040336608887,0.07510453044171461,2.077799503219174,2.2280085641026033,144.0143937286748,142.2014528911538,119.61881705095234,169.04742667486565
test,FatigueData-AM2022:1532,AM2022,4,0,5.0,2.3384774790487093,2.3281131415343834,2.3260382416946355,2.3317453607242205,0.06344506748061451,2.262593174214021,2.395190428204835,218.01053418253457,212.8693536757255,183.0598803700821,248.42221411532887
test,FatigueData-AM2022:1532,AM2022,4,0,6.0,2.158405900460101,2.15868438459618,2.1585461435317015,2.158838142573641,0.06390925465714714,2.0946368888745543,2.2227473972307883,144.0143937286748,144.10677018521838,124.34745151123484,167.0118924831013
test,FatigueData-AM2022:383,AM2022,2,0,5.0,2.3694031583999537,2.3775524149298386,2.377133431644569,2.3781013872755223,0.07309786491601589,2.3040355667285533,2.4511992521915382,234.1009404583453,238.53516657948222,201.38891714065946,282.6176313433841
test,FatigueData-AM2022:383,AM2022,2,0,6.0,2.352295565294367,2.340928536858053,2.340443486794184,2.341847879383747,0.07642239093833281,2.2640210958558513,2.41827027032208,225.05857529390406,219.24441390596496,183.66275553709843,261.98128640480974
test,FatigueData-AM2022:383,AM2022,3,0,5.0,2.3694031583999537,2.3824702530033184,2.381504094006545,2.383673137243708,0.06362745716409468,2.31787663684245,2.4473005944078023,234.1009404583453,241.25162816509777,207.91060244864417,280.09192889272316
test,FatigueData-AM2022:383,AM2022,3,0,6.0,2.352295565294367,2.3392467247654003,2.338354849179581,2.3401830001422415,0.07510453044171461,2.2632503187378665,2.415287530583956,225.05857529390406,218.39702834078773,183.33708365328658,260.1881604248363
test,FatigueData-AM2022:383,AM2022,4,0,5.0,2.3694031583999537,2.374139780097703,2.373979787986563,2.374341155453603,0.06344506748061451,2.3105347205059483,2.4377862229342178,234.1009404583453,236.66813044739854,204.4253361228362,274.02249918604264
test,FatigueData-AM2022:383,AM2022,4,0,6.0,2.352295565294367,2.3463539566346503,2.3454732731817645,2.347249339120416,0.06390925465714714,2.2815640185246173,2.411158593777563,225.05857529390406,222.0005020673903,191.23351975277558,257.7262138603552
test,WELD2025:3459,Weld2025,2,0,5.0,2.9191430307510644,2.8967774687701384,2.892700786537828,2.9021121325167374,0.07309786491601589,2.819602921621812,2.9752099974327533,830.124115970459,788.4560115280492,660.0896475969766,944.5174749927002
test,WELD2025:3459,Weld2025,2,0,6.0,2.7266070025455273,2.725170891338678,2.7238264277615984,2.72679067958332,0.07642239093833281,2.6474040368232656,2.803213070521653,532.8524936625988,531.0933840378932,444.021538025221,635.6427099455454
test,WELD2025:3459,Weld2025,3,0,5.0,2.9191430307510644,2.9934823732954934,2.9922271488242114,2.994959614267818,0.06362745716409468,2.928599691660117,3.058587071431913,830.124115970459,985.1046595625945,848.3981086410954,1144.4243017379147
test,WELD2025:3459,Weld2025,3,0,6.0,2.7266070025455273,2.7320690895162496,2.7318072127049544,2.7323035661672748,0.07510453044171461,2.65670268226324,2.8074080966089894,532.8524936625988,539.5964571147629,453.63095484858155,641.8123897649469
test,WELD2025:3459,Weld2025,4,0,5.0,2.9191430307510644,2.9151201345438897,2.9113352173942486,2.9221078148056145,0.06344506748061451,2.847890149913634,2.985552882286229,830.124115970459,822.4701301783928,704.5148470268451,967.2815014438313
test,WELD2025:3459,Weld2025,4,0,6.0,2.7266070025455273,2.729624236280305,2.7292176215675847,2.72993078172733,0.06390925465714714,2.6653083669104376,2.793840036384477,532.8524936625988,536.5673424139007,462.7094474899298,622.0711156144372
test,FatigueData-AM2022:197,AM2022,2,0,5.0,2.2968556318109514,2.3439934535702993,2.2971196143691657,2.365433456563906,0.07309786491601589,2.22402174945315,2.438531321479922,198.08684359821999,220.79714504435404,167.50267592101474,274.4930301736597
test,FatigueData-AM2022:197,AM2022,3,0,5.0,2.2968556318109514,2.348903490678097,2.2971297486077114,2.3653492908505083,0.06362745716409468,2.2335022914436164,2.4289767480146027,198.08684359821999,223.30759314882027,171.19942095780564,268.52006770384327
test,FatigueData-AM2022:197,AM2022,4,0,5.0,2.2968556318109514,2.3544163189289553,2.3457944069532237,2.360072358294054,0.06344506748061451,2.282349339472609,2.4235174257746688,198.08684359821999,226.16027258683013,191.57963410547976,265.16574868520655
test,FatigueData-AM2022:1243,AM2022,2,0,5.0,2.7892050647108695,2.8205839365228895,2.8196960349520515,2.8209457549280588,0.07309786491601589,2.7465981700360356,2.8940436198440747,615.467414865988,661.5823898096287,557.9537104568293,783.5083331398802
test,FatigueData-AM2022:1243,AM2022,3,0,5.0,2.7892050647108695,2.813106153868608,2.8126266840886847,2.813589036848273,0.06362745716409468,2.7489992269245898,2.8772164940123677,615.467414865988,650.2886198707531,561.0469773276141,753.7312020019195
test,FatigueData-AM2022:1243,AM2022,4,0,5.0,2.7892050647108695,2.814915855107158,2.813556315242373,2.816369743412124,0.06344506748061451,2.750111247761758,2.879814810892739,615.467414865988,653.0040203543875,562.4853915544566,758.2541761313029
test,FatigueData-AM2022:608,AM2022,2,0,6.0,2.473696722713834,2.480171915357842,2.4734160395146967,2.4896275399799714,0.07642239093833281,2.396993648576364,2.5660499309183042,297.6437192672083,302.1147404145961,249.45582445267289,368.17129993298494
test,FatigueData-AM2022:608,AM2022,2,0,7.0,2.4660568108248215,2.4174421546696228,2.415163019352068,2.4211810191435865,0.17283688789025264,2.2423261314618155,2.594017907033839,292.4534916377302,261.48221468566237,174.71336624837954,392.6611254535722
test,FatigueData-AM2022:608,AM2022,3,0,6.0,2.473696722713834,2.5134753370922978,2.5108360550698654,2.5176016772380794,0.07510453044171461,2.435731524628151,2.592706207679794,297.6437192672083,326.1935258456282,272.72912844973973,391.47696046673286
test,FatigueData-AM2022:608,AM2022,3,0,7.0,2.4660568108248215,2.4805331792081535,2.478689896555137,2.4821331593583404,0.10188500503614173,2.3768048915189954,2.5840181643944824,292.4534916377302,302.366156323274,238.12494434686104,383.72329440798393
test,FatigueData-AM2022:608,AM2022,4,0,6.0,2.473696722713834,2.4832586850316383,2.4830669824604295,2.4834889472241914,0.06390925465714714,2.4191577278032823,2.5473982018813386,297.6437192672083,304.26968510497323,262.5171784595652,352.69410584317137
test,FatigueData-AM2022:608,AM2022,4,0,7.0,2.4660568108248215,2.4737150756313566,2.4730016830762316,2.4745719620719426,0.11888132054548817,2.354120362530743,2.593453282617431,292.4534916377302,297.65629770484264,226.00620482584682,392.15096009131264
test,WELD2025:3537,Weld2025,2,0,5.0,2.5270658501065086,2.49259382038858,2.489634757330159,2.4950289325224047,0.07309786491601589,2.4165368924141433,2.5681267974384205,336.56259697001934,310.88074240927733,260.9377374787495,369.93617127911256
test,WELD2025:3537,Weld2025,3,0,5.0,2.5270658501065086,2.517103689631199,2.5168288279994893,2.517438543590124,0.06362745716409468,2.4532013708353944,2.5810660007542188,336.56259697001934,328.9301549573385,283.92352013577135,381.12373926421634
test,WELD2025:3537,Weld2025,4,0,5.0,2.5270658501065086,2.5201968311575245,2.518685255157893,2.5219365799236946,0.06344506748061451,2.4552401876772785,2.585381647404309,336.56259697001934,331.2812309052066,285.25954665670406,384.92990047193996
test,WELD2025:3842,Weld2025,2,0,5.0,2.501743550103612,2.4994740062756837,2.4981010919124875,2.500451019127239,0.07309786491601589,2.4250032269964716,2.5735488840432548,317.499868754999,315.84500008094443,266.0744830214132,374.583707681518
test,WELD2025:3842,Weld2025,3,0,5.0,2.501743550103612,2.5015548607645246,2.500890473522987,2.5022665331688794,0.06362745716409468,2.4372630163588926,2.565893990332974,317.499868754999,317.3619535145769,273.69257547557766,368.03912569609116
test,WELD2025:3842,Weld2025,4,0,5.0,2.501743550103612,2.4981799045865705,2.497804912640137,2.498583670535677,0.06344506748061451,2.4343598451595225,2.562028738016292,317.499868754999,314.9052525163981,271.8690972784707,364.7780841231312
test,WELD2025:3451,Weld2025,2,0,5.0,2.3037621385985783,2.2939800801682244,2.291313182720129,2.296157101790569,0.07309786491601589,2.218215317804113,2.3692549667065848,201.26216428841465,196.77960305244304,165.27810234121444,234.0210732298525
test,WELD2025:3451,Weld2025,2,0,6.0,2.192324094330406,2.1412080199113737,2.137085011700285,2.144619705188113,0.07642239093833281,2.0606626207619523,2.2210420961264457,155.71272117491668,138.42292432413225,114.99067432586837,166.35738926285026
test,WELD2025:3451,Weld2025,3,0,5.0,2.3037621385985783,2.299261771735849,2.297929055921349,2.300280873880495,0.06362745716409468,2.2343015987572548,2.3639083310445894,201.26216428841465,199.18735824079434,171.51479902108525,231.15768212825935
test,WELD2025:3451,Weld2025,3,0,6.0,2.192324094330406,2.128984547705657,2.1255629425556384,2.133025699795603,0.07510453044171461,2.0504584121139238,2.208130230237318,155.71272117491668,134.58124688968402,112.32034069630927,161.4842720985978
test,WELD2025:3451,Weld2025,4,0,5.0,2.3037621385985783,2.297294292773064,2.29610160649668,2.2985640543021035,0.06344506748061451,2.2326565390160655,2.362009121782718,201.26216428841465,198.28702312408961,170.86634872719014,230.14901566657198
test,WELD2025:3451,Weld2025,4,0,6.0,2.192324094330406,2.134662784184888,2.128549894373499,2.1392239010118757,0.06390925465714714,2.0646406397163517,2.203133155669023,155.71272117491668,136.35239925502842,116.04879618247122,159.6368522405564
test,FatigueData-AM2022:248,AM2022,2,0,5.0,2.204379837565444,2.163045474275065,2.1589667205668484,2.1682727621966507,0.07309786491601589,2.0858688556508325,2.2413706271126665,160.09576273294607,145.5611487334911,121.86215549602396,174.329396663954
test,FatigueData-AM2022:248,AM2022,2,0,6.0,2.131599392558258,2.113518476486206,2.113518476486206,2.113518476486206,0.07642239093833281,2.0370960855478732,2.189940867424539,135.39399176665358,129.87288153592007,108.9171040488686,154.8605749825602
test,FatigueData-AM2022:248,AM2022,2,0,7.0,2.1141954400862453,2.113518476486206,2.113518476486206,2.113518476486206,0.17283688789025264,1.9406815885959534,2.2863553643764587,130.07548086763896,129.87288153592007,87.23315671052953,193.3549810012457
test,FatigueData-AM2022:248,AM2022,3,0,5.0,2.204379837565444,2.165026316980101,2.1624868603810548,2.167397273896929,0.06362745716409468,2.0988594032169603,2.231024731061024,160.09576273294607,146.22657808174293,125.5623407319298,170.2255441205087
test,FatigueData-AM2022:248,AM2022,3,0,6.0,2.131599392558258,2.113518476486206,2.113518476486206,2.113518476486206,0.07510453044171461,2.0384139460444914,2.1886230069279207,135.39399176665358,129.87288153592007,109.24811343676262,154.3913650115929
test,FatigueData-AM2022:248,AM2022,3,0,7.0,2.1141954400862453,2.113518476486206,2.113518476486206,2.113518476486206,0.10188500503614173,2.0116334714500645,2.2154034815223476,130.07548086763896,129.87288153592007,102.71490562388949,164.21146722565064
test,FatigueData-AM2022:248,AM2022,4,0,5.0,2.204379837565444,2.2060571389012114,2.203794493450749,2.2077254665949955,0.06344506748061451,2.1403494259701343,2.27117053407561,160.09576273294607,160.71526876540568,138.1495345275364,186.71127045992952
test,FatigueData-AM2022:248,AM2022,4,0,6.0,2.131599392558258,2.12050885380378,2.120228336201693,2.121000912573921,0.06390925465714714,2.056319081544546,2.184910167231068,135.39399176665358,131.98022177610508,113.84634218280513,153.07707926756913
test,FatigueData-AM2022:248,AM2022,4,0,7.0,2.1141954400862453,2.113518476486206,2.113518476486206,2.113518476486206,0.11888132054548817,1.9946371559407179,2.232399797031694,130.07548086763896,129.87288153592007,98.77275239093359,170.76536747386768
test,WELD2025:757,Weld2025,2,0,5.0,2.2151490223373353,2.2227165699005127,2.2227165699005127,2.2227165699005127,0.07309786491601589,2.149618704984497,2.2958144348165286,164.11528162115818,167.00003797363718,141.12979314485946,197.61251017047988
test,WELD2025:757,Weld2025,3,0,5.0,2.2151490223373353,2.2227165699005127,2.2227165699005127,2.2227165699005127,0.06362745716409468,2.1590891127364182,2.286344027064607,164.11528162115818,167.00003797363718,144.24112890419468,193.34993351112922
test,WELD2025:757,Weld2025,4,0,5.0,2.2151490223373353,2.216890171694464,2.216890171694464,2.216890171694464,0.06344506748061451,2.153445104213849,2.2803352391750784,164.11528162115818,164.77456420528745,142.3787265401938,190.69321427999782
test,FatigueData-AM2022:407,AM2022,2,0,5.0,2.1421619577085487,2.0810803666541533,2.076960695423288,2.0852880519369705,0.07309786491601589,2.003862830507272,2.1583859168529864,138.72730762448518,120.52589541835279,100.89341695100701,144.00776720917796
test,FatigueData-AM2022:407,AM2022,3,0,5.0,2.1421619577085487,2.1464579105377197,2.1464579105377197,2.1464579105377197,0.06362745716409468,2.0828304533736253,2.210085367701814,138.72730762448518,140.10637948670882,121.0125613685945,162.21289220614776
test,FatigueData-AM2022:407,AM2022,4,0,5.0,2.1421619577085487,2.092465679873616,2.0907271988110714,2.094166692925306,0.06344506748061451,2.0272821313304568,2.1576117604059206,138.72730762448518,123.727341052652,106.48345435325065,143.75129322420855
test,WELD2025:3456,Weld2025,2,0,5.0,2.588083391096476,2.5882156994914016,2.5878377752402724,2.588461518935057,0.07309786491601589,2.5147399103242565,2.6615593838510727,387.332011374854,387.4500305667449,327.14471622799283,458.73236690874
test,WELD2025:3456,Weld2025,2,0,6.0,2.516974384481319,2.517179478343376,2.5151878241672416,2.5188913996451987,0.07642239093833281,2.438765433228909,2.5953137905835315,328.83223515021,328.98756155401907,274.64103888615733,393.8345297538161
test,WELD2025:3456,Weld2025,3,0,5.0,2.588083391096476,2.5864193873304773,2.5858914926433583,2.5870077197687475,0.06362745716409468,2.522264035479264,2.650635176932842,387.332011374854,385.85078427732225,332.8618598707571,447.3373667359521
test,WELD2025:3456,Weld2025,3,0,6.0,2.516974384481319,2.5201101256613483,2.5194225356242077,2.520493081534872,0.07510453044171461,2.444318005182493,2.5955976119765864,328.83223515021,331.21509827499915,278.17494136805635,394.09199376140583
test,WELD2025:3456,Weld2025,4,0,5.0,2.588083391096476,2.5853992381792374,2.5845443536122024,2.586351222103214,0.06344506748061451,2.5210992861315877,2.6497962895838287,387.332011374854,384.9454920869797,331.970342200383,446.4741196231995
test,WELD2025:3456,Weld2025,4,0,6.0,2.516974384481319,2.5211365356731914,2.520534728610469,2.521765952055502,0.06390925465714714,2.4566254739533218,2.585675206712649,328.83223515021,331.99881659715714,286.17090303064117,385.1901799815458
test,WELD2025:2959,Weld2025,2,0,5.0,1.9094447921023765,1.952716450506851,1.9512970621424748,1.9552645785312066,0.07309786491601589,1.878199197226459,2.0283624434472225,81.17920466551922,89.6843057314023,75.54386441724512,106.74866278974953
test,WELD2025:2959,Weld2025,3,0,5.0,1.9094447921023765,1.9316491101808557,1.9287943385918296,1.9348903531120032,0.06362745716409468,1.865166881427735,1.9985178102760979,81.17920466551922,85.43761376125893,73.31061814418338,99.65929492509449
test,WELD2025:2959,Weld2025,4,0,5.0,1.9094447921023765,1.936622824044389,1.9359843091509832,1.9377639595776461,0.06344506748061451,1.8725392416703688,2.0012090270582608,81.17920466551922,86.42170377783526,74.56572445482551,100.27877662950621
test,FatigueData-AM2022:1403,AM2022,2,0,5.0,2.5033638553426494,2.5187276314695906,2.513830501470758,2.521911370653161,0.07309786491601589,2.440732636554742,2.5950092355691767,318.68663853681414,330.1624141683792,275.88788927436724,393.5584446562736
test,FatigueData-AM2022:1403,AM2022,3,0,5.0,2.5033638553426494,2.460861934912961,2.4579350367043036,2.46350511065635,0.06362745716409468,2.394307579540209,2.527132567820445,318.68663853681414,288.9761062177024,247.9177258929401,336.6143047693834
test,FatigueData-AM2022:1403,AM2022,4,0,5.0,2.5033638553426494,2.4748643668376813,2.473708021476137,2.4762747017581774,0.06344506748061451,2.4102629539955225,2.539719769238792,318.68663853681414,298.44504089092703,257.19525617041063,346.5131888731398
test,WELD2025:3975,Weld2025,2,0,5.0,2.5839993976602353,2.5918237446195005,2.5855885321345404,2.595762081230929,0.07309786491601589,2.5124906672185245,2.668859946146945,383.7067133142721,390.68230792922355,325.45478955454905,466.50891350039774
test,WELD2025:3975,Weld2025,2,0,6.0,2.3710735095620614,2.3649655301994255,2.362142168289958,2.3677712609300285,0.07642239093833281,2.285719777351625,2.4441936518683613,235.0030558109997,231.7210726467674,193.07221426375492,278.0953018023919
test,WELD2025:3975,Weld2025,3,0,5.0,2.5839993976602353,2.5990659266323544,2.598847782154073,2.5993028316914875,0.06362745716409468,2.5352203249899787,2.6629302888555824,383.7067133142721,397.2518483909083,342.9417226011164,460.1827010389491
test,WELD2025:3975,Weld2025,3,0,6.0,2.3710735095620614,2.3565510779350434,2.350248098373413,2.364546999669463,0.07510453044171461,2.2751435679316985,2.4396515301111776,235.0030558109997,227.27469202539226,188.42718842046904,275.20196473547225
test,WELD2025:3975,Weld2025,4,0,5.0,2.5839993976602353,2.625990840130428,2.622116792993403,2.629293089339398,0.06344506748061451,2.5586717255127884,2.692738156820013,383.7067133142721,422.65969969562383,361.9692896590614,492.8765510959526
test,WELD2025:3975,Weld2025,4,0,6.0,2.3710735095620614,2.3821440003086543,2.3815191263572673,2.3828956745942262,0.06390925465714714,2.31760987170012,2.4468049292513734,235.0030558109997,241.07046206606742,207.78293269206017,279.7724391904297
test,WELD2025:1114,Weld2025,2,0,6.0,2.1008966310921044,2.036125726186218,2.032140776846047,2.0439758183629735,0.07642239093833281,1.9557183859077143,2.1203982093013063,126.15272355580318,108.67401841957886,90.30637008262087,131.94660167139648
test,WELD2025:1114,Weld2025,2,0,7.0,1.8849414643429807,1.7160032987594604,1.7160032987594604,1.7160032987594604,0.17283688789025264,1.5431664108692078,1.888840186649713,76.72580687938421,51.99999462687741,34.9274123018399,77.41768608070741
test,WELD2025:1114,Weld2025,3,0,6.0,2.1008966310921044,2.0918890421285594,2.0873255889800664,2.0968566770814183,0.07510453044171461,2.0122210585383518,2.171961207523133,126.15272355580318,123.56317016428622,102.85396978836023,148.58029200165657
test,WELD2025:1114,Weld2025,3,0,7.0,1.8849414643429807,1.7947382163812131,1.7897532972059473,1.7981300883800448,0.10188500503614173,1.6878682921698056,1.9000150934161866,76.72580687938421,62.33589744776669,48.73806604932622,79.43558411882633
test,WELD2025:1114,Weld2025,4,0,6.0,2.1008966310921044,2.0677204214644895,2.062455491181183,2.074301182729769,0.06390925465714714,1.998546236524036,2.138210437386916,126.15272355580318,116.87467641268492,99.66581822359441,137.470792836875
test,WELD2025:1114,Weld2025,4,0,7.0,1.8849414643429807,1.7621295196762152,1.760163075290272,1.7643962665685158,0.11888132054548817,1.6412817547447838,1.883277587114004,76.72580687938421,57.82684787445269,43.78060459650643,76.43241589904905
test,WELD2025:4308,Weld2025,2,0,5.0,2.2260545342446916,2.138803371859812,2.133611812947569,2.1436617815893646,0.07309786491601589,2.060513948031553,2.2167596465053805,168.2885367279499,137.65860742741387,114.95131612003837,164.72504941654472
test,WELD2025:4308,Weld2025,2,0,6.0,2.158659767548719,2.0827853679656982,2.0827853679656982,2.0827853679656982,0.07642239093833281,2.0063629770273654,2.159207758904031,144.0986020347811,120.99999934505045,101.4759152389552,144.28053993921245
test,WELD2025:4308,Weld2025,3,0,5.0,2.2260545342446916,2.1299222838151213,2.1275900185905705,2.13240513466041,0.06362745716409468,2.063962561426476,2.1960325918245047,168.2885367279499,134.87215098052602,115.86774674777831,157.04806573378124
test,WELD2025:4308,Weld2025,3,0,6.0,2.158659767548719,2.090045847848207,2.0897291174967982,2.0904280878827346,0.07510453044171461,2.0146245870550836,2.165532618324449,144.0986020347811,123.0398655385224,103.4247755457412,146.39714871487215
test,WELD2025:4308,Weld2025,4,0,5.0,2.2260545342446916,2.24026463715823,2.2389726672204784,2.2416519152845633,0.06344506748061451,2.1755275997398638,2.305096982765178,168.2885367279499,173.88600796411035,149.8054452503216,201.88171375621528
test,WELD2025:4308,Weld2025,4,0,6.0,2.158659767548719,2.1080073290572097,2.104651408948767,2.111048778638031,0.06390925465714714,2.0407421542916198,2.1749580332951783,144.0986020347811,128.23522231646987,109.83535404823316,149.60910789722783
test,WELD2025:1890,Weld2025,2,0,5.0,2.495875910085726,2.4996871948242188,2.4996871948242188,2.4996871948242188,0.07309786491601589,2.426589329908203,2.5727850597402346,313.2390586035769,316.00008164285657,267.0480000912047,373.92547992940695
test,WELD2025:1890,Weld2025,2,0,6.0,2.3144872033063892,2.30852336135957,2.3076012679397224,2.309175527468756,0.07642239093833281,2.2311788770013896,2.385597918407089,206.29428808213245,203.48076482995188,170.28597370199805,242.99532508005075
test,WELD2025:1890,Weld2025,3,0,5.0,2.495875910085726,2.4985437432477884,2.495835600285856,2.4996871948242188,0.06362745716409468,2.4322081431217617,2.563314651988313,313.2390586035769,315.1691810654891,270.5254593391752,365.8597657612678
test,WELD2025:1890,Weld2025,3,0,6.0,2.3144872033063892,2.3082208924600147,2.307780272346118,2.30868485337335,0.07510453044171461,2.232675741904403,2.3837893838150648,206.29428808213245,203.33909787775247,170.87390396929592,241.98552250557978
test,WELD2025:1890,Weld2025,4,0,5.0,2.495875910085726,2.495291441473716,2.49525349144282,2.495334856277546,0.06344506748061451,2.4318084239622055,2.5587799237581605,313.2390586035769,312.8177885477569,270.27658566858486,362.0594803538243
test,WELD2025:1890,Weld2025,4,0,6.0,2.3144872033063892,2.307303180806638,2.3064933214546417,2.308105187886405,0.06390925465714714,2.2425840667974946,2.372014442543552,206.29428808213245,202.90987382321075,174.81716249190475,235.51276027990264
test,FatigueData-AM2022:1553,AM2022,2,0,7.0,2.1931922031041085,2.1906184837993607,2.1899246733319555,2.1913660454303447,0.17283688789025264,2.017087785441703,2.3642029333205974,156.02428573762438,155.1023877908108,104.01303897252525,231.31454040046887
test,FatigueData-AM2022:1553,AM2022,3,0,7.0,2.1931922031041085,2.1811218839073105,2.1804569758093764,2.1816720911635525,0.10188500503614173,2.0785719707732344,2.2835570961996945,156.02428573762438,151.74761844636623,119.83176905415476,192.11315141170394
test,FatigueData-AM2022:1553,AM2022,4,0,7.0,2.1931922031041085,2.174975947437371,2.160242351432986,2.1818434750907794,0.11888132054548817,2.041361030887498,2.3007247956362677,156.02428573762438,149.6152792261775,109.99198276046882,199.8594995672151
test,FatigueData-AM2022:1144,AM2022,2,0,5.0,2.0409955960697936,2.059461453597258,2.0579537441330213,2.0611122017405066,0.07309786491601589,1.9848558792170055,2.1342100666565225,109.89946951037868,114.67307372452568,96.57303478386811,136.21033675810472
test,FatigueData-AM2022:1144,AM2022,3,0,5.0,2.0409955960697936,2.046247599913496,2.0433138102499626,2.0502947133125864,0.06362745716409468,1.979686353085868,2.1139221704766813,109.89946951037868,111.23657283403764,95.4303140597024,129.99365966899305
test,FatigueData-AM2022:1144,AM2022,4,0,5.0,2.0409955960697936,2.053649538662958,2.0519052494089234,2.0552191901875796,0.06344506748061451,1.9884601819283088,2.118664257668194,109.89946951037868,113.14869220626619,97.37785008423813,131.4208457293686
test,FatigueData-AM2022:486,AM2022,2,0,5.0,2.241078912995334,2.2687884714275297,2.2633549189914635,2.276497823867168,0.07309786491601589,2.1902570540754476,2.3495956887831837,174.2123395226142,185.68998084668524,154.97336176037055,223.66379463772833
test,FatigueData-AM2022:486,AM2022,3,0,5.0,2.241078912995334,2.1848472777281884,2.1837912975069376,2.185746960251689,0.06362745716409468,2.120163840342843,2.2493744174157833,174.2123395226142,153.05491402066636,131.87541530774814,177.57197187838833
test,FatigueData-AM2022:486,AM2022,4,0,5.0,2.241078912995334,2.1838950420602106,2.182843102788323,2.184753343238698,0.06344506748061451,2.119398035307708,2.2481984107193127,174.2123395226142,152.7196928947373,131.64308016787672,177.09178307408325
test,WELD2025:3064,Weld2025,2,0,6.0,2.3694178300222823,2.4431007341983237,2.440129856857607,2.4457819557316074,0.07642239093833281,2.363707465919274,2.52220434666994,234.108849144144,277.3963448261254,231.05079433004957,332.81611495883254
test,WELD2025:3064,Weld2025,3,0,6.0,2.3694178300222823,2.390902448692447,2.389662408807883,2.3918416094154815,0.07510453044171461,2.3145578783661684,2.466946139857196,234.108849144144,245.98150179806703,206.3278621848291,293.05297855539357
test,WELD2025:3064,Weld2025,4,0,6.0,2.3694178300222823,2.346483492390921,2.346353054046631,2.3473807111852656,0.06390925465714714,2.2824437993894837,2.4112899658424127,234.108849144144,222.06672738957747,191.62130759025158,257.8041866363306
test,FatigueData-AM2022:655,AM2022,2,0,5.0,2.339265999257675,2.344287037315724,2.3415978532556605,2.3462018868975854,0.07309786491601589,2.2684999883396446,2.4192997518136012,218.40672126902749,220.9464547190116,185.5666759610851,262.60304148797053
test,FatigueData-AM2022:655,AM2022,2,0,6.0,2.1240687716116473,2.140551443911808,2.139285835564034,2.1418189853507235,0.07642239093833281,2.0628634446257013,2.2182413762890563,133.06651154268752,138.21381159719522,115.5748782537288,165.2880196354337
test,FatigueData-AM2022:655,AM2022,3,0,5.0,2.339265999257675,2.382330273831664,2.3757371599827106,2.3923819065093994,0.06362745716409468,2.312109702818616,2.456009363673494,218.40672126902749,241.17388192894103,205.16803679899294,285.76521555629887
test,FatigueData-AM2022:655,AM2022,3,0,6.0,2.1240687716116473,2.103839205496582,2.103029509850336,2.1044121871020964,0.07510453044171461,2.0279249794086214,2.179516717543811,133.06651154268752,127.01037710806413,106.64118919470941,151.18778958140516
test,FatigueData-AM2022:655,AM2022,4,0,5.0,2.339265999257675,2.323450898876259,2.3228923054493524,2.324286185027387,0.06344506748061451,2.259447237968738,2.3877312525080017,218.40672126902749,210.59637862855482,181.73862501237264,244.19189914718729
test,FatigueData-AM2022:655,AM2022,4,0,6.0,2.1240687716116473,2.0865529259019735,2.084084995380632,2.0893078757161923,0.06390925465714714,2.020175740723485,2.1532171303733394,133.06651154268752,122.05425547998485,104.75523627078232,142.30400740675006
test,WELD2025:5289,Weld2025,2,0,6.0,2.141552786375556,2.1295470411916098,2.1282950231084192,2.131044132461602,0.07642239093833281,2.0518726321700864,2.2074665233999347,138.53285556195638,134.75566798559734,112.68669255117715,161.23767361625212
test,WELD2025:5289,Weld2025,3,0,6.0,2.141552786375556,2.1291559550211616,2.1280401751340516,2.130179193856709,0.07510453044171461,2.052935644692337,2.2052837242984236,138.53285556195638,134.63437389011077,112.96285098820667,160.42931320528558
test,WELD2025:5289,Weld2025,4,0,6.0,2.141552786375556,2.1342019898778863,2.1332733040036804,2.1350568024060386,0.06390925465714714,2.0693640493465333,2.1989660570631857,138.53285556195638,136.20780361399642,117.31783756523824,158.11244592868468
test,FatigueData-AM2022:671,AM2022,2,0,6.0,2.7336427032626576,2.7259517015773174,2.725018430375431,2.7266917134848607,0.07642239093833281,2.648596039437098,2.8031141044231935,541.5551663156773,532.0490861442263,445.24191237487025,635.4978775458317
test,FatigueData-AM2022:671,AM2022,2,0,7.0,2.614561116120409,2.6050356373235086,2.6030955073874003,2.6071230015435516,0.17283688789025264,2.4302586194971476,2.7799598894338042,411.6812771022124,402.75008182361273,269.31380724560705,602.5039374508889
test,FatigueData-AM2022:671,AM2022,3,0,6.0,2.7336427032626576,2.7148553161448343,2.71101449168756,2.7191371135611933,0.07510453044171461,2.6359099612458454,2.794241644002908,541.5551663156773,518.627231097239,432.4241707433549,622.6466330523369
test,FatigueData-AM2022:671,AM2022,3,0,7.0,2.614561116120409,2.601058317054488,2.598685712768639,2.603516945046233,0.10188500503614173,2.496800707732497,2.7054019500823747,411.6812771022124,399.0784870157757,313.90678846033956,507.4601576886655
test,FatigueData-AM2022:671,AM2022,4,0,6.0,2.7336427032626576,2.713746427534652,2.710086789415601,2.7202582270770153,0.06390925465714714,2.6461775347584537,2.7841674817341624,541.5551663156773,517.30470393254,442.7693345564879,608.3695682613619
test,FatigueData-AM2022:671,AM2022,4,0,7.0,2.614561116120409,2.6081170666955344,2.607854291121514,2.608595810551101,0.11888132054548817,2.488972970576026,2.727477131096589,411.6812771022124,405.6178574520696,308.2996066160365,533.921157829258
test,WELD2025:3851,Weld2025,2,0,5.0,2.5922444249210552,2.6016440913888568,2.599764045531223,2.6031482670739887,0.07309786491601589,2.5266661806152073,2.6762461319900046,391.06092654816507,399.6171253582691,336.25300996904184,474.5108332685974
test,WELD2025:3851,Weld2025,2,0,6.0,2.52623627108469,2.487138271331787,2.487138271331787,2.487138271331787,0.07642239093833281,2.4107158803934543,2.56356066227012,335.9203167070486,306.9999263802901,257.463625424442,366.0670692496048
test,WELD2025:3851,Weld2025,2,0,7.0,2.4879498295331,2.487138271331787,2.487138271331787,2.487138271331787,0.17283688789025264,2.3143013834415345,2.6599751592220398,307.57414791193565,306.9999263802901,206.20604064017735,457.06204582999976
test,WELD2025:3851,Weld2025,3,0,5.0,2.5922444249210552,2.622884982570935,2.6218243649745903,2.6241689900002,0.06362745716409468,2.558196907810496,2.6877964471642946,391.06092654816507,419.64783082508137,361.5737619360963,487.3000401503066
test,WELD2025:3851,Weld2025,3,0,6.0,2.52623627108469,2.522502367085366,2.5204438231028616,2.5246875867518357,0.07510453044171461,2.445339292661147,2.5997921171935503,335.9203167070486,333.0445775351195,278.82986768947274,397.91665505007376
test,WELD2025:3851,Weld2025,3,0,7.0,2.4879498295331,2.4873001361791918,2.487295814912384,2.4873038272023877,0.10188500503614173,2.385410809876242,2.5891888322385297,307.57414791193565,307.1143689068326,242.89065714771937,388.31917135738354
test,WELD2025:3851,Weld2025,4,0,5.0,2.5922444249210552,2.6069363799040928,2.6064436390259855,2.607472241607897,0.06344506748061451,2.542998571545371,2.6709173090885114,391.06092654816507,404.516629438946,349.1391671096788,468.72412723390727
test,WELD2025:3851,Weld2025,4,0,6.0,2.52623627108469,2.4946026148364355,2.4929080789106823,2.4972541282317913,0.06390925465714714,2.428998824253535,2.5611633828889384,335.9203167070486,312.3220271637682,268.53371757527253,364.0519678126289
test,WELD2025:3851,Weld2025,4,0,7.0,2.4879498295331,2.487138271331787,2.487138271331787,2.487138271331787,0.11888132054548817,2.368256950786299,2.606019591877275,307.57414791193565,306.9999263802901,233.483906368925,403.66360261499966
test,WELD2025:536,Weld2025,2,0,6.0,2.7094672125615196,2.6202694523213523,2.6186213067785564,2.621358450533025,0.07642239093833281,2.5421989158402236,2.6977808414713578,512.2325973606493,417.1281048695132,348.49689726211466,498.6327983123079
test,WELD2025:536,Weld2025,2,0,7.0,2.5639412080514545,2.556302547454834,2.556302547454834,2.556302547454834,0.17283688789025264,2.3834656595645813,2.7291394353450866,366.38797208141165,360.00003870073976,241.80521306977136,535.9687089423455
test,WELD2025:536,Weld2025,3,0,6.0,2.7094672125615196,2.6505636449494947,2.647513259061878,2.6525842726329714,0.07510453044171461,2.5724087286201636,2.727688803074686,512.2325973606493,447.2636925464368,373.60160097427485,534.1814505532875
test,WELD2025:536,Weld2025,3,0,7.0,2.5639412080514545,2.5632657315212146,2.563214436210969,2.5633244249272455,0.10188500503614173,2.4613294311748275,2.6652094299633875,366.38797208141165,365.81855634376774,289.28734200998286,462.60404931443264
test,WELD2025:536,Weld2025,4,0,6.0,2.7094672125615196,2.6358522336369985,2.6272991822262957,2.64684551890095,0.06390925465714714,2.5633899275691485,2.7107547735580972,512.2325973606493,432.36669556134,365.9231851562096,513.7534763252211
test,WELD2025:536,Weld2025,4,0,7.0,2.5639412080514545,2.5627116188406944,2.5625174045562744,2.5625174045562744,0.11888132054548817,2.4436360840107865,2.6813987251017624,366.38797208141165,365.3521091526379,277.7384989511017,480.17409343124393
test,FatigueData-AM2022:1444,AM2022,2,0,6.0,2.1760611739606524,2.14959936302082,2.148120725934045,2.1508924574259765,0.07642239093833281,2.071698334995712,2.2273148483643093,149.9896093362027,141.12350785535864,117.95010585876032,168.77761608678603
test,FatigueData-AM2022:1444,AM2022,2,0,7.0,2.108087882090404,2.1420532390475273,2.1390786170959473,2.1440885066986084,0.17283688789025264,1.9662417292056946,2.316925394588861,128.25900961884298,138.69258381352614,92.52130061169044,207.4557108411979
test,FatigueData-AM2022:1444,AM2022,3,0,6.0,2.1760611739606524,2.1566680146780204,2.155057464401435,2.158668203892655,0.07510453044171461,2.0799529339597203,2.2337727343343694,149.9896093362027,143.43925294315886,120.21341479972247,171.30606307976245
test,FatigueData-AM2022:1444,AM2022,3,0,7.0,2.108087882090404,2.145497463643551,2.1440885066986084,2.1490981578826904,0.10188500503614173,2.042203501662467,2.250983162918832,128.25900961884298,139.7968750914622,110.2055589664549,178.23096680800094
test,FatigueData-AM2022:1444,AM2022,4,0,6.0,2.1760611739606524,2.222648224630358,2.160829453378153,2.2543039321899414,0.06390925465714714,2.0969201987210058,2.3182131868470885,149.9896093362027,166.97375911183894,125.00293171822919,208.0717821000985
test,FatigueData-AM2022:1444,AM2022,4,0,7.0,2.108087882090404,2.1079177854046476,2.107262021884304,2.108670600592924,0.11888132054548817,1.988380701338816,2.227551921138412,128.25900961884298,128.208785262821,97.36003051462774,168.86977360281486
test,WELD2025:4073,Weld2025,2,0,5.0,2.650207947199676,2.757567605120036,2.748551648233528,2.767582522794703,0.07309786491601589,2.6754537833175123,2.840680387710719,446.89752266896755,572.2260241657734,473.6459011168906,692.9156777812046
test,WELD2025:4073,Weld2025,2,0,6.0,2.4215920700924807,2.4162859248729625,2.414306688402334,2.4180749080781863,0.07642239093833281,2.3378842974640013,2.494497299016519,263.99279257134896,260.78699187373826,217.71296752232533,312.2462986802753
test,WELD2025:4073,Weld2025,3,0,5.0,2.650207947199676,2.769458384550436,2.7655013029716122,2.774032342497399,0.06362745716409468,2.7018738458075173,2.837659799661494,446.89752266896755,588.1097569347521,503.35437278727915,688.1130585283037
test,WELD2025:4073,Weld2025,3,0,6.0,2.4215920700924807,2.458740024236646,2.4521653808387653,2.4738722074076778,0.07510453044171461,2.3770608503970507,2.5489767378493924,263.99279257134896,287.5676472536182,238.26532871894244,353.9783804029033
test,WELD2025:4073,Weld2025,4,0,5.0,2.650207947199676,2.721337927671242,2.718985102237982,2.723545864668923,0.06344506748061451,2.6555400347573674,2.7869909321495374,446.89752266896755,526.4267235027502,452.41816587110213,612.3376062898996
test,WELD2025:4073,Weld2025,4,0,6.0,2.4215920700924807,2.4715133193981575,2.447570747740002,2.5004820762511106,0.06390925465714714,2.383661493082855,2.5643913309082578,263.99279257134896,296.15107907171347,241.91427327109767,366.76791035428107
test,WELD2025:5675,Weld2025,2,0,5.0,2.612994848450633,2.6487878539293206,2.6475440502036034,2.6496100862685785,0.07309786491601589,2.5744461852875875,2.7227079511845944,410.19923722330094,445.4386054432831,375.3584398169533,528.090009108505
test,WELD2025:5675,Weld2025,3,0,5.0,2.612994848450633,2.639162330327191,2.634425909540884,2.642042623482585,0.06362745716409468,2.5707984523767893,2.70567008064668,410.19923722330094,435.6746894754172,372.21892660063617,507.77355699664264
test,WELD2025:5675,Weld2025,4,0,5.0,2.612994848450633,2.64647535290053,2.6422976892848014,2.6501717534515747,0.06344506748061451,2.5788526218041867,2.7136168209321894,410.19923722330094,443.07306847356176,379.1862859544487,517.1503476038025
test,WELD2025:4737,Weld2025,2,0,5.0,2.481787566561771,2.4868226722903826,2.4853726844967685,2.4883510858325204,0.07309786491601589,2.4122748195807526,2.5614489507485363,303.240753114153,306.77691252501216,258.38947503017755,364.29142682653793
test,WELD2025:4737,Weld2025,3,0,5.0,2.481787566561771,2.4832122785683453,2.4811002128319832,2.485500993804279,0.06362745716409468,2.4174727556678883,2.5491284509683734,303.240753114153,304.2371741563224,261.50063973834136,354.1020581091602
test,WELD2025:4737,Weld2025,4,0,5.0,2.481787566561771,2.4786683588872913,2.476247568164482,2.4811275459776154,0.06344506748061451,2.4128025006838674,2.54457261345823,303.240753114153,301.070607499338,258.70361696727264,350.4068709655107
test,WELD2025:3282,Weld2025,2,0,5.0,2.569903059511876,2.5619838172996188,2.5610021900042668,2.5631555628113154,0.07309786491601589,2.487904325088251,2.6362534277273313,371.45230659057637,364.74035570096675,307.54192264031815,432.76629333690227
test,WELD2025:3282,Weld2025,3,0,5.0,2.569903059511876,2.5717116895909333,2.5711793402018017,2.5724458179291023,0.06362745716409468,2.5075518830377073,2.6360732750931968,371.45230659057637,373.0024544550512,321.77469182217885,432.5868118495516
test,WELD2025:3282,Weld2025,4,0,5.0,2.569903059511876,2.523389456445197,2.5202184956108686,2.526511393781687,0.06344506748061451,2.456773428130254,2.5899564612623016,371.45230659057637,333.7255492074336,286.2684115074192,389.00614453215894
test,WELD2025:5281,Weld2025,2,0,6.0,2.4023285931175113,2.410878029605912,2.410813074505407,2.4109868307139504,0.07642239093833281,2.334390683567074,2.487409221652283,252.53907948711606,257.5597705984795,215.96863508609462,307.19151914804144
test,WELD2025:5281,Weld2025,3,0,6.0,2.4023285931175113,2.414631153504914,2.41393308589235,2.4152579126060982,0.07510453044171461,2.338828555450635,2.490362443047813,252.53907948711606,259.7952183997851,218.18684150766597,309.28755334512766
test,WELD2025:5281,Weld2025,4,0,6.0,2.4023285931175113,2.409315806225429,2.4087668572547907,2.4099477279787007,0.06390925465714714,2.3448576025976435,2.473856982635848,252.53907948711606,256.6349532372274,221.23691943334475,297.7535736708754
test,WELD2025:2351,Weld2025,2,0,5.0,2.4413064117922305,2.427170439138997,2.42415166676372,2.4306345902319593,0.07309786491601589,2.351053801847704,2.503732455147975,276.252623943144,267.4055637559371,224.41599205724475,318.95723303272945
test,WELD2025:2351,Weld2025,3,0,5.0,2.4413064117922305,2.4505361248457644,2.4487594772336596,2.4520734377264537,0.06362745716409468,2.385132020069565,2.515700894890548,276.252623943144,282.1864297500481,242.73478662140835,327.8694067689735
test,WELD2025:2351,Weld2025,4,0,5.0,2.4413064117922305,2.4251015768534137,2.42213132432826,2.4283157062278984,0.06344506748061451,2.3586862568476454,2.491760773708513,276.252623943144,266.1347447831615,228.39482366625631,310.2849946874403
test,WELD2025:4188,Weld2025,2,0,6.0,2.774640916713591,2.7822821509313087,2.7796242855200264,2.7849589754045128,0.07642239093833281,2.7032018945816936,2.8613813663428456,595.1698418117256,605.7342782906105,504.8959587724386,726.7438517740488
test,WELD2025:4188,Weld2025,3,0,6.0,2.774640916713591,2.8079250806866427,2.806928782765106,2.8084810511620004,0.07510453044171461,2.7318242523233915,2.883585581603715,595.1698418117256,642.5768580461306,539.2923407735567,764.8663973390691
test,WELD2025:4188,Weld2025,4,0,6.0,2.774640916713591,2.7927828585854257,2.7799094415660024,2.8047449588457742,0.06390925465714714,2.7160001869088553,2.8686542135029214,595.1698418117256,620.5586856338922,519.996220326084,739.0166336126317
test,WELD2025:3872,Weld2025,2,0,6.0,2.224896748251119,2.1805537054930926,2.180351558246937,2.18071350710504,0.07642239093833281,2.1039291673086042,2.257135898043373,167.8404936728761,151.54922001015206,127.0366893631229,180.7739709657152
test,WELD2025:3872,Weld2025,3,0,6.0,2.224896748251119,2.1836461735307084,2.182875713175275,2.1847482666480196,0.07510453044171461,2.1077711827335603,2.259852797089734,167.8404936728761,152.63220332431933,128.16551375208007,181.90841805668697
test,WELD2025:3872,Weld2025,4,0,6.0,2.224896748251119,2.181128757202228,2.180894691557695,2.1813374881298366,0.06390925465714714,2.116985436900548,2.2452467427869838,167.8404936728761,151.7500200757482,130.9138023231669,175.89226554647766
test,WELD2025:2907,Weld2025,2,0,5.0,2.243227418434219,2.24924689443548,2.245890127250999,2.2533527941936136,0.07309786491601589,2.172792262334983,2.3264506591096294,175.0763236316284,177.51983862834882,148.8648836547409,212.0560459140126
test,WELD2025:2907,Weld2025,3,0,5.0,2.243227418434219,2.2387694679993713,2.2355232774454548,2.2417240512554217,0.06362745716409468,2.1718958202813603,2.305351508419516,175.0763236316284,173.2883904922781,148.5579234831643,202.00006463938624
test,WELD2025:2907,Weld2025,4,0,5.0,2.243227418434219,2.2525158757511905,2.2492015027446177,2.254828296751438,0.06344506748061451,2.185756435264003,2.3182733642320525,175.0763236316284,178.86109110639944,153.37565671076658,208.10061526235472
test,WELD2025:3615,Weld2025,2,0,5.0,2.708912182493605,2.6580694993815097,2.656362260358651,2.6601996912331156,0.07309786491601589,2.5832643954426353,2.7332975561491315,511.5783802076032,455.06087691467496,383.057875300004,541.1249468311711
test,WELD2025:3615,Weld2025,2,0,6.0,2.4851079756640124,2.455724183409913,2.4554702296070583,2.455896936045947,0.07642239093833281,2.3790478386687255,2.53231932698428,305.56807317644723,285.57762890264274,239.35794008919794,340.6585762425368
test,WELD2025:3615,Weld2025,3,0,5.0,2.708912182493605,2.691003550889302,2.6890753230631623,2.693285797452532,0.06362745716409468,2.6254478658990674,2.7569132546166264,511.5783802076032,490.9118899421504,422.1316019796141,571.3645017127824
test,WELD2025:3615,Weld2025,3,0,6.0,2.4851079756640124,2.451802621285628,2.451786518096924,2.451786518096924,0.07510453044171461,2.376681987655209,2.5268910485386384,305.56807317644723,283.01054734979925,238.05756533060034,336.4271593028708
test,WELD2025:3615,Weld2025,4,0,5.0,2.708912182493605,2.7032142116947218,2.70152637889893,2.7055718876340196,0.06344506748061451,2.6380813114183153,2.769016955114634,511.5783802076032,504.91027843119275,434.591583598629,587.5122889109116
test,WELD2025:3615,Weld2025,4,0,6.0,2.4851079756640124,2.457422647143993,2.4571841151300666,2.4576271990739897,0.06390925465714714,2.3932748604729195,2.521536453731137,305.56807317644723,286.6966690270521,247.32889687179062,332.3046769699354
test,WELD2025:416,Weld2025,2,0,6.0,2.1573518791875474,2.1528518648274044,2.1519749257600562,2.153859102295564,0.07642239093833281,2.0755525348217234,2.230281493233897,143.6652983809736,142.18437222658608,119.00152717190143,169.93447464800184
test,WELD2025:416,Weld2025,3,0,6.0,2.1573518791875474,2.130989038883156,2.129702092467075,2.1339566710588715,0.07510453044171461,2.0545975620253603,2.209061201500586,143.6652983809736,135.20384387949514,113.39595476845136,161.83080762401175
test,WELD2025:416,Weld2025,4,0,6.0,2.1573518791875474,2.1477153640210256,2.1444470647737806,2.1507512728204894,0.06390925465714714,2.0805378101166334,2.2146605274776365,143.6652983809736,140.51263045203115,120.37541852856224,163.93078836978478
test,WELD2025:3864,Weld2025,2,0,5.0,2.887027876226024,2.869837531617105,2.864404189087484,2.8776343651735923,0.07309786491601589,2.791306324171468,2.950732230089608,770.9529529283659,741.0329710248391,618.4524640310539,892.7548743808576
test,WELD2025:3864,Weld2025,2,0,6.0,2.668819160206371,2.666888914634029,2.6612699121779535,2.672260731532916,0.07642239093833281,2.5848475212396207,2.748683122471249,466.4651042598901,464.3964750704643,384.4567773714594,560.638763710918
test,WELD2025:3864,Weld2025,3,0,5.0,2.887027876226024,2.8682356748019053,2.8647695483227253,2.871971993856554,0.06362745716409468,2.8011420911586304,2.935599451020649,770.9529529283659,738.3047708564617,632.6187958300994,862.1829912109192
test,WELD2025:3864,Weld2025,3,0,6.0,2.668819160206371,2.6650369111685484,2.660532045965769,2.669594697816178,0.07510453044171461,2.5854275155240543,2.744699228257893,466.4651042598901,462.4203213439264,384.9705570860782,555.5193976538542
test,WELD2025:3864,Weld2025,4,0,5.0,2.887027876226024,2.8599830421021935,2.8568026325758913,2.8653068341374626,0.06344506748061451,2.7933575650952767,2.928751901618077,770.9529529283659,724.4076735743577,621.3804211325936,848.6955042512086
test,WELD2025:3864,Weld2025,4,0,6.0,2.668819160206371,2.656222293677653,2.6508538656911567,2.6615249277222213,0.06390925465714714,2.5869446110340095,2.7254341823793684,466.4651042598901,453.1294549165652,386.31770379912984,531.4154570339794
test,FatigueData-AM2022:1454,AM2022,2,0,5.0,2.5244405045497222,2.492680475900273,2.488927603357735,2.4965182809842608,0.07309786491601589,2.4158297384417193,2.5696161459002766,334.534185759609,310.9427791579705,260.51320293153645,371.20699026469896
test,FatigueData-AM2022:1454,AM2022,2,0,6.0,2.29593495968307,2.341697925836378,2.337492155597308,2.3450471379201034,0.07642239093833281,2.2610697646589752,2.4214695288584362,197.66735895989902,219.63316796580472,182.41887147516715,263.9183144455771
test,FatigueData-AM2022:1454,AM2022,3,0,5.0,2.5244405045497222,2.494203790495148,2.4899825186673588,2.4993333550689227,0.06362745716409468,2.426355061503264,2.562960812233017,334.534185759609,312.0353450729443,266.90398712012495,365.5618043251394
test,FatigueData-AM2022:1454,AM2022,3,0,6.0,2.29593495968307,2.321378350386749,2.317863641437622,2.329155238824118,0.07510453044171461,2.2427591109959075,2.4042597692658325,197.66735895989902,209.5937607940001,174.88763747847958,253.66454480542808
test,FatigueData-AM2022:1454,AM2022,4,0,5.0,2.5244405045497222,2.5335145264884575,2.521464338618881,2.5448940936150013,0.06344506748061451,2.4580192711382662,2.608339161095616,334.534185759609,341.5973764065377,287.0907971248575,405.82533992502704
test,FatigueData-AM2022:1454,AM2022,4,0,6.0,2.29593495968307,2.304336200777605,2.304244060083931,2.3044944448953517,0.06390925465714714,2.2403348054267838,2.368403699552499,197.66735895989902,201.5283739572506,173.9141047195075,233.56281426692365
test,WELD2025:2676,Weld2025,2,0,5.0,2.592496124886052,2.5847862977136735,2.5841935766300748,2.585316015448964,0.07309786491601589,2.511095711714059,2.65841388036498,391.2876357379385,384.4025834052593,324.41110460734063,455.42186806213743
test,WELD2025:2676,Weld2025,2,0,6.0,2.5091442133900737,2.49554443359375,2.49554443359375,2.49554443359375,0.07642239093833281,2.419122042655417,2.571966824532083,322.95663651170037,313.00006922217517,262.4956088107267,373.2216465522946
test,WELD2025:2676,Weld2025,3,0,5.0,2.592496124886052,2.583992768260544,2.5835429017053455,2.5844864714428555,0.06362745716409468,2.519915444541251,2.64811392860695,391.2876357379385,383.70085616927463,331.06665780740445,444.7479230287172
test,WELD2025:2676,Weld2025,3,0,6.0,2.5091442133900737,2.49554443359375,2.49554443359375,2.49554443359375,0.07510453044171461,2.4204399031520354,2.5706489640354646,322.95663651170037,313.00006922217517,263.2933578103542,372.0908273107744
test,WELD2025:2676,Weld2025,4,0,5.0,2.592496124886052,2.556567415496507,2.55528263718812,2.5582671938954853,0.06344506748061451,2.4918375697075055,2.6217122613761,391.2876357379385,360.2196629234497,310.33986702420316,418.5161884098501
test,WELD2025:2676,Weld2025,4,0,6.0,2.5091442133900737,2.49554443359375,2.49554443359375,2.49554443359375,0.06390925465714714,2.431635178936603,2.559453688250897,322.95663651170037,313.00006922217517,270.1687907555301,362.6216153950088
test,WELD2025:1908,Weld2025,2,0,6.0,2.582929468548346,2.5511448183662058,2.5505644904120754,2.5517330390844783,0.07642239093833281,2.4741420994737426,2.628155430022811,382.7625758393167,355.74992595742793,297.94911479312924,424.7715586016047
test,WELD2025:1908,Weld2025,3,0,6.0,2.582929468548346,2.5517829008448816,2.5516677093164417,2.551916457241396,0.07510453044171461,2.476563178874727,2.6270209876831108,382.7625758393167,356.2729918556549,299.6147424478965,423.6634394829769
test,WELD2025:1908,Weld2025,4,0,6.0,2.582929468548346,2.551973583482658,2.5518625673855895,2.5520654984959115,0.06390925465714714,2.4879533127284423,2.6159747531530586,382.7625758393167,356.4294524895302,307.5766147752746,413.02349099211085
test,WELD2025:1337,Weld2025,2,0,5.0,2.6603600200422606,2.723357601404817,2.723264454871632,2.7234828064910044,0.07309786491601589,2.650166589955616,2.7965806714070203,457.46726221109765,528.8805568376458,446.85496728158813,626.00913605902
test,WELD2025:1337,Weld2025,3,0,5.0,2.6603600200422606,2.7411515712738037,2.7411515712738037,2.7411515712738037,0.06362745716409468,2.6775241141097093,2.804779028437898,457.46726221109765,550.9999650111437,475.90921501422315,637.9388166148622
test,WELD2025:1337,Weld2025,4,0,5.0,2.6603600200422606,2.7411515712738037,2.7411515712738037,2.7411515712738037,0.06344506748061451,2.677706503793189,2.8045966387544183,457.46726221109765,550.9999650111437,476.1091235188385,637.6709591247075
test,FatigueData-AM2022:1576,AM2022,2,0,5.0,2.499166782206264,2.532672106041554,2.5305947970515033,2.5347930324983423,0.07309786491601589,2.4574969321354874,2.607890897414358,315.6216473178881,340.93540691805885,286.7457119737927,405.4066772051202
test,FatigueData-AM2022:1576,AM2022,2,0,6.0,2.3546243824010746,2.4277006897866418,2.424473285675049,2.4310479164123535,0.07642239093833281,2.348050894736716,2.5074703073506863,226.2686482792285,267.73225123361806,222.8696313689274,321.7142569615941
test,FatigueData-AM2022:1576,AM2022,3,0,5.0,2.499166782206264,2.4967720795003103,2.493606394418878,2.4977733291169075,0.06362745716409468,2.4299789372547833,2.561400786281002,315.6216473178881,313.88609673937026,269.140427098331,364.2510281329723
test,FatigueData-AM2022:1576,AM2022,3,0,6.0,2.3546243824010746,2.4310479164123535,2.4310479164123535,2.4310479164123535,0.07510453044171461,2.355943385970639,2.506152446854068,226.2686482792285,269.8037094818677,226.95689747194933,320.73949926625613
test,FatigueData-AM2022:1576,AM2022,4,0,5.0,2.499166782206264,2.4908442591486337,2.48907708297776,2.492359089000578,0.06344506748061451,2.4256320154971456,2.5558041564811926,315.6216473178881,309.6308743466558,266.45999505470587,359.587144072524
test,FatigueData-AM2022:1576,AM2022,4,0,6.0,2.3546243824010746,2.4345405623316765,2.4310479164123535,2.437622308731079,0.06390925465714714,2.3671386617552064,2.5015315633882262,226.2686482792285,271.9822500817462,232.88346904591776,317.3449293458368
test,WELD2025:418,Weld2025,2,0,5.0,2.3624201243407708,2.401655007964683,2.392903384039396,2.410033360043432,0.07309786491601589,2.31980551912338,2.4831312249594477,230.36692450860957,252.1476982166785,208.8360735183817,304.18039880927415
test,WELD2025:418,Weld2025,2,0,6.0,2.1298112674227543,2.1293664798807117,2.127710755599212,2.130673310677256,0.07642239093833281,2.0512883646608793,2.207095701615589,134.8376787348891,134.69965391280002,112.53519418265404,161.10005979523402
test,WELD2025:418,Weld2025,3,0,5.0,2.3624201243407708,2.393510749618723,2.388940828501109,2.3979662282560446,0.06362745716409468,2.325313371337014,2.461593685420139,230.36692450860957,247.46327124664666,211.50146081312658,289.46341763017426
test,WELD2025:418,Weld2025,3,0,6.0,2.1298112674227543,2.145216031473263,2.1426505284731814,2.147843669233597,0.07510453044171461,2.0675459980314668,2.2229481996753115,134.8376787348891,139.70631305421875,116.82774606935143,167.08913074398424
test,WELD2025:418,Weld2025,4,0,5.0,2.3624201243407708,2.382669951580084,2.3803220875656446,2.3845221745825302,0.06344506748061451,2.31687702008503,2.447967242063145,230.36692450860957,241.36258671299078,207.4326043809391,280.5222037860168
test,WELD2025:418,Weld2025,4,0,6.0,2.1298112674227543,2.1486915688064365,2.1472568538734205,2.149815810232981,0.06390925465714714,2.0833475992162733,2.213725064890128,134.8376787348891,140.82882922391858,121.1567456038751,163.5780643850905
test,WELD2025:2173,Weld2025,2,0,5.0,2.5842942338491617,2.593272731356932,2.592580376360738,2.5939394504358915,0.07309786491601589,2.519482511444722,2.6670373153519074,383.9672946474269,391.9879632367895,330.7367933886381,464.5551889135045
test,WELD2025:2173,Weld2025,2,0,6.0,2.391945270258573,2.3887113963888016,2.3235420876477044,2.4125400437844777,0.07642239093833281,2.2471196967093716,2.4889624347228105,246.57285868171098,244.74362957797248,176.6524628734376,308.29212745123647
test,WELD2025:2173,Weld2025,3,0,5.0,2.5842942338491617,2.607455015182495,2.607455015182495,2.607455015182495,0.06362745716409468,2.5438275580184007,2.6710824723465896,383.9672946474269,404.9999925096211,349.80624456504626,468.9024180707352
test,WELD2025:2173,Weld2025,3,0,6.0,2.391945270258573,2.4200129710134397,2.417765277965639,2.422089683062091,0.07510453044171461,2.3426607475239245,2.4971942135038057,246.57285868171098,263.0346550920161,220.12063020431208,314.1913421822328
test,WELD2025:2173,Weld2025,4,0,5.0,2.5842942338491617,2.60666420123587,2.6032506657920624,2.607455015182495,0.06344506748061451,2.539805598311448,2.6709000826631097,383.9672946474269,404.26319240858584,346.5816766065233,468.70553551466435
test,WELD2025:2173,Weld2025,4,0,6.0,2.391945270258573,2.42216448187168,2.416165816822422,2.425324688117428,0.06390925465714714,2.352256562165275,2.4892339427745753,246.57285868171098,264.340971559061,225.03836413563207,308.4849228202962
test,FatigueData-AM2022:1141,AM2022,2,0,5.0,2.0036104969762984,1.9764914219202934,1.9746916748956922,1.9788976269883665,0.07309786491601589,1.9015938099796763,2.0519954919043824,100.83481294239631,94.73084733113096,79.72486820614007,112.71857556180534
test,FatigueData-AM2022:1141,AM2022,2,0,6.0,1.738700711974351,1.7908437115404077,1.7674471024843899,1.8120499632058134,0.07642239093833281,1.691024711546057,1.8884723541441462,54.78992576069336,61.77940361487739,49.093580982027696,77.352143720338
test,FatigueData-AM2022:1141,AM2022,3,0,5.0,2.0036104969762984,1.9894253466972365,1.9819989038893588,1.9946043422503232,0.06362745716409468,1.9183714467252642,2.058231799414418,100.83481294239631,97.59450073756037,82.86505953682574,114.34884950632805
test,FatigueData-AM2022:1141,AM2022,3,0,6.0,1.738700711974351,1.7371105627874939,1.7351472618149444,1.7391680262335683,0.07510453044171461,1.6600427313732298,1.8142725566752829,54.78992576069336,54.58968179381475,45.71331659334272,65.20374745787629
test,FatigueData-AM2022:1141,AM2022,4,0,5.0,2.0036104969762984,2.0100577425328625,2.009626406832409,2.010441089227402,0.06344506748061451,1.9461813393517944,2.0738861567080167,100.83481294239631,102.34290553898293,88.34487067944809,118.5457958755761
test,FatigueData-AM2022:1141,AM2022,4,0,6.0,1.738700711974351,1.787277287055343,1.7703142387514503,1.8038296496665318,0.06390925465714714,1.7064049840943032,1.867738904323679,54.78992576069336,61.27414882301776,50.86335275045267,73.74607391121603
test,WELD2025:3332,Weld2025,2,0,6.0,2.361173309602337,2.3685525407645374,2.3677990672236766,2.369603698861232,0.07642239093833281,2.291376676285344,2.446026089799565,229.70651322911132,233.6428745292672,195.60352467493644,279.27116055092233
test,WELD2025:3332,Weld2025,3,0,6.0,2.361173309602337,2.3614085678976533,2.359901594774353,2.3624475182489832,0.07510453044171461,2.2847970643326385,2.437552048690698,229.70651322911132,229.8309794715204,192.66244362234704,273.8747844047719
test,WELD2025:3332,Weld2025,4,0,6.0,2.361173309602337,2.3579349517822266,2.3579349517822266,2.3579349517822266,0.06390925465714714,2.2940256971250794,2.4218442064393737,229.70651322911132,228.0000550093268,196.80027326236794,264.1461021497291
test,WELD2025:3298,Weld2025,2,0,6.0,2.413810629545531,2.439976188137795,2.432647470125047,2.4440209727816056,0.07642239093833281,2.3562250791867143,2.5204433637199384,259.3048438619406,275.4077696315967,227.10415459689256,331.46934012480074
test,WELD2025:3298,Weld2025,2,0,7.0,2.342918029488399,2.3404440879821777,2.3404440879821777,2.3404440879821777,0.17283688789025264,2.167607200091925,2.5132809758724304,220.25107129655316,218.9999864564505,147.09814637381103,326.04757605881264
test,WELD2025:3298,Weld2025,3,0,6.0,2.413810629545531,2.441881261408488,2.441272879755082,2.4426696464291027,0.07510453044171461,2.366168349313367,2.5177741768708173,259.3048438619406,276.618525117023,232.36373533760812,329.4383672693012
test,WELD2025:3298,Weld2025,3,0,7.0,2.342918029488399,2.3404440879821777,2.3404440879821777,2.3404440879821777,0.10188500503614173,2.2385590829460362,2.4423290930183192,220.25107129655316,218.9999864564505,173.20446481574274,276.9039130656768
test,WELD2025:3298,Weld2025,4,0,6.0,2.413810629545531,2.4456195545377937,2.4455338470940133,2.445683164629495,0.06390925465714714,2.381624592436866,2.5095924192866423,259.3048438619406,279.0098621524956,240.78231875778323,323.2901102131647
test,WELD2025:3298,Weld2025,4,0,7.0,2.342918029488399,2.341555355814997,2.3415062960147193,2.341613646329911,0.11888132054548817,2.2226249754692313,2.460494966875399,220.25107129655316,219.56107870933732,166.96482071615304,288.73203172690734
test,WELD2025:3018,Weld2025,2,0,6.0,2.3842040134090814,2.3050936555698165,2.3031959533691406,2.3103241639166034,0.07642239093833281,2.226773562430808,2.3867465548549363,242.216661223636,201.8801671159595,168.56738997237755,243.63885781728226
test,WELD2025:3018,Weld2025,3,0,6.0,2.3842040134090814,2.32334131312751,2.322226260168756,2.3245205630606858,0.07510453044171461,2.2471217297270414,2.3996250935024004,242.216661223636,210.54324544046497,176.65328982020756,250.97189708863453
test,WELD2025:3018,Weld2025,4,0,6.0,2.3842040134090814,2.3092583613539457,2.305756692654702,2.313480989910498,0.06390925465714714,2.241847437997555,2.3773902445676454,242.216661223636,203.82542725361844,174.5208976013654,238.4461115385409
test,WELD2025:3365,Weld2025,2,0,7.0,2.9104835593332807,2.9050695598125458,2.904174327850342,2.9065616130828857,0.17283688789025264,2.731337439960089,3.0793985009731384,813.7360553758396,803.6548311725629,538.6881721644481,1200.6004477172894
test,WELD2025:3365,Weld2025,3,0,7.0,2.9104835593332807,2.905985732575645,2.9059339554741217,2.906037746544496,0.10188500503614173,2.8040489504379797,3.0079227515806375,813.7360553758396,805.3519833744284,636.8672997992488,1018.4102262375559
test,WELD2025:3365,Weld2025,4,0,7.0,2.9104835593332807,2.9060358754299784,2.90599311406563,2.90608286808809,0.11888132054548817,2.7871117935201415,3.024964188633578,813.7360553758396,805.4449732239793,612.5080396349662,1059.1663840736292
test,FatigueData-AM2022:728,AM2022,2,0,6.0,2.8154520560526173,2.648924304321654,2.6431868571586024,2.6567961714486388,0.07642239093833281,2.5667644662202695,2.7332185623869716,653.8107485708679,445.57857918055566,368.77754277858605,541.0265306415131
test,FatigueData-AM2022:728,AM2022,2,0,7.0,2.5839725289149342,2.484818458212417,2.4846216116914848,2.4850747203924346,0.17283688789025264,2.311784723801232,2.6579116082826872,383.68297504572877,305.36443759686273,205.01456865766968,454.89546610325107
test,FatigueData-AM2022:728,AM2022,3,0,6.0,2.8154520560526173,2.6302329776354068,2.6283858211559816,2.6327661322556684,0.07510453044171461,2.553281290714267,2.707870662697383,653.8107485708679,426.8084191300341,357.50431722652837,510.3529890436759
test,FatigueData-AM2022:728,AM2022,3,0,7.0,2.5839725289149342,2.4848248129486343,2.484621562147429,2.485030032637619,0.10188500503614173,2.3827365571112873,2.5869150376737604,383.68297504572877,305.3689058199903,241.39960610141742,386.2913983217959
test,FatigueData-AM2022:728,AM2022,4,0,6.0,2.8154520560526173,2.645953212322093,2.640093485039016,2.6542593022588057,0.06390925465714714,2.5761842303818687,2.718168556915953,653.8107485708679,442.54069373057354,376.86363294387263,522.5989790043269
test,FatigueData-AM2022:728,AM2022,4,0,7.0,2.5839725289149342,2.484732129039235,2.4845796696984874,2.4849011858902093,0.11888132054548817,2.365698349152999,2.6037825064356976,383.68297504572877,305.30374320496924,232.1124037554085,401.5896454156304
test,WELD2025:223,Weld2025,2,0,5.0,2.3872666973398973,2.4115168438091708,2.405263647919933,2.417689701605577,0.07309786491601589,2.332165783003917,2.490787566521593,243.93083214620205,257.93890022944805,214.86505208346125,309.59045789485003
test,WELD2025:223,Weld2025,2,0,6.0,2.106023002388897,2.112404419771058,2.110223115134018,2.1140315606803375,0.07642239093833281,2.033800724195685,2.1904539516186703,127.65064171293783,129.5401572078709,108.09378497006725,155.04363848181526
test,WELD2025:223,Weld2025,3,0,5.0,2.3872666973398973,2.411971072026936,2.409707797384965,2.414663656661504,0.06362745716409468,2.3460803402208708,2.4782911138255983,243.93083214620205,258.20881942851804,221.8606802345547,300.8091994224702
test,WELD2025:223,Weld2025,3,0,6.0,2.106023002388897,2.0970720013836663,2.0898219373456377,2.102857014053555,0.07510453044171461,2.014717406903923,2.1779615444952696,127.65064171293783,125.04663269863629,103.44688243029711,150.64736664486387
test,WELD2025:223,Weld2025,4,0,5.0,2.3872666973398973,2.397171121435052,2.393255116019492,2.400321117277265,0.06344506748061451,2.3298100485388775,2.46376618475788,243.93083214620205,249.5577844984053,213.702719338743,290.91504694296646
test,WELD2025:223,Weld2025,4,0,6.0,2.106023002388897,2.104626734640901,2.1016445901075893,2.1071770170551423,0.06390925465714714,2.037735335450442,2.1710862717122894,127.65064171293783,127.24090068678778,109.07754015353241,148.28126135900197
test,WELD2025:2139,Weld2025,2,0,6.0,2.7992978364853234,2.7310672967142464,2.73055196890817,2.7315929901866154,0.07642239093833281,2.654129577969837,2.808015381124948,629.9380423931096,538.353197332617,450.9512322208482,642.7104793725986
test,WELD2025:2139,Weld2025,3,0,6.0,2.7992978364853234,2.731149099033261,2.7307320046066828,2.7317967274424007,0.07510453044171461,2.655627474164968,2.8069012578841153,629.9380423931096,538.4546093688404,452.5092634113288,641.0638063857834
test,WELD2025:2139,Weld2025,4,0,6.0,2.7992978364853234,2.7304648559122313,2.7303031858499107,2.7306207735109638,0.06390925465714714,2.6663939311927636,2.794530028168111,629.9380423931096,537.6069269984234,463.8674846519884,623.060225826773
test,FatigueData-AM2022:120,AM2022,2,0,6.0,2.35266617074639,2.305177600870653,2.3043453535401732,2.305980621745623,0.07642239093833281,2.2279229626018404,2.3824030126839557,225.25071112969272,201.91919254689557,169.01410990940582,241.21427889753915
test,FatigueData-AM2022:120,AM2022,3,0,6.0,2.35266617074639,2.2770283694928413,2.2735073134792634,2.2804902563418508,0.07510453044171461,2.1984027830375488,2.3555947867835654,225.25071112969272,189.2467236568871,157.90750916946476,226.7747969641966
test,FatigueData-AM2022:120,AM2022,4,0,6.0,2.35266617074639,2.33316017147132,2.322597287963887,2.348268925268042,0.06390925465714714,2.25868803330674,2.4121781799251893,225.25071112969272,215.35758452306484,181.42119919548614,258.3319843346588
test,WELD2025:331,Weld2025,2,0,5.0,2.420610441042273,2.4618715577639616,2.4588999588198237,2.4651974103073093,0.07309786491601589,2.385802093903808,2.538295275223325,263.3967676225771,289.64868274161597,243.10959168387083,345.3784810876956
test,WELD2025:331,Weld2025,3,0,5.0,2.420610441042273,2.4983105659484863,2.4983105659484863,2.4983105659484863,0.06362745716409468,2.434683108784392,2.561938023112581,263.3967676225771,315.00000881901394,272.071536199641,364.70189767726896
test,WELD2025:331,Weld2025,4,0,5.0,2.420610441042273,2.463134888610345,2.461429254245798,2.464904392303015,0.06344506748061451,2.3979841867651834,2.52834945978363,263.3967676225771,290.49247622173175,250.0254322481894,337.55881978683885
test,FatigueData-AM2022:392,AM2022,2,0,5.0,2.7585301519254695,2.776489693702778,2.775945021768163,2.7769082405784475,0.07309786491601589,2.702847156852147,2.8500061054944634,573.495681463054,597.7088602159128,504.4837211653265,707.9557370536513
test,FatigueData-AM2022:392,AM2022,2,0,6.0,2.72285855715497,2.735204331576824,2.722135305404663,2.7403182983398438,0.07642239093833281,2.6457129144663303,2.8167406892781766,528.2731735363603,543.5059859355823,442.2959009231228,655.7536087429821
test,FatigueData-AM2022:392,AM2022,3,0,5.0,2.7585301519254695,2.774976819433572,2.7741609391301076,2.775854593606366,0.06362745716409468,2.7105334819660127,2.839482050770461,573.495681463054,595.630350775541,513.4917636634532,691.0063697783027
test,FatigueData-AM2022:392,AM2022,3,0,6.0,2.72285855715497,2.7005819279995165,2.6987571716308594,2.7020283742283775,0.07510453044171461,2.6236526411891448,2.777132904670092,528.2731735363603,501.8592439418205,420.3902559950317,598.5947515808214
test,FatigueData-AM2022:392,AM2022,4,0,5.0,2.7585301519254695,2.7747924959426777,2.774671918838148,2.7749159902368468,0.06344506748061451,2.7112268513575333,2.8383610577174614,573.495681463054,595.377606669581,514.3122296234736,689.2250565842353
test,FatigueData-AM2022:392,AM2022,4,0,6.0,2.72285855715497,2.7043386827743214,2.7035306845186025,2.704908686743014,0.06390925465714714,2.6396214298614553,2.7688179414001612,528.2731735363603,506.21928114670516,436.1354915664963,587.2431254236297
test,FatigueData-AM2022:363,AM2022,2,0,5.0,2.2175757567822867,2.3274071122558144,2.323818569691377,2.330789338720127,0.07309786491601589,2.250720704775361,2.4038872036361427,165.03488571886447,212.52357470695824,178.12328863414422,253.44702842093784
test,FatigueData-AM2022:363,AM2022,3,0,5.0,2.2175757567822867,2.3318959910862684,2.3275414891752644,2.3355262276190865,0.06362745716409468,2.2639140320111695,2.3991536847831814,165.03488571886447,214.73161531438527,183.61748391156502,250.69962525874388
test,FatigueData-AM2022:363,AM2022,4,0,5.0,2.2175757567822867,2.285917628235228,2.283118883659146,2.2891893724822197,0.06344506748061451,2.219673816178531,2.3526344399628343,165.03488571886447,193.16019192027844,165.83409160986645,225.23425427665669
test,WELD2025:1274,Weld2025,2,0,5.0,1.7641137609611581,1.8216498130662868,1.8210110012344556,1.822604301091512,0.07309786491601589,1.7479131363184397,1.895702166007528,58.091656537251005,66.32080867087218,55.964565500288245,78.65062280831299
test,WELD2025:1274,Weld2025,2,0,6.0,1.5696590636363186,1.5914795775531643,1.5845836062770686,1.598912468284556,0.07642239093833281,1.5081612153387358,1.6753348592228887,37.124367539770766,39.037282501971525,32.22264712743176,47.35162190675043
test,WELD2025:1274,Weld2025,3,0,5.0,1.7641137609611581,1.7875905076435137,1.786151691740935,1.7891031976651928,0.06362745716409468,1.7225242345768403,1.8527306548292874,58.091656537251005,61.31835672414062,52.7866662067782,71.24110627471293
test,WELD2025:1274,Weld2025,3,0,6.0,1.5696590636363186,1.570358344109107,1.570220951524436,1.5704948974146167,0.07510453044171461,1.4951164210827215,1.6455994278563313,37.124367539770766,37.18419159384231,31.269174858312493,44.2180338541314
test,WELD2025:1274,Weld2025,4,0,5.0,1.7641137609611581,1.7778207646751638,1.7776543922615642,1.7779671641590633,0.06344506748061451,1.7142093247809496,1.8414122316396777,58.091656537251005,59.954359079973784,51.78563724274484,69.40843171812791
test,WELD2025:1274,Weld2025,4,0,6.0,1.5696590636363186,1.5683179000104759,1.5682017803192139,1.569213805034725,0.06390925465714714,1.5042925256620667,1.6331230596918722,37.124367539770766,37.0098990087962,31.93688288173504,42.9658155481516
test,WELD2025:2305,Weld2025,2,0,6.0,2.4128675388251963,2.39031754900323,2.3887678183821484,2.3918476619159366,0.07642239093833281,2.3123454274438155,2.4682700528542694,258.7423622496396,245.6504414929541,205.27942731429815,293.9476908371081
test,WELD2025:2305,Weld2025,3,0,6.0,2.4128675388251963,2.426472602304753,2.4223594176085914,2.4291815465015296,0.07510453044171461,2.347254887166877,2.5042860769432442,258.7423622496396,266.9762338459106,222.461513285735,319.36408663301927
test,WELD2025:2305,Weld2025,4,0,6.0,2.4128675388251963,2.412327213863972,2.410982115041318,2.413897972099802,0.06390925465714714,2.347072860384171,2.477807226756949,258.7423622496396,258.4206496100267,222.36829204933264,300.47422712058585
test,WELD2025:4723,Weld2025,2,0,6.0,1.988182820987284,1.9644234919270656,1.9597076660487605,1.9684103069860164,0.07642239093833281,1.8832852751104276,2.044832697924349,97.31567985057312,92.13475640014966,76.43376893797917,110.87476131716733
test,WELD2025:4723,Weld2025,3,0,6.0,1.988182820987284,1.985603680604719,1.9829331291401564,1.9886763170976627,0.07510453044171461,1.9078285986984418,2.0637808475393773,97.31567985057312,96.73946485124948,80.87766394746144,115.81927646929307
test,WELD2025:4723,Weld2025,4,0,6.0,1.988182820987284,1.933380955518073,1.9308384392256441,1.9360345428402455,0.06390925465714714,1.866929184568497,1.9999437974973926,97.31567985057312,85.77899536474236,73.60870624144543,99.98705973285553
test,WELD2025:310,Weld2025,2,0,5.0,1.757804915054557,1.877336814135659,1.8723583751846955,1.8814586579253851,0.07309786491601589,1.7992605102686796,1.954556522841401,57.25387889686977,75.39400501422246,62.988390356701586,90.06509736332258
test,WELD2025:310,Weld2025,2,0,6.0,1.5248331916156521,1.519348793163826,1.5188360214233398,1.521037473349945,0.07642239093833281,1.442413630485007,1.5974598642882778,33.483680681990236,33.06349759594318,27.695781896308542,39.57854862769682
test,WELD2025:310,Weld2025,3,0,5.0,1.757804915054557,1.7799738090409734,1.7736696129455725,1.7863097786772417,0.06362745716409468,1.7100421557814778,1.8499372358413364,57.25387889686977,60.252324866224,51.29111684640385,70.78434795822743
test,WELD2025:310,Weld2025,3,0,6.0,1.5248331916156521,1.5188360214233398,1.5188360214233398,1.5188360214233398,0.07510453044171461,1.4437314909816252,1.5939405518650545,33.483680681990236,33.02448254270604,27.779951998817236,39.259119211578565
test,WELD2025:310,Weld2025,4,0,5.0,1.757804915054557,1.8440267226637403,1.8423112622403282,1.8456543610311693,0.06344506748061451,1.7788661947597135,1.9090994285117837,57.25387889686977,69.82753684816943,60.098854561625714,81.11467426490348
test,WELD2025:310,Weld2025,4,0,6.0,1.5248331916156521,1.513391058834074,1.5122634135545951,1.5143322782177742,0.06390925465714714,1.448354158897448,1.5782415328749213,33.483680681990236,32.6130231569289,28.07722348847382,37.86531140970781
test,WELD2025:2744,Weld2025,2,0,5.0,2.6557185285575855,2.6713814603019235,2.6672441554302253,2.6757243500234145,0.07309786491601589,2.5941462905142094,2.7488222149394304,452.60414667019694,469.22534283916525,392.77721869410993,560.8183495023602
test,WELD2025:2744,Weld2025,2,0,6.0,2.502484998314072,2.5180002760696736,2.5176759093271297,2.51831008891228,0.07642239093833281,2.441253518388797,2.5947324798506126,318.042382613831,329.60992170182055,276.21898075326436,393.3077280172915
test,WELD2025:2744,Weld2025,3,0,5.0,2.6557185285575855,2.656998798440523,2.655055373295133,2.6590474231486803,0.06362745716409468,2.591427916131038,2.722674880312775,452.60414667019694,453.94036073487433,390.3263910522253,528.0497973793649
test,WELD2025:2744,Weld2025,3,0,6.0,2.502484998314072,2.518319851594587,2.5158141955829882,2.5200575433769052,0.07510453044171461,2.4407096651412736,2.59516207381862,318.042382613831,329.8525543695417,275.8732969471911,393.69697132816975
test,WELD2025:2744,Weld2025,4,0,5.0,2.6557185285575855,2.6491317137542287,2.647291116861803,2.6509321416150464,0.06344506748061451,2.5838460493811883,2.714377209095661,452.60414667019694,445.791428470255,383.5712513649329,518.0565977862616
test,WELD2025:2744,Weld2025,4,0,6.0,2.502484998314072,2.50374877434428,2.5035821923876953,2.503856754389945,0.06390925465714714,2.439672937730548,2.567766009047092,318.042382613831,318.9692185027542,275.21553056318,369.6289759133976
test,WELD2025:1363,Weld2025,2,0,6.0,2.43860381336867,2.3177258186163963,2.316461752217429,2.31945104803297,0.07642239093833281,2.2400393612790963,2.395873438971303,274.53885202920895,207.83841349500693,173.79583374585806,248.81321272820037
test,WELD2025:1363,Weld2025,3,0,6.0,2.43860381336867,2.3522371636385184,2.3515292588549683,2.3531121774881205,0.07510453044171461,2.2764247284132537,2.428216707929835,274.53885202920895,225.02831262584584,188.98386574126323,268.05055324632707
test,WELD2025:1363,Weld2025,4,0,6.0,2.43860381336867,2.3420525770177982,2.339610332370284,2.344349055870387,0.06390925465714714,2.275701077713137,2.4082583105275344,274.53885202920895,219.81259685276538,188.6692303089532,256.0108140319603
test,WELD2025:3595,Weld2025,2,0,5.0,2.347408396860229,2.3703237375135093,2.3647905406389236,2.3750805912879023,0.07309786491601589,2.2916926757229077,2.448178456203918,222.54016046249353,234.59769327145423,195.74590064100082,280.6586657234517
test,WELD2025:3595,Weld2025,2,0,6.0,2.1984459707810937,2.200043979277571,2.197463496072931,2.2024304774587096,0.07642239093833281,2.1210411051345983,2.2788528683970424,157.92321281846557,158.50536964276637,132.14206981869168,190.04343359373732
test,WELD2025:3595,Weld2025,3,0,5.0,2.347408396860229,2.3276743828236133,2.3252715018124412,2.329941165315595,0.06362745716409468,2.261644044648347,2.3935686224796893,222.54016046249353,212.6544047786508,182.66024871048384,247.49624970330572
test,WELD2025:3595,Weld2025,3,0,6.0,2.1984459707810937,2.1826049228129203,2.177088619005078,2.1864558180376408,0.07510453044171461,2.1019840885633636,2.2615603484793554,157.92321281846557,152.26669551979566,126.46900116219618,182.6250502664642
test,WELD2025:3595,Weld2025,4,0,5.0,2.347408396860229,2.3414976059646087,2.3406230210825067,2.342420282250157,0.06344506748061451,2.277177953601892,2.405865349730772,222.54016046249353,219.53188474767592,189.31191715900343,254.60407463004506
test,WELD2025:3595,Weld2025,4,0,6.0,2.1984459707810937,2.1985093355424814,2.195427548894961,2.200937189439132,0.06390925465714714,2.131518294237814,2.264846444096279,157.92321281846557,157.94625593127898,135.36871122395434,184.01212645731042
test,WELD2025:3331,Weld2025,2,0,5.0,2.4050856735581454,2.4229946705163705,2.4190322000339792,2.4292660113294473,0.07309786491601589,2.3459343351179633,2.502363876245463,254.14740143516389,264.84676374994746,221.78610561213705,317.9536949108468
test,WELD2025:3331,Weld2025,2,0,6.0,2.3815632459580294,2.3807297691371723,2.379042148590088,2.383335828781128,0.07642239093833281,2.302619757651755,2.4597582197194607,240.7483093359883,240.286719976002,200.73345405900707,288.24263529114444
test,WELD2025:3331,Weld2025,2,0,7.0,2.3751968212525476,2.378907933831215,2.3747482299804688,2.383335828781128,0.17283688789025264,2.201911342090216,2.5561727166713806,237.2448650291264,239.28084507225032,159.18837229445583,359.8924340604101
test,WELD2025:3331,Weld2025,3,0,5.0,2.4050856735581454,2.4690589537593874,2.4670314684952586,2.4710929488759454,0.06362745716409468,2.4034040113311637,2.53472040604004,254.14740143516389,294.4821354527486,253.16520224490424,342.5471874728122
test,WELD2025:3331,Weld2025,3,0,6.0,2.3815632459580294,2.3747482299804688,2.3747482299804688,2.3747482299804688,0.07510453044171461,2.299643699538754,2.4498527604221834,240.7483093359883,236.99993668116682,199.36260488598273,281.74275721869014
test,WELD2025:3331,Weld2025,3,0,7.0,2.3751968212525476,2.3747482299804688,2.3747482299804688,2.3747482299804688,0.10188500503614173,2.2728632249443272,2.4766332350166103,237.2448650291264,236.99993668116682,187.44040973897205,299.66307726865045
test,WELD2025:3331,Weld2025,4,0,5.0,2.4050856735581454,2.4442069921139264,2.4423190274389426,2.4476784166881798,0.06344506748061451,2.378873959958328,2.5111234841687944,254.14740143516389,278.10384420104003,239.26212740625743,324.43185085482446
test,WELD2025:3331,Weld2025,4,0,6.0,2.3815632459580294,2.3783413819104986,2.3762985757599373,2.3804205582424856,0.06390925465714714,2.31238932110279,2.4443298128996327,240.7483093359883,238.96889858925542,205.30017572558748,278.1825045672489
test,WELD2025:3331,Weld2025,4,0,7.0,2.3751968212525476,2.3747482299804688,2.3747482299804688,2.3747482299804688,0.11888132054548817,2.255866909434981,2.4936295505259567,237.2448650291264,236.99993668116682,180.24652864887253,311.6230332307619
test,FatigueData-AM2022:879,AM2022,2,0,5.0,2.2079605365963655,2.2081178786319455,2.205277959570624,2.211287055724615,0.07309786491601589,2.132180094654608,2.284384920640631,161.42118702081362,161.47967945069993,135.57515032607847,192.4796944769568
test,FatigueData-AM2022:879,AM2022,3,0,5.0,2.2079605365963655,2.200086853351298,2.1988370282195207,2.2016697240090557,0.06362745716409468,2.1352095710554257,2.2652971811731506,161.42118702081362,158.52101825595796,136.52417821647813,184.2032045091359
test,FatigueData-AM2022:879,AM2022,4,0,5.0,2.2079605365963655,2.2055374180583405,2.203590122834268,2.2069242786641725,0.06344506748061451,2.140145055353653,2.270369346144787,161.42118702081362,160.52305560160232,138.08453931199222,186.36714239784806
test,FatigueData-AM2022:788,AM2022,2,0,5.0,1.68591817096057,1.657560007678265,1.656384707174021,1.6601081178370811,0.07309786491601589,1.583286842258005,1.733205982753097,48.51970715288015,45.45273361789523,38.30776744270315,54.10108596685041
test,FatigueData-AM2022:788,AM2022,2,0,6.0,1.5584397191652701,1.5563498606157808,1.556031966646676,1.5566257863754864,0.07642239093833281,1.4796095757083432,1.6330481773138192,36.17759721087356,36.00392601698366,30.172380485979367,42.95840788994321
test,FatigueData-AM2022:788,AM2022,3,0,5.0,1.68591817096057,1.6952316761016846,1.6952316761016846,1.6952316761016846,0.06362745716409468,1.63160421893759,1.7588591332657793,48.51970715288015,49.571456116866464,42.81581536436721,57.393027334275445
test,FatigueData-AM2022:788,AM2022,3,0,6.0,1.5584397191652701,1.5510960255245125,1.5491876153486677,1.5526313883880911,0.07510453044171461,1.474083084906953,1.6277359188298057,36.17759721087356,35.570995981580324,29.79086304120092,42.43614442826285
test,FatigueData-AM2022:788,AM2022,4,0,5.0,1.68591817096057,1.6766181499668562,1.674976905079146,1.6783104573434784,0.06344506748061451,1.6115318375985317,1.741755524824093,48.51970715288015,47.491747483493846,40.8819721087513,55.17667486018227
test,FatigueData-AM2022:788,AM2022,4,0,6.0,1.5584397191652701,1.5500889259272643,1.5485070614739889,1.551956767596974,0.06390925465714714,1.4845978068168417,1.6158660222541212,36.17759721087356,35.4886048089435,30.52093309159816,41.292009848745245
test,FatigueData-AM2022:673,AM2022,2,0,5.0,2.723064604696861,2.7405238151550293,2.7405238151550293,2.7405238151550293,0.07309786491601589,2.6674259502390134,2.813621680071045,528.5238679818015,550.2040909066309,464.9710891045798,651.0609987243837
test,FatigueData-AM2022:673,AM2022,2,0,6.0,2.6403951432266117,2.6062726974487305,2.6062726974487305,2.6062726974487305,0.07642239093833281,2.5298503065103977,2.6826950883870633,436.9131772993574,403.8989251643427,338.72738278455614,481.60954809098246
test,FatigueData-AM2022:673,AM2022,3,0,5.0,2.723064604696861,2.723478636267256,2.7204679170046813,2.7254884563119424,0.06362745716409468,2.656840459840587,2.789115913476037,528.5238679818015,529.0279727246248,453.7748896475327,615.3410857254424
test,FatigueData-AM2022:673,AM2022,3,0,6.0,2.6403951432266117,2.60920949280262,2.6062726974487305,2.610747814178467,0.07510453044171461,2.531168167007016,2.6858523446201814,436.9131772993574,406.6394345622764,339.7568073604075,485.1235354178237
test,FatigueData-AM2022:673,AM2022,4,0,5.0,2.723064604696861,2.729648512782112,2.7288900733495063,2.7303510761985947,0.06344506748061451,2.6654450058688917,2.7937961436792094,528.5238679818015,536.5973366751105,462.85504934887194,622.0082481235168
test,FatigueData-AM2022:673,AM2022,4,0,6.0,2.6403951432266117,2.6293472051620483,2.6221591234207153,2.6351367235183716,0.06390925465714714,2.558249868763568,2.6990459781755187,436.9131772993574,425.9388021018032,361.6178574967903,500.08747576626234
test,WELD2025:4377,Weld2025,2,0,6.0,2.186147563112861,2.1263557595599654,2.1258549185507323,2.1308975081896024,0.07642239093833281,2.0494325276123995,2.2073198991279352,153.51384983711478,133.7690859603795,112.05533224243213,161.18324656937443
test,WELD2025:4377,Weld2025,3,0,6.0,2.186147563112861,2.172560143259967,2.1704982702795776,2.174547112558258,0.07510453044171461,2.095393739837863,2.2496516429999724,153.51384983711478,148.78534051529647,124.56434245875569,177.68535855692912
test,WELD2025:4377,Weld2025,4,0,6.0,2.186147563112861,2.1375696983264936,2.1354520461562823,2.1402179653665816,0.06390925465714714,2.071542791499135,2.2041272200237287,153.51384983711478,137.26812399023584,117.90786934034418,160.00266636705186
test,WELD2025:3663,Weld2025,2,0,6.0,1.1528118227057462,1.1552480628284416,1.154030225625212,1.1563490986832794,0.07642239093833281,1.0776078346868792,1.2327714896216122,14.217126337600037,14.297103555433111,11.95660369546345,17.091158022482972
test,WELD2025:3663,Weld2025,3,0,6.0,1.1528118227057462,1.1813914122985412,1.1769761803375776,1.187691089755491,0.07510453044171461,1.101871649895863,1.2627956201972057,14.217126337600037,15.184182407736238,12.643626262660524,18.314523346120307
test,WELD2025:3663,Weld2025,4,0,6.0,1.1528118227057462,1.1623359700792766,1.161045202340026,1.1635619057818105,0.06390925465714714,1.0971359476828788,1.2274711604389577,14.217126337600037,14.532354053188852,12.506504614491456,16.883837377245634
test,FatigueData-AM2022:118,AM2022,2,0,6.0,2.1756544961620063,2.144157323257631,2.1435884151583062,2.1448328390498834,0.07642239093833281,2.0671660242199734,2.2212552299882162,149.84922327033746,139.36615656784866,116.7255756022383,166.43905066076854
test,FatigueData-AM2022:118,AM2022,3,0,6.0,2.1756544961620063,2.143045874837039,2.1425305288904837,2.1435712361943478,0.07510453044171461,2.067425998448769,2.2186757666360624,149.84922327033746,139.00994606595822,116.79546994172416,165.453426848415
test,FatigueData-AM2022:118,AM2022,4,0,6.0,2.1756544961620063,2.1713112807554524,2.1704490965434897,2.172103614765434,0.06390925465714714,2.1065398418863426,2.236012869422581,149.84922327033746,148.35810615157507,127.8026449483209,172.1919599771198
test,WELD2025:5498,Weld2025,2,0,5.0,2.336180180378633,2.3767684977863723,2.3743933510825803,2.378792959711727,0.07309786491601589,2.3012954861665644,2.451890824627743,216.86036299010178,238.10499039208605,200.12230027287072,283.06803141240596
test,WELD2025:5498,Weld2025,3,0,5.0,2.336180180378633,2.3488432350216693,2.346125678029725,2.3508713692397225,0.06362745716409468,2.28249822086563,2.4144988264038174,216.86036299010178,223.2766127592974,191.64532117612126,259.71607230719246
test,WELD2025:5498,Weld2025,4,0,5.0,2.336180180378633,2.3745418041858373,2.373113243414847,2.3759607929650546,0.06344506748061451,2.3096681759342323,2.439405860445669,216.86036299010178,236.88731430788596,204.01785441751645,275.0463338013063
test,WELD2025:3042,Weld2025,2,0,6.0,2.5113814407835395,2.5106292168168425,2.5106249003278505,2.510633186005815,0.07642239093833281,2.4342025093895177,2.587055576944148,324.6246099266708,324.06282738557985,271.7706226528776,386.4164238484005
test,WELD2025:3042,Weld2025,3,0,6.0,2.5113814407835395,2.510598349396843,2.5105967761509698,2.5106004209603086,0.07510453044171461,2.435492245709255,2.585704951402023,324.6246099266708,324.0397954836238,272.5789069763867,385.2165624365284
test,WELD2025:3042,Weld2025,4,0,6.0,2.5113814407835395,2.5105935773593737,2.5105920588087622,2.5105947780235174,0.06390925465714714,2.446682804151615,2.5745040326806645,324.6246099266708,324.0362349466737,279.69377728025734,375.4084403449031
test,WELD2025:2738,Weld2025,2,0,5.0,2.560289221085222,2.5387441467704566,2.5365249125232725,2.540540659774235,0.07309786491601589,2.4634270476072566,2.6136385246902507,363.31992936702244,345.73563671436426,290.6879623430475,410.8076521958182
test,WELD2025:2738,Weld2025,3,0,5.0,2.560289221085222,2.5427198569190512,2.5388089759976444,2.5474675641088504,0.06362745716409468,2.4751815188335495,2.611095021272945,363.31992936702244,348.9151739941073,298.66306578792364,408.4087341699135
test,WELD2025:2738,Weld2025,4,0,5.0,2.560289221085222,2.5519283931369467,2.5482690975186686,2.555598536831253,0.06344506748061451,2.484824030038054,2.6190436043118677,363.31992936702244,356.3923662891128,305.36835532639265,415.95237111309757
test,WELD2025:136,Weld2025,2,0,6.0,2.4133021116303537,2.445654195179791,2.4384188621642346,2.451892820441355,0.07642239093833281,2.361996471225902,2.5283152113796876,259.0014000105597,279.03211771092344,230.14231175732164,337.5322009936825
test,WELD2025:136,Weld2025,3,0,6.0,2.4133021116303537,2.4543027421869255,2.450577125181898,2.456829813308481,0.07510453044171461,2.3754725947401836,2.5319343437501955,259.0014000105597,284.6444643106937,237.39556144231736,340.3567309863866
test,WELD2025:136,Weld2025,4,0,6.0,2.4133021116303537,2.4254853998840207,2.424047228958539,2.426809266892553,0.06390925465714714,2.360137974301392,2.4907185215497,259.0014000105597,266.3700546951702,229.15955714762154,309.54124252078435
test,WELD2025:5545,Weld2025,2,0,5.0,2.4800471121153307,2.264779763112485,2.2590374258511705,2.2700637640287025,0.07309786491601589,2.1859395609351546,2.3431616289447184,302.02793414909206,183.9838756546553,153.44034310144662,220.37464664345376
test,WELD2025:5545,Weld2025,2,0,6.0,2.135852263828658,2.0149897607894207,2.0131286882360113,2.0168241938330937,0.07642239093833281,1.9367062972976785,2.0932465847714266,136.7263637425061,103.51177617787019,86.43831599462702,123.95001531702108
test,WELD2025:5545,Weld2025,3,0,5.0,2.4800471121153307,2.424544959018276,2.4172159900242014,2.4291700404142516,0.06362745716409468,2.3535885328601065,2.492797497578346,302.02793414909206,265.793869034932,225.72961084405503,311.02657471616067
test,WELD2025:5545,Weld2025,3,0,6.0,2.135852263828658,1.9283755511336764,1.9235429805263284,1.9339476943187262,0.07510453044171461,1.8484384500846138,2.009052224760441,136.7263637425061,84.79603611128096,70.54048642251713,102.10622610583668
test,WELD2025:5545,Weld2025,4,0,5.0,2.4800471121153307,2.4181959077548134,2.4099275585579933,2.426890680830581,0.06344506748061451,2.3464824910773787,2.4903357483111956,302.02793414909206,261.9364322008995,222.06621539098123,309.2685429814721
test,WELD2025:5545,Weld2025,4,0,6.0,2.135852263828658,1.9225836256864732,1.9220620352871283,1.9230376529023296,0.06390925465714714,1.8581527806299811,1.9869469075594768,136.7263637425061,83.6726696370713,72.13612024983291,97.0391329787682
test,FatigueData-AM2022:729,AM2022,2,0,6.0,2.8251367234821534,2.6697458577382687,2.6658749455299873,2.673924460667112,0.07642239093833281,2.5894525545916545,2.750346851605445,668.5543570209835,467.4615101506293,388.5550471274224,562.7906214830248
test,FatigueData-AM2022:729,AM2022,2,0,7.0,2.6619932329083613,2.488511040367439,2.488239553156989,2.488758192799149,0.17283688789025264,2.3154026652667365,2.6615950806894015,459.19085775902846,307.97186312217855,206.72960045014048,458.7700739688624
test,FatigueData-AM2022:729,AM2022,3,0,6.0,2.8251367234821534,2.6744115242578044,2.6690097660662357,2.682056356099772,0.07510453044171461,2.593905235624521,2.7571608865414867,668.5543570209835,472.51056585775933,392.5592684284495,571.6903829816491
test,FatigueData-AM2022:729,AM2022,3,0,7.0,2.6619932329083613,2.488256862203957,2.487955674100394,2.4885783969093738,0.10188500503614173,2.386070669064252,2.5904634019455157,459.19085775902846,307.79167013553365,243.2599813242945,389.4604864331001
test,FatigueData-AM2022:729,AM2022,4,0,6.0,2.8251367234821534,2.710528869817556,2.7086880424959165,2.71246340343588,0.06390925465714714,2.6447787878387694,2.776372658093027,668.5543570209835,513.4863104795685,441.3455863800294,597.5478086736586
test,FatigueData-AM2022:729,AM2022,4,0,7.0,2.6619932329083613,2.49665000003796,2.495441134648329,2.4976329235764188,0.11888132054548817,2.3765598141028406,2.616514244121907,459.19085775902846,313.7978762753304,237.99060558533608,413.5368774328925
test,WELD2025:3261,Weld2025,2,0,6.0,2.416438749015504,2.2925151269356547,2.291968789441012,2.2931693429205753,0.07642239093833281,2.215546398502679,2.369591733858908,260.87877651094425,196.1169483891594,164.26551458277925,234.20261174312864
test,WELD2025:3261,Weld2025,3,0,6.0,2.416438749015504,2.2840883668903027,2.28211183595313,2.2859908156941025,0.07510453044171461,2.207007305511415,2.361095346135817,260.87877651094425,192.34830645888388,161.06727289810487,229.66528058759314
test,WELD2025:3261,Weld2025,4,0,6.0,2.416438749015504,2.285229089033847,2.2824326727571185,2.287341111514847,0.06390925465714714,2.2185234180999713,2.3512503661719943,260.87877651094425,192.8541945006122,165.3953967150369,224.5175870898861
test,FatigueData-AM2022:84,AM2022,2,0,5.0,2.476468360489551,2.35326436277062,2.3493085023419176,2.358051033507626,0.07309786491601589,2.2762106374259017,2.431148898423642,299.54933548042834,225.5611825354098,188.89072670044666,269.8664514464888
test,FatigueData-AM2022:84,AM2022,2,0,6.0,2.1720878832800055,2.042743834597905,2.0400218665778334,2.0451725272086905,0.07642239093833281,1.9635994756395005,2.1215949181470233,148.62363647630144,110.34275792829663,91.96010863456935,132.31068508217285
test,FatigueData-AM2022:84,AM2022,3,0,5.0,2.476468360489551,2.411733394086051,2.408741507791077,2.415647912569966,0.06362745716409468,2.3451140506269823,2.4792753697340606,299.54933548042834,258.06754719758055,221.3675969545149,301.4917063344004
test,FatigueData-AM2022:84,AM2022,3,0,6.0,2.1720878832800055,2.043379774700107,2.0397216636484257,2.046458943326322,0.07510453044171461,1.964617133206711,2.1215634737680364,148.62363647630144,110.50445186861398,92.17584619271462,132.30110569102635
test,FatigueData-AM2022:84,AM2022,4,0,5.0,2.476468360489551,2.4071770099082492,2.4023059183411393,2.4131382157415096,0.06344506748061451,2.3388608508605246,2.476583283222124,299.54933548042834,255.37419456765508,218.20306712363814,299.6286125257856
test,FatigueData-AM2022:84,AM2022,4,0,6.0,2.1720878832800055,2.030001857727921,2.024208818412988,2.035496005932078,0.06390925465714714,1.9602995637558407,2.0994052605892253,148.62363647630144,107.15238887533353,91.26401350298013,125.72025712993064
test,WELD2025:739,Weld2025,2,0,5.0,2.5022350752427753,2.5028854040439534,2.4998923771218875,2.5072143830229647,0.07309786491601589,2.4267945122058716,2.5803122479389806,317.85941169005486,318.33574281107,267.1741966471374,380.4628422120339
test,WELD2025:739,Weld2025,2,0,6.0,2.1688930163798847,2.0985509877124824,2.0942136400214464,2.1021064472850197,0.07642239093833281,2.0177912490831136,2.1785288382233525,147.53430541395477,125.4732039202523,104.1816542452197,150.8442771530601
test,WELD2025:739,Weld2025,3,0,5.0,2.5022350752427753,2.4822394598100437,2.478934892614884,2.4851286689857637,0.06362745716409468,2.4153074354507895,2.5487561261498586,317.85941169005486,303.55644620274614,260.20008581091975,353.7986131152912
test,WELD2025:739,Weld2025,3,0,6.0,2.1688930163798847,2.100935720564876,2.098147443637061,2.1037731417289907,0.07510453044171461,2.0230429131953462,2.1788776721707053,147.53430541395477,126.1640786744783,105.44910868617278,150.96548694282933
test,WELD2025:739,Weld2025,4,0,5.0,2.5022350752427753,2.491308353236506,2.489776356128457,2.492323264642171,0.06344506748061451,2.4263312886478423,2.5557683321227858,317.85941169005486,309.96192774585563,266.88937745662855,359.55748344368635
test,WELD2025:739,Weld2025,4,0,6.0,2.1688930163798847,2.0942576453327746,2.0915714716973026,2.0964037825364876,0.06390925465714714,2.0276622170401555,2.1603130371936348,147.53430541395477,124.23891367399698,106.57668730157825,144.64820117569624
test,FatigueData-AM2022:1401,AM2022,2,0,5.0,1.5100488594756838,1.5820875924297184,1.5799909083167822,1.5848520981512964,0.07309786491601589,1.5068930434007664,1.6579499630673122,32.36300642672208,38.20213125758206,32.12869186470949,45.493564204104146
test,FatigueData-AM2022:1401,AM2022,2,0,6.0,1.2609650861686388,1.3508937701517911,1.346615964507563,1.3557278278951304,0.07642239093833281,1.2701935735692302,1.4321502188334632,18.237490814666398,22.433331300592258,18.62917290418507,27.0489380249063
test,FatigueData-AM2022:1401,AM2022,3,0,5.0,1.5100488594756838,1.565066687708101,1.5561968757243867,1.5711160540093236,0.06362745716409468,1.492569418560292,1.6347435111734183,32.36300642672208,36.73387025397414,31.086327535479153,43.12643023610021
test,FatigueData-AM2022:1401,AM2022,3,0,6.0,1.2609650861686388,1.319518805049679,1.3140647797199252,1.3236140199069526,0.07510453044171461,1.2389602492782106,1.3987185503486672,18.237490814666398,20.869824887735547,17.33645310943188,25.044856655791065
test,FatigueData-AM2022:1401,AM2022,4,0,5.0,1.5100488594756838,1.5572921945042564,1.5521417780047386,1.5643708592979935,0.06344506748061451,1.488696710524124,1.627815926778608,32.36300642672208,36.08213229384458,30.810355581295358,42.44396295181009
test,FatigueData-AM2022:1401,AM2022,4,0,6.0,1.2609650861686388,1.315269316499138,1.3100205609357771,1.321001871951265,0.06390925465714714,1.24611130627863,1.3849111266084122,18.237490814666398,20.666613451440796,17.624276849632665,24.261135679253414
test,WELD2025:1358,Weld2025,2,0,5.0,1.9238956268346552,1.9045905791645903,1.882808584943466,1.931607220287544,0.07309786491601589,1.80971072002745,2.00470508520356,83.925826494097,80.27689739154253,64.52243072772958,101.08927578100686
test,WELD2025:1358,Weld2025,2,0,6.0,1.6772839579911087,1.6740032245352565,1.6656853277911652,1.6832718358446899,0.07642239093833281,1.5892629368528324,1.7596942267830227,47.56461195346834,47.206654623460494,38.83854367575558,57.503493059455984
test,WELD2025:1358,Weld2025,2,0,7.0,1.6047703568280942,1.6020599603652954,1.6020599603652954,1.6020599603652954,0.17283688789025264,1.4292230724750428,1.774896848255548,40.25041447435696,39.999997148233085,26.86724109287956,59.55206812368583
test,WELD2025:1358,Weld2025,3,0,5.0,1.9238956268346552,2.004321336746216,2.004321336746216,2.004321336746216,0.06362745716409468,1.9406938795821211,2.0679487939103103,83.925826494097,100.99999138676843,87.23562553465518,116.93615077104992
test,WELD2025:1358,Weld2025,3,0,6.0,1.6772839579911087,1.69314480891325,1.675349693242303,1.7106234200399286,0.07510453044171461,1.6002451628005885,1.7857279504816432,47.56461195346834,49.33382727040889,39.83319687639793,61.05594401753625
test,WELD2025:1358,Weld2025,3,0,7.0,1.6047703568280942,1.6020599603652954,1.6020599603652954,1.6020599603652954,0.10188500503614173,1.5001749553291537,1.7039449654014371,40.25041447435696,39.999997148233085,31.63551838880435,50.576056702926884
test,WELD2025:1358,Weld2025,4,0,5.0,1.9238956268346552,1.8851487471629111,1.883392989037078,1.8877090269763546,0.06344506748061451,1.8199479215564636,1.9511540944569692,83.925826494097,76.76243579880439,66.0614225671298,89.36224986916702
test,WELD2025:1358,Weld2025,4,0,6.0,1.6772839579911087,1.6187904580491537,1.6066803475275695,1.6267622791807719,0.06390925465714714,1.5427710928704224,1.690671533837919,47.56461195346834,41.57099869468295,34.895633973807755,49.05367324448804
test,WELD2025:1358,Weld2025,4,0,7.0,1.6047703568280942,1.6020599603652954,1.6020599603652954,1.6020599603652954,0.11888132054548817,1.4831786398198072,1.7209412809107836,40.25041447435696,39.999997148233085,30.42136100497423,52.59461506659867
test,WELD2025:4556,Weld2025,2,0,5.0,2.208023729441385,2.2050116465864456,2.204810070794664,2.2051681624407333,0.07309786491601589,2.131712205878648,2.278266027356749,161.44467662671207,160.32883859091538,135.42916658562274,189.78681055225073
test,WELD2025:4556,Weld2025,2,0,6.0,2.0830942989271417,2.1230884091346462,2.121145977715354,2.124252190846565,0.07642239093833281,2.044723586777021,2.200674581784898,121.08610208412428,132.76647023353544,110.84690889593561,158.73568913827222
test,WELD2025:4556,Weld2025,3,0,5.0,2.208023729441385,2.1990802115721557,2.1957408643626057,2.203440306589543,0.06362745716409468,2.132113407198511,2.267067763753638,161.44467662671207,158.15401132201532,135.5543338797586,184.95571862182217
test,WELD2025:4556,Weld2025,3,0,6.0,2.0830942989271417,2.0825507638365215,2.082114707410374,2.083117431344515,0.07510453044171461,2.0070101769686595,2.1582219617862295,121.08610208412428,120.9346532843904,101.62725072471318,143.95341158678406
test,WELD2025:4556,Weld2025,4,0,5.0,2.208023729441385,2.1776255597335457,2.176547657524353,2.178589740999344,0.06344506748061451,2.1131025900437383,2.242034808479959,161.44467662671207,150.53086586502914,129.74857298566525,174.59620852782422
test,WELD2025:4556,Weld2025,4,0,6.0,2.0830942989271417,2.08522887177741,2.0841691487086704,2.0862350611694747,0.06390925465714714,2.0202598940515233,2.150144315826622,121.08610208412428,121.68270956200789,104.77553668046963,141.30070080986007
test,WELD2025:577,Weld2025,2,0,5.0,2.5756458916008715,2.543876774030679,2.532935193046024,2.5527472062472083,0.07309786491601589,2.4598373281300083,2.625845071163224,376.39677318191247,349.8458882738181,288.2951445782302,422.5178596954471
test,WELD2025:577,Weld2025,2,0,6.0,2.330196933397192,2.3219352602580687,2.3218119811091045,2.322049675760939,0.07642239093833281,2.2453895901707717,2.398472066699272,213.8931780875237,209.86270205675368,175.9501292394809,250.30646490863927
test,WELD2025:577,Weld2025,3,0,5.0,2.5756458916008715,2.5676832350055663,2.5648863696578403,2.5702435678297824,0.06362745716409468,2.5012589124937454,2.6338710249938773,376.39677318191247,369.5585334602228,317.14576212624706,430.3987734358948
test,WELD2025:577,Weld2025,3,0,6.0,2.330196933397192,2.3179736683342105,2.316139323299651,2.3196280650941925,0.07510453044171461,2.2410347928579366,2.394732595535907,213.8931780875237,207.95705970420147,174.19464212542428,248.1604657371218
test,WELD2025:577,Weld2025,4,0,5.0,2.5756458916008715,2.536114977733127,2.5335492625983598,2.538811988197029,0.06344506748061451,2.470104195117745,2.6022570556776436,376.39677318191247,343.6489155383991,295.1917360193821,400.1815441589656
test,WELD2025:577,Weld2025,4,0,6.0,2.330196933397192,2.2951779875210927,2.2896953376070734,2.301233089901505,0.06390925465714714,2.2257860829499263,2.3651423445586524,213.8931780875237,197.32312625799034,168.1845443504768,231.81543247911065
test,FatigueData-AM2022:1033,AM2022,2,0,6.0,2.6890574694530223,2.6814285398853093,2.678508721773693,2.683388356827151,0.07642239093833281,2.6020863308353603,2.7598107477654836,488.71702616021685,480.2070590310444,400.0242603185106,575.1892328645141
test,FatigueData-AM2022:1033,AM2022,3,0,6.0,2.6890574694530223,2.672065988807432,2.671711812183189,2.672681423465672,0.07510453044171461,2.5966072817414743,2.747785953907387,488.71702616021685,469.9655120169363,395.0092645952991,559.481787706206
test,FatigueData-AM2022:1033,AM2022,4,0,6.0,2.6890574694530223,2.6743170720294076,2.673146230175901,2.6761898371133213,0.06390925465714714,2.609236975518754,2.7400990917704684,488.71702616021685,472.40781340528565,406.6651680454863,549.6662753842339
test,WELD2025:5392,Weld2025,2,0,5.0,2.328059746725941,2.4689713866117966,2.4646437321119397,2.474387616694485,0.07309786491601589,2.3915458671959238,2.547485481610501,212.84318382979134,294.4227647673166,246.34619984083247,352.76499354896595
test,WELD2025:5392,Weld2025,3,0,5.0,2.328059746725941,2.476020498685519,2.472525640297261,2.4793896742206356,0.06362745716409468,2.408898183133166,2.5430171313847305,212.84318382979134,299.24058747355855,256.3882884222201,349.1540881035904
test,WELD2025:5392,Weld2025,4,0,5.0,2.328059746725941,2.469962309022436,2.4656354760584165,2.4732534051516413,0.06344506748061451,2.402190408577802,2.536698472632256,212.84318382979134,295.0953112120356,252.4587389654007,344.1109341922144
test,WELD2025:2529,Weld2025,2,0,5.0,2.6606255389452227,2.6147945546415077,2.6109613240846183,2.617205204058662,0.07309786491601589,2.5378634591686025,2.690303068974678,457.74703400012766,411.90262023501447,345.0352442761835,490.12072693475034
test,WELD2025:2529,Weld2025,3,0,5.0,2.6606255389452227,2.6159840305116084,2.613028560251014,2.6182482838817585,0.06362745716409468,2.549401103086919,2.681875741045853,457.74703400012766,413.0323140559588,354.32443484412005,480.70179190614624
test,WELD2025:2529,Weld2025,4,0,5.0,2.6606255389452227,2.628567008446403,2.6226428066925944,2.631544193938619,0.06344506748061451,2.55919773921198,2.6949892614192335,457.74703400012766,425.17430301381467,362.40796932332614,495.43794020909036
test,WELD2025:2633,Weld2025,2,0,5.0,2.6343456533388636,2.5096301126339,2.486025848413952,2.529198634165456,0.07309786491601589,2.4129279834979362,2.602296499081472,430.86940139083623,323.3181704711968,258.7783762596355,400.217891015119
test,WELD2025:2633,Weld2025,2,0,6.0,2.250352863423127,2.233323702472493,2.23209517895663,2.234196675320744,0.07642239093833281,2.1556727880182973,2.310619066259077,177.97248457334115,171.12903543772657,143.11092474275088,204.4650420922029
test,WELD2025:2633,Weld2025,3,0,5.0,2.6343456533388636,2.5707766746942724,2.563116824561293,2.5764424213879136,0.06362745716409468,2.4994893673971985,2.6400698785520085,430.86940139083623,372.2002621627669,315.8561718075789,436.5860738611914
test,WELD2025:2633,Weld2025,3,0,6.0,2.250352863423127,2.234540322066939,2.233657979242415,2.235227774769397,0.07510453044171461,2.1585534488007005,2.3103323052111118,177.97248457334115,171.60910331799536,144.06332986698948,204.33008008109857
test,WELD2025:2633,Weld2025,4,0,5.0,2.6343456533388636,2.600619735502089,2.597188030590003,2.6045238078224555,0.06344506748061451,2.5337429631093884,2.66796887530307,430.86940139083623,398.67567251712916,341.7771020991333,465.5527274375063
test,WELD2025:2633,Weld2025,4,0,6.0,2.250352863423127,2.2488289902226954,2.2477112423022554,2.249567075634326,0.06390925465714714,2.1838019876451082,2.313476330291473,177.97248457334115,177.34910054692688,152.68697380686748,205.81467153649496
test,WELD2025:2293,Weld2025,2,0,5.0,2.482077993290609,2.4784465614114306,2.4763997356121306,2.480614080897289,0.07309786491601589,2.4033018706961147,2.553711945813305,303.4436078074031,300.9168877197864,253.10566795411154,357.8590014885466
test,WELD2025:2293,Weld2025,3,0,5.0,2.482077993290609,2.479541454835079,2.4781398054531465,2.4805490098526373,0.06362745716409468,2.414512348289052,2.544176467016732,303.4436078074031,301.67648195322454,259.7241587686638,350.08738925344915
test,WELD2025:2293,Weld2025,4,0,5.0,2.482077993290609,2.4839453654508494,2.483837870012631,2.4840696543636978,0.06344506748061451,2.4203928025320165,2.5475147218443124,303.4436078074031,304.7511586426228,263.2648043553564,352.7887453546462
test,WELD2025:5345,Weld2025,2,0,5.0,2.1233737302995013,2.124937440734563,2.1202826397361623,2.128490985355318,0.07309786491601589,2.0471847748201464,2.201588850271334,132.85372331118583,133.33293548598706,111.47687219283117,159.07020848147877
test,WELD2025:5345,Weld2025,2,0,6.0,1.9668983960227338,1.9698285181117448,1.965183306045169,1.9731490138183447,0.07642239093833281,1.8887609151068363,2.0495714047566773,92.6613015233003,93.28858765473898,77.40355636085627,112.09117062773326
test,WELD2025:5345,Weld2025,3,0,5.0,2.1233737302995013,2.1136067412072377,2.113483104277637,2.1137636028036986,0.06362745716409468,2.0498556471135423,2.1773910599677935,132.85372331118583,129.89927919715615,112.16455743906393,150.44960781110578
test,WELD2025:5345,Weld2025,3,0,6.0,1.9668983960227338,1.9438809447651524,1.9396854138828346,1.9486438426617922,0.07510453044171461,1.86458088344112,2.0237483731035066,92.6613015233003,87.87815791873298,73.21176608330971,105.62053745933108
test,WELD2025:5345,Weld2025,4,0,5.0,2.1233737302995013,2.1131628941729232,2.1114159448857497,2.114843394235194,0.06344506748061451,2.047970877405135,2.1782884617158085,132.85372331118583,129.7665905251146,111.67883565104351,150.76080985305722
test,WELD2025:5345,Weld2025,4,0,6.0,1.9668983960227338,1.9655145740775803,1.9644500870419936,1.9661968594296473,0.06390925465714714,1.9005408323848465,2.030106114086794,92.6613015233003,92.3665184305477,79.53180378525484,107.17811487317609
test,WELD2025:608,Weld2025,2,0,7.0,2.1341101087906003,2.0288562934466188,2.0263527844994256,2.0340955577379423,0.17283688789025264,1.853515896609173,2.206932445628195,136.17898999131833,106.87011911528786,71.37003284282567,161.03951192341918
test,WELD2025:608,Weld2025,3,0,7.0,2.1341101087906003,2.1426625698804855,2.1429905891418457,2.1429905891418457,0.10188500503614173,2.041105584105704,2.244875594177987,136.17898999131833,138.88731108715535,109.92730582437515,175.74201200828506
test,WELD2025:608,Weld2025,4,0,7.0,2.1341101087906003,2.127245783805847,2.121997594833374,2.1324939727783203,0.11888132054548817,2.003116274287886,2.2513752933238083,136.17898999131833,134.04350761220934,100.7201292211201,178.39196664986773
test,WELD2025:4868,Weld2025,2,0,6.0,2.3660328944025393,2.3997376417918646,2.393492335647577,2.4048015855510205,0.07642239093833281,2.317069944709244,2.4812239764893533,232.2912732124128,251.0369453894476,207.52477167509076,302.84748854103265
test,WELD2025:4868,Weld2025,3,0,6.0,2.3660328944025393,2.3512245958274938,2.3478668223445784,2.3559288962791123,0.07510453044171461,2.272762291902864,2.431033426720827,232.2912732124128,224.50426496826748,187.3968523530013,269.7947079691359
test,WELD2025:4868,Weld2025,4,0,6.0,2.3660328944025393,2.3420524451264475,2.340081937914512,2.344353794800945,0.06390925465714714,2.2761726832573648,2.408263049458092,232.2912732124128,219.8125300976554,188.8742197506312,256.01360758366195
test,WELD2025:648,Weld2025,2,0,5.0,2.606441278468575,2.6453931251484066,2.6454222202301025,2.6454222202301025,0.07309786491601589,2.5723243553140867,2.7185200851461184,404.05573790898313,441.97033970031407,373.5290259318879,523.0221542248696
test,WELD2025:648,Weld2025,2,0,6.0,2.326180331887269,2.3702059463950143,2.3683082602172556,2.372388241542211,0.07642239093833281,2.291885869278923,2.448810632480544,211.92409239606496,234.53407335745962,195.83299651892187,281.0675010975102
test,WELD2025:648,Weld2025,3,0,5.0,2.606441278468575,2.638923900037806,2.638468419163801,2.6395296794953933,0.06362745716409468,2.5748409619997066,2.703157136659488,404.05573790898313,435.43556708957436,375.6997983810433,504.84392741915525
test,WELD2025:648,Weld2025,3,0,6.0,2.326180331887269,2.32487659316389,2.3238072702278343,2.3270501666084638,0.07510453044171461,2.2487027397861197,2.4021546970501784,211.92409239606496,211.28885672231132,177.2975522354766,252.43798043186766
test,WELD2025:648,Weld2025,4,0,5.0,2.606441278468575,2.6454222202301025,2.6454222202301025,2.6454222202301025,0.06344506748061451,2.581977152749488,2.708867287710717,404.05573790898313,441.99995000951435,381.9241781442659,511.525499007862
test,WELD2025:648,Weld2025,4,0,6.0,2.326180331887269,2.364591567252627,2.3621349984842612,2.367142446582778,0.06390925465714714,2.298225743827114,2.4310517012399253,211.92409239606496,231.5216277978736,198.7127546670182,269.8060608011011
test,WELD2025:1217,Weld2025,2,0,6.0,2.5984483622942434,2.572868446741116,2.57207686798392,2.573656802636173,0.07642239093833281,2.495654477045587,2.6500791935745056,396.68735991650925,373.9972826329503,313.0793886093264,446.7650523059317
test,WELD2025:1217,Weld2025,2,0,7.0,2.465564153044696,2.4638108862146333,2.4614822666322,2.465784694749295,0.17283688789025264,2.2886453787419474,2.638621582639548,292.1219244547184,290.94499205213845,194.37722547187005,435.1325608440628
test,WELD2025:1217,Weld2025,3,0,6.0,2.5984483622942434,2.573257319472839,2.5718064161063756,2.5748013792624245,0.07510453044171461,2.496701885664661,2.649905909704139,396.68735991650925,374.33231446887885,313.83536828311594,446.58682822543506
test,WELD2025:1217,Weld2025,3,0,7.0,2.465564153044696,2.45407919363891,2.4527875073988388,2.4552756757822056,0.10188500503614173,2.350902502362697,2.557160680818347,292.1219244547184,284.49798424879805,224.3378236446201,360.7120750434067
test,WELD2025:1217,Weld2025,4,0,6.0,2.5984483622942434,2.5803468473605027,2.5792543200699174,2.581528952855756,0.06390925465714714,2.5153450654127703,2.6454382075129033,396.68735991650925,380.4931541758763,327.6008843169884,442.0162212461033
test,WELD2025:1217,Weld2025,4,0,7.0,2.465564153044696,2.4638246280951965,2.4637207746818706,2.463962485480568,0.11888132054548817,2.344839454136382,2.582843806026056,292.1219244547184,290.9541982353912,221.2276744948573,382.68708518589034
test,WELD2025:2844,Weld2025,2,0,5.0,2.8212154320502942,2.834420680999756,2.834420680999756,2.834420680999756,0.07309786491601589,2.76132281608374,2.9075185459157717,662.5450781020354,682.9999643291505,577.1953399132514,808.1994413602353
test,WELD2025:2844,Weld2025,2,0,6.0,2.7486611135504466,2.7219969188399853,2.7208838490980067,2.723054800617649,0.07642239093833281,2.644461458159674,2.7994771915559817,560.6103527086766,527.2261209336552,441.02322239643894,630.1982481286545
test,WELD2025:2844,Weld2025,3,0,5.0,2.8212154320502942,2.834420680999756,2.834420680999756,2.834420680999756,0.06362745716409468,2.7707932238356614,2.8980481381638503,662.5450781020354,682.9999643291505,589.9201406883112,790.7662734303792
test,WELD2025:2844,Weld2025,3,0,6.0,2.7486611135504466,2.7478655707096618,2.74666833834754,2.7492819562961723,0.07510453044171461,2.6715638079058253,2.824386486737887,560.6103527086766,559.5843638060421,469.42239826021586,667.4004370798757
test,WELD2025:2844,Weld2025,4,0,5.0,2.8212154320502942,2.830985009852746,2.8309367690125247,2.831041555585689,0.06344506748061451,2.76749170153191,2.8944866230663036,662.5450781020354,677.6181184793285,585.4525494279986,784.3079606262048
test,WELD2025:2844,Weld2025,4,0,6.0,2.7486611135504466,2.727838118877917,2.726784294492348,2.728899637784954,0.06390925465714714,2.662875039835201,2.792808892442101,560.6103527086766,534.3651403048046,460.12416235759,620.5958862449671
test,FatigueData-AM2022:1492,AM2022,2,0,5.0,2.124560464642911,2.1641128593791823,2.1569996179434763,2.1739575661716066,0.07309786491601589,2.0839017530274604,2.2470554310876225,133.2172501099657,145.91934091546116,121.3114386241068,176.6263242948777
test,FatigueData-AM2022:1492,AM2022,3,0,5.0,2.124560464642911,2.1764249544433762,2.1633778139095177,2.1876968326305946,0.06362745716409468,2.0997503567454228,2.251324289794689,133.2172501099657,150.11529859365407,125.82019581495784,178.37101753355407
test,FatigueData-AM2022:1492,AM2022,4,0,5.0,2.124560464642911,2.182666813815592,2.172758077165184,2.194230304753497,0.06344506748061451,2.1093130096845694,2.2576753722341114,133.2172501099657,152.28839648626723,128.62133403444236,180.99866524942172
test,WELD2025:5586,Weld2025,2,0,5.0,2.664631997811255,2.7021150688825637,2.7003733402038397,2.7034335839697485,0.07309786491601589,2.627275475287824,2.7765314488857644,461.98938585367887,503.6340319165055,423.9117702674555,597.7663296143837
test,WELD2025:5586,Weld2025,3,0,5.0,2.664631997811255,2.6879588047425163,2.687071256266064,2.689029171830837,0.06362745716409468,2.6234437991019695,2.7526566289949317,461.98938585367887,487.48224749609057,420.18814872403453,565.7917739996882
test,WELD2025:5586,Weld2025,4,0,5.0,2.664631997811255,2.6837879680869188,2.679341365525416,2.6874099503149824,0.06344506748061451,2.6158962980448015,2.750855017795597,461.98938585367887,482.8230198977221,412.948885218014,563.449525894017
test,WELD2025:5011,Weld2025,2,0,5.0,2.543050469675394,2.4913848656221735,2.4877685881880796,2.494679037019377,0.07309786491601589,2.4146707232720637,2.567776901935393,349.1808916844503,310.0165404954088,259.818890136504,369.63824699053373
test,WELD2025:5011,Weld2025,2,0,6.0,2.400074196212056,2.265487329879342,2.2599926990571064,2.272385208152018,0.07642239093833281,2.1835703081187736,2.348807599090351,251.2315606613639,184.28387251522938,152.60554285744928,223.25829260111811
test,WELD2025:5011,Weld2025,2,0,7.0,2.2608300761535225,2.2528529167175293,2.2528529167175293,2.2528529167175293,0.17283688789025264,2.0800160288272767,2.425689804607782,182.31822169699888,178.99995290531817,120.23088082979297,266.49545373842454
test,WELD2025:5011,Weld2025,3,0,5.0,2.543050469675394,2.4871335570963558,2.4855919971107996,2.488652687936267,0.06362745716409468,2.421964539946705,2.5522801451003616,349.1808916844503,306.99659393620965,264.2193014009335,356.6811392327793
test,WELD2025:5011,Weld2025,3,0,6.0,2.400074196212056,2.252899753148001,2.2528529167175293,2.2532575431511472,0.07510453044171461,2.1777483862758147,2.328362073592862,251.2315606613639,179.01925817233132,150.5734448093135,212.99140264965013
test,WELD2025:5011,Weld2025,3,0,7.0,2.2608300761535225,2.2528529167175293,2.2528529167175293,2.2528529167175293,0.10188500503614173,2.150967911681388,2.354737921753671,182.31822169699888,178.99995290531817,141.5689176363216,226.32781033486927
test,WELD2025:5011,Weld2025,4,0,5.0,2.543050469675394,2.4705795132604162,2.4682826750051716,2.473848779089421,0.06344506748061451,2.404837607524557,2.5372938465700354,349.1808916844503,295.51498856675073,254.00227563149318,344.58299908349045
test,WELD2025:5011,Weld2025,4,0,6.0,2.400074196212056,2.270119565454271,2.2590435414800534,2.2797929342221304,0.06390925465714714,2.1951342868229062,2.3437021888792775,251.2315606613639,186.25998577636997,156.723559515566,220.6491144925912
test,WELD2025:5011,Weld2025,4,0,7.0,2.2608300761535225,2.2528529167175293,2.2528529167175293,2.2528529167175293,0.11888132054548817,2.1339715961720414,2.3717342372630172,182.31822169699888,178.99995290531817,136.1355643858243,235.36085727972002
test,WELD2025:609,Weld2025,2,0,5.0,2.3747482299804688,2.3747482299804688,2.3747482299804688,2.3747482299804688,0.07309786491601589,2.301650365064453,2.4478460948964846,236.99993668116682,236.99993668116682,200.28589481182013,280.44396256486755
test,WELD2025:609,Weld2025,2,0,6.0,2.0795158965037714,2.0628079185773185,2.0565376418994434,2.069745687489695,0.07642239093833281,1.9801152509611106,2.146168078428028,120.09250297322413,115.56010255124532,95.52460509475898,140.01290885252564
test,WELD2025:609,Weld2025,2,0,7.0,1.779549635735413,1.7972292392862301,1.7878072410543089,1.808127627690606,0.17283688789025264,1.6149703531640562,1.9809645155808586,60.193505442940136,62.694470569982016,41.206938848307196,95.71158660919494
test,WELD2025:609,Weld2025,3,0,5.0,2.3747482299804688,2.3747482299804688,2.3747482299804688,2.3747482299804688,0.06362745716409468,2.3111207728163743,2.438375687144563,236.99993668116682,236.99993668116682,204.7013811009472,274.3946801178528
test,WELD2025:609,Weld2025,3,0,6.0,2.0795158965037714,2.0724977873542954,2.069114013024254,2.0751304945297577,0.07510453044171461,1.9940094825825394,2.1502350249714723,120.09250297322413,118.1674292129337,98.63010207395827,141.3302167372021
test,WELD2025:609,Weld2025,3,0,7.0,1.779549635735413,1.787503338518722,1.7782647417282715,1.7962042803896932,0.10188500503614173,1.6763797366921298,1.8980892854258349,60.193505442940136,61.306050486479116,47.46568324322144,79.08411981872602
test,WELD2025:609,Weld2025,4,0,5.0,2.3747482299804688,2.3747482299804688,2.3747482299804688,2.3747482299804688,0.06344506748061451,2.311303162499854,2.4381932974610834,236.99993668116682,236.99993668116682,204.78736713714397,274.27946739146904
test,WELD2025:609,Weld2025,4,0,6.0,2.0795158965037714,2.067198590359615,2.065613753943564,2.069152950815548,0.06390925465714714,2.001704499286417,2.133062205472695,120.09250297322413,116.73432875034293,100.39324665832963,135.8508016366514
test,WELD2025:609,Weld2025,4,0,7.0,1.779549635735413,1.7794876616435253,1.778151273727417,1.783282305144137,0.11888132054548817,1.6592699531819288,1.9021636256896253,60.193505442940136,60.18491640523056,45.63204721352946,79.82953980458538
test,FatigueData-AM2022:1384,AM2022,2,0,5.0,2.8140078745130803,2.894893401478012,2.8922053559657996,2.8967151308084262,0.07309786491601589,2.8191074910497838,2.969812995724442,651.6402093222515,785.0429204734478,659.3370657801376,932.8525342929725
test,FatigueData-AM2022:1384,AM2022,2,0,6.0,2.810970871935446,2.7897176912547446,2.776461706042416,2.825794224957772,0.07642239093833281,2.700039315104083,2.902216615896105,647.0992134477178,616.19432074639,501.23260634320434,798.3928075699438
test,FatigueData-AM2022:1384,AM2022,2,0,7.0,2.8076259143669215,2.7440884165807153,2.7438011106029156,2.744429996709135,0.17283688789025264,2.570964222712663,2.9172668845993877,642.1343676046221,554.7386388716682,372.36102979685614,826.5457261397954
test,FatigueData-AM2022:1384,AM2022,3,0,5.0,2.8140078745130803,2.9048119223824376,2.9033683803615977,2.9057071103557037,0.06362745716409468,2.8397409231975033,2.969334567519798,651.6402093222515,803.1782187094832,691.4183847309664,931.8254495762478
test,FatigueData-AM2022:1384,AM2022,3,0,6.0,2.810970871935446,2.832491123049259,2.8306455485704682,2.83385271583602,0.07510453044171461,2.7555410181287536,2.9089572462777347,647.0992134477178,679.9721462751821,569.5620154281402,810.8812274651782
test,FatigueData-AM2022:1384,AM2022,3,0,7.0,2.8076259143669215,2.764273917196395,2.7629416502352284,2.7655101219835876,0.10188500503614173,2.6610566451990865,2.867395127019729,642.1343676046221,581.1308314314688,458.2016462370982,736.8772135078559
test,FatigueData-AM2022:1384,AM2022,4,0,5.0,2.8140078745130803,2.855085290823958,2.8529146857460552,2.85803288979431,0.06344506748061451,2.7894696182654406,2.9214779572749245,651.6402093222515,716.2840669843885,615.8424454084134,834.5991869117809
test,FatigueData-AM2022:1384,AM2022,4,0,6.0,2.810970871935446,2.7830536978766003,2.7772530183072224,2.7941961052791036,0.06390925465714714,2.7133437636500752,2.8581053599362507,647.0992134477178,606.8113534909114,516.8252979174697,721.2824412370486
test,FatigueData-AM2022:1384,AM2022,4,0,7.0,2.8076259143669215,2.75052227280087,2.7485944970160663,2.751990847916799,0.11888132054548817,2.6297131764705783,2.870872168462287,642.1343676046221,563.01799104236,426.29788351954386,742.8004676032966
test,WELD2025:5767,Weld2025,2,0,5.0,2.4151977111394096,2.411213832858637,2.4108045403941905,2.4116001206712707,0.07309786491601589,2.3377066754781746,2.4846979855872866,260.1343546765799,257.7589968342292,217.6239433592762,305.27974171665215
test,WELD2025:5767,Weld2025,3,0,5.0,2.4151977111394096,2.411525596947307,2.411249308701165,2.41187381858736,0.06362745716409468,2.3476218515370704,2.475501275751455,260.1343546765799,257.94409900049203,222.64956529157928,298.8830426714412
test,WELD2025:5767,Weld2025,4,0,5.0,2.4151977111394096,2.4183013439178467,2.4183013439178467,2.4183013439178467,0.06344506748061451,2.354856276437232,2.4817464113984613,260.1343546765799,262.00003173124213,226.3894979865321,303.21201839166366
test,FatigueData-AM2022:623,AM2022,2,0,5.0,2.638128658803061,2.5788121509583526,2.5731703150715006,2.5859225209133494,0.07309786491601589,2.5000724501554847,2.6590203858293653,434.63896595661043,379.1509521536403,316.2805243706591,456.05832287525556
test,FatigueData-AM2022:623,AM2022,2,0,6.0,2.41057362260888,2.3854100673313443,2.380527440855639,2.390123366566878,0.07642239093833281,2.304105049917306,2.466545757505211,257.3793042817833,242.8902418602325,201.42114012339007,292.7829332826353
test,FatigueData-AM2022:623,AM2022,3,0,5.0,2.638128658803061,2.5873546107998076,2.5828112315291984,2.5920037048615305,0.06362745716409468,2.5191837743651035,2.6556311620256254,434.63896595661043,386.6825828456683,330.50936851017775,452.51310596117577
test,FatigueData-AM2022:623,AM2022,3,0,6.0,2.41057362260888,2.3993415606748933,2.393802866618627,2.404983499258606,0.07510453044171461,2.3186983361769125,2.4800880297003207,257.3793042817833,250.80810143540492,208.30434846705663,302.05639142030356
test,FatigueData-AM2022:623,AM2022,4,0,5.0,2.638128658803061,2.619411135266361,2.6163761199932822,2.6227505200147894,0.06344506748061451,2.5529310525126676,2.686195587495404,434.63896595661043,416.3045286550951,357.21612292695784,485.50710238383226
test,FatigueData-AM2022:623,AM2022,4,0,6.0,2.41057362260888,2.4209981679836643,2.4171494853660964,2.4267150778558824,0.06390925465714714,2.3532402307089493,2.4906243325130295,257.3793042817833,263.6320264818369,225.54864932265502,309.47411703036096
test,WELD2025:2600,Weld2025,2,0,5.0,2.6506855375413827,2.6639686997293657,2.6608121035656964,2.666820159131683,0.07309786491601589,2.5877142386496805,2.739918024047699,447.3892427997301,461.28432789201804,387.0029171447837,549.4371541767482
test,WELD2025:2600,Weld2025,2,0,6.0,2.5303332929587303,2.492466576397419,2.491361618041992,2.503147840499878,0.07642239093833281,2.4149392271036594,2.5795702314382107,339.10429694702,310.78967076631443,259.97957359040254,379.8133550900305
test,WELD2025:2600,Weld2025,3,0,5.0,2.6506855375413827,2.681421430563459,2.677679490426673,2.685779318333381,0.06362745716409468,2.6140520332625785,2.7494067754974756,447.3892427997301,480.1991981929794,411.1989843209023,561.5737194903279
test,WELD2025:2600,Weld2025,3,0,6.0,2.5303332929587303,2.491361618041992,2.491361618041992,2.491361618041992,0.07510453044171461,2.4162570876002776,2.566466148483707,339.10429694702,309.9999458993704,260.76967612086,368.5243157378188
test,WELD2025:2600,Weld2025,4,0,5.0,2.6506855375413827,2.664670135352682,2.6606545229250123,2.6680699075816685,0.06344506748061451,2.5972094554443976,2.731514975062283,447.3892427997301,462.029957202638,395.5573470226526,538.9084273458119
test,WELD2025:2600,Weld2025,4,0,6.0,2.5303332929587303,2.530020658691413,2.527761699007509,2.5318916074547664,0.06390925465714714,2.463852444350362,2.5958008621119135,339.10429694702,338.86027479519356,290.97283424332136,394.27647226753504
test,WELD2025:1578,Weld2025,2,0,6.0,2.2533904134677805,2.216502453097487,2.2131626634936867,2.219507588095729,0.07642239093833281,2.136740272555354,2.295929979034062,179.22162612250537,164.62752652314114,137.00621629105373,197.66509205085234
test,WELD2025:1578,Weld2025,3,0,6.0,2.2533904134677805,2.226247711809008,2.222010088782007,2.2298643657421615,0.07510453044171461,2.1469055583402925,2.304968896183876,179.22162612250537,168.36340942909928,140.25086819192703,201.82218151071962
test,WELD2025:1578,Weld2025,4,0,6.0,2.2533904134677805,2.2373063601688594,2.2328023620732322,2.2434919647305787,0.06390925465714714,2.168893107416085,2.307401219387726,179.22162612250537,172.70557626785393,147.53433633989223,202.95568431001263
test,WELD2025:3033,Weld2025,2,0,5.0,1.8232956864342051,1.8768699773215034,1.8736866884315808,1.8802240750275452,0.07309786491601589,1.800588823515565,1.953321939943561,66.57262571178826,75.31300516658351,63.181338688745136,89.80942998217519
test,WELD2025:3033,Weld2025,3,0,5.0,1.8232956864342051,1.892094612121582,1.892094612121582,1.892094612121582,0.06362745716409468,1.8284671549574874,1.9557220692856767,66.57262571178826,78.00000169384131,67.37009425485776,90.30713600048966
test,WELD2025:3033,Weld2025,4,0,5.0,1.8232956864342051,1.8767261622318587,1.8711311198895657,1.8800471366378642,0.06344506748061451,1.8076860524089513,1.9434922041184786,66.57262571178826,75.28806965878732,64.22232920073144,87.799532634142
test,WELD2025:5621,Weld2025,2,0,6.0,2.218309294851046,2.1176480574215057,2.115867071693826,2.119023102357288,0.07642239093833281,2.0394446807554933,2.1954454932956207,165.31387076396152,131.11369521897836,109.50770585588613,156.83590463473632
test,WELD2025:5621,Weld2025,3,0,6.0,2.218309294851046,2.1815474138882154,2.180058973888334,2.1826504243386804,0.07510453044171461,2.104954443446619,2.257754954780395,165.31387076396152,151.8963765107935,127.33695002996215,181.0318354947293
test,WELD2025:5621,Weld2025,4,0,6.0,2.218309294851046,2.1859820673832555,2.185532684473822,2.1863527499631314,0.06390925465714714,2.1216234298166747,2.2502620046202786,165.31387076396152,153.45536176606763,132.31937163596143,177.9352548221521
test,WELD2025:18,Weld2025,2,0,5.0,1.5878513184387109,1.6153883770141686,1.6152551479839323,1.6155350945636522,0.07309786491601589,1.5421572830679164,1.688632959479668,38.712508920468046,41.246621083925504,34.846349090498315,48.82395531600799
test,WELD2025:18,Weld2025,2,0,6.0,1.5444006360940554,1.5586837434765546,1.5574250872687416,1.5597036798480624,0.07642239093833281,1.4810026963304088,1.6361260707863952,35.02681399374127,36.19793063509115,30.2693222084309,43.26394031437554
test,WELD2025:18,Weld2025,3,0,5.0,1.5878513184387109,1.623321139382166,1.622271083974765,1.6242542636033432,0.06362745716409468,1.5586436268106703,1.687881720767438,38.712508920468046,42.00694898760375,36.19458711293513,48.73957307744703
test,WELD2025:18,Weld2025,3,0,6.0,1.5444006360940554,1.5637164141446904,1.56283845301281,1.5647211671983738,0.07510453044171461,1.4877339225710955,1.6398256976400885,35.02681399374127,36.619837613851594,30.742127722547036,43.634067350212945
test,WELD2025:18,Weld2025,4,0,5.0,1.5878513184387109,1.6192728823102804,1.617807026784822,1.6207217260814977,0.06344506748061451,1.5543619593042073,1.6841667935621123,38.712508920468046,41.617202369814244,35.839501415456965,48.324435947962634
test,WELD2025:18,Weld2025,4,0,6.0,1.5444006360940554,1.5502227965328257,1.5480624241742211,1.553126664248296,0.06390925465714714,1.484153169517074,1.617035918905443,35.02681399374127,35.49954580293587,30.489701286351117,41.4033916632023
test,WELD2025:1894,Weld2025,2,0,7.0,2.496057416580918,2.529456520633781,2.466831110427585,2.56194678216676,0.17283688789025264,2.293994222537332,2.7347836700570127,313.3699992636967,338.42038923312373,196.7860110894027,542.9797960533522
test,WELD2025:1894,Weld2025,3,0,7.0,2.496057416580918,2.347153191866444,2.34051066280903,2.3520497084403797,0.10188500503614173,2.2386256577728885,2.4539347134765217,313.3699992636967,222.40942733295591,173.2310180914645,284.40335380750514
test,WELD2025:1894,Weld2025,4,0,7.0,2.496057416580918,2.3683616321380954,2.3568215852402394,2.3783431962680126,0.11888132054548817,2.2379402646947515,2.4972245168135005,313.3699992636967,233.54019158056735,172.95784469078953,314.21326594622195
test,WELD2025:3573,Weld2025,2,0,6.0,2.3055254642392975,2.2910427340282897,2.2892111385660536,2.2931973229779556,0.07642239093833281,2.212788747627721,2.3696197139162885,202.0809915834099,195.45317697701137,163.22577812152224,234.21770107510542
test,WELD2025:3573,Weld2025,3,0,6.0,2.3055254642392975,2.31609664371876,2.3142932554056026,2.3182869605484524,0.07510453044171461,2.239188724963888,2.393391490990167,202.0809915834099,207.0602069405037,173.45575951786407,247.39532638461063
test,WELD2025:3573,Weld2025,4,0,6.0,2.3055254642392975,2.294617054906143,2.2915291261256607,2.2976308041796116,0.06390925465714714,2.2276198714685136,2.3615400588367588,202.0809915834099,197.0684291976089,168.89619727399622,229.90057572013248
test,WELD2025:3316,Weld2025,2,0,5.0,2.1160850021147386,2.120313864714212,2.1172410669082637,2.122917729172992,0.07309786491601589,2.044143201992248,2.196015594089008,130.64265629295258,131.92097873238376,110.69887364849302,157.041919191852
test,WELD2025:3316,Weld2025,2,0,6.0,1.859979086550885,1.842604952448378,1.839548352385195,1.8472920670750461,0.07642239093833281,1.7631259614468622,1.923714458013379,72.44010757040384,69.59931294311193,57.959677653218286,83.89082358073917
test,WELD2025:3316,Weld2025,3,0,5.0,2.1160850021147386,2.120019221580123,2.117258106290783,2.1237030631981733,0.06362745716409468,2.0536306491266885,2.187330520362268,130.64265629295258,131.83150849995,113.14377093755627,153.9325700390566
test,WELD2025:3316,Weld2025,3,0,6.0,1.859979086550885,1.8412849884636975,1.838689440650659,1.8437560319495243,0.07510453044171461,1.7635849102089445,1.918860562391239,72.44010757040384,69.38809884265612,58.020959994277376,82.95843726193819
test,WELD2025:3316,Weld2025,4,0,5.0,2.1160850021147386,2.1064460627598183,2.1031899947833947,2.108986269059687,0.06344506748061451,2.03974492730278,2.1724313365403014,130.64265629295258,127.77505093782239,109.58343944224042,148.7412190476442
test,WELD2025:3316,Weld2025,4,0,6.0,1.859979086550885,1.812794538176873,1.8091632880351607,1.8158053262342575,0.06390925465714714,1.7452540333780135,1.8797145808914046,72.44010757040384,64.98221910658958,55.62295193953055,75.80792002773617
test,WELD2025:952,Weld2025,2,0,5.0,2.2055110368354143,2.3147888801095506,2.3097697459501947,2.3205883872509783,0.07309786491601589,2.236671881034179,2.393686252166994,160.5133049230366,206.437637408484,172.4534476213035,247.5632937268445
test,WELD2025:952,Weld2025,2,0,6.0,2.066782636974671,2.1017574508585146,2.0972737829640216,2.1068736278143745,0.07642239093833281,2.0208513920256888,2.1832960187527073,116.62257786260398,126.40302020269735,104.91833550314257,152.5091915016639
test,WELD2025:952,Weld2025,3,0,5.0,2.2055110368354143,2.2513847121936217,2.2473772677286608,2.2548932927678758,0.06362745716409468,2.1837498105645663,2.31852074993197,160.5133049230366,178.39583561205862,152.66863076474007,208.219188681538
test,WELD2025:952,Weld2025,3,0,6.0,2.066782636974671,2.0632816637170923,2.063275961547425,2.0632886155766035,0.07510453044171461,1.9881714311057106,2.138393146018318,116.62257786260398,115.68622873893703,97.31312766632873,137.5286392650802
test,WELD2025:952,Weld2025,4,0,5.0,2.2055110368354143,2.277931334592277,2.266277668546349,2.2801969861877,0.06344506748061451,2.2028326010657344,2.3436420536683147,160.5133049230366,189.6406060642934,159.52641336918202,220.61856411029626
test,WELD2025:952,Weld2025,4,0,6.0,2.066782636974671,2.085967592041849,2.0838476211672927,2.088195522896788,0.06390925465714714,2.0199383665101456,2.152104777553935,116.62257786260398,121.88986387777317,104.69799539283947,141.93999237216173
test,FatigueData-AM2022:198,AM2022,2,0,5.0,2.694461354971621,2.6941684007358075,2.692779595966519,2.6954341715714487,0.07309786491601589,2.619681731050503,2.7685320364874646,494.8360767318176,494.5023965936844,416.5639962671516,586.85665852376
test,FatigueData-AM2022:198,AM2022,3,0,5.0,2.694461354971621,2.693909229537409,2.6919004564329363,2.6955214789234483,0.06362745716409468,2.628272999268842,2.759148936087543,494.8360767318176,494.20738353036467,424.8865654328897,574.3133823310159
test,FatigueData-AM2022:198,AM2022,4,0,5.0,2.694461354971621,2.689069377754946,2.687760220002993,2.690496699405003,0.06344506748061451,2.6243151525223785,2.7539417668856174,494.8360767318176,488.7304269054138,421.0320459857199,567.4685103264663
test,FatigueData-AM2022:1227,AM2022,2,0,5.0,2.558564485628804,2.5982993112881037,2.594248412676472,2.6032988291102197,0.07309786491601589,2.521150547760456,2.6763966940262356,361.87991999388527,396.551239133189,332.0095283874991,474.6753661045689
test,FatigueData-AM2022:1227,AM2022,2,0,6.0,2.48600851495124,2.481446273624897,2.4777560234069824,2.5171186923980713,0.07642239093833281,2.4013336324686496,2.593541083336404,306.2023468358438,303.00254315177017,251.96117934533748,392.23024872692554
test,FatigueData-AM2022:1227,AM2022,3,0,5.0,2.558564485628804,2.5899073446960577,2.5858304446476574,2.5939571628533913,0.06362745716409468,2.5222029874835625,2.657584620017486,361.87991999388527,388.9621523414444,332.81507336507366,454.55309588452025
test,FatigueData-AM2022:1227,AM2022,3,0,6.0,2.48600851495124,2.4777560234069824,2.4777560234069824,2.4777560234069824,0.07510453044171461,2.402651492965268,2.552860553848697,306.2023468358438,300.43880327634946,252.72691321676632,357.1581410354392
test,FatigueData-AM2022:1227,AM2022,4,0,5.0,2.558564485628804,2.588446671052167,2.5870935730627265,2.589883532795974,0.06344506748061451,2.523648505582112,2.6533286002765886,361.87991999388527,387.65614356845117,333.92467009792483,450.1203006486771
test,FatigueData-AM2022:1227,AM2022,4,0,6.0,2.48600851495124,2.4777560234069824,2.4777560234069824,2.4777560234069824,0.06390925465714714,2.4138467687498353,2.5416652780641296,306.2023468358438,300.43880327634946,259.3264224475108,348.0689459339411
test,WELD2025:2391,Weld2025,2,0,5.0,2.409479656314337,2.4871238684201016,2.4741581220803446,2.501028467388977,0.07309786491601589,2.4010602571643287,2.574126332304993,256.73179442420303,306.98974522512503,251.80262727395314,375.0820943391015
test,WELD2025:2391,Weld2025,2,0,6.0,2.2500889749960535,2.2233602597340996,2.2187840476649296,2.2283726708339313,0.07642239093833281,2.142361656726597,2.304795061772264,177.86437679087567,167.24774070371117,138.79111243586217,201.74141460915152
test,WELD2025:2391,Weld2025,3,0,5.0,2.409479656314337,2.4052647677639682,2.405051458260028,2.4055569704672704,0.06362745716409468,2.341424001095933,2.4691844276313653,256.73179442420303,254.25222826399238,219.49468131312958,294.5672278347191
test,WELD2025:2391,Weld2025,3,0,6.0,2.2500889749960535,2.194807384001007,2.1904371755518834,2.200277671413857,0.07510453044171461,2.115332645110169,2.275382201855572,177.86437679087567,156.60563470048712,130.41653131615806,188.5307528843914
test,WELD2025:2391,Weld2025,4,0,5.0,2.409479656314337,2.4286375046207285,2.420102409889699,2.4365735825199,0.06344506748061451,2.3566573424090844,2.5000186500005146,256.73179442420303,268.31039870309905,227.3303090814579,316.24134614478913
test,WELD2025:2391,Weld2025,4,0,6.0,2.2500889749960535,2.209907756429759,2.207294575470393,2.2119078876307756,0.06390925465714714,2.143385320813246,2.2758171422879228,177.86437679087567,162.14656636315732,139.11863916275283,188.7196586271655
test,WELD2025:5254,Weld2025,2,0,7.0,2.5895006509089304,2.575954424052307,2.5749662038858983,2.5770794636000534,0.17283688789025264,2.4021293159956456,2.749916351490306,388.5980803743455,376.6642688205622,252.42322787295916,562.2330242885382
test,WELD2025:5254,Weld2025,3,0,7.0,2.5895006509089304,2.569370197854189,2.56326737644833,2.575218080088993,0.10188500503614173,2.4613823714121885,2.6771030851251343,388.5980803743455,370.9968292081742,289.32260811321174,475.44806598366205
test,WELD2025:5254,Weld2025,4,0,7.0,2.5895006509089304,2.595345535810397,2.595491361918215,2.59549617767334,0.11888132054548817,2.4766100413727266,2.714377498218828,388.5980803743455,393.8633185686955,299.6470740878568,518.0569426725547
test,FatigueData-AM2022:531,AM2022,2,0,5.0,2.314568151003544,2.319276669632901,2.3139660675068963,2.323455483475864,0.07309786491601589,2.2408682025908804,2.3965533483918797,206.33274264374458,208.58192422873432,174.1278359186389,249.20304715120514
test,FatigueData-AM2022:531,AM2022,3,0,5.0,2.314568151003544,2.3197006122494974,2.315649162428976,2.3244332292549017,0.06362745716409468,2.252021705264881,2.3880606864189966,206.33274264374458,208.78563379442454,178.6576862551143,244.3772010891544
test,FatigueData-AM2022:531,AM2022,4,0,5.0,2.314568151003544,2.307679933661138,2.3022584199776417,2.3128770705327604,0.06344506748061451,2.238813352497027,2.376322138013375,206.33274264374458,203.08597562967788,173.30590178591393,237.8603962375646
test,WELD2025:2211,Weld2025,2,0,5.0,2.29007974851377,2.297418981735829,2.2942328908802496,2.299891926140906,0.07309786491601589,2.2211350259642337,2.3729897910569218,195.02026781888515,198.34396087913476,166.3929900359923,236.04227461649896
test,WELD2025:2211,Weld2025,3,0,5.0,2.29007974851377,2.3056961531297544,2.3033243971428683,2.308146650495437,0.06362745716409468,2.2396969399787734,2.3717741076595313,195.02026781888515,202.16043021520295,173.6588577007521,235.38246557053108
test,WELD2025:2211,Weld2025,4,0,5.0,2.29007974851377,2.305455279664168,2.3026560774837246,2.30757211089733,0.06344506748061451,2.23921101000311,2.3710171783779446,195.02026781888515,202.04833673016495,173.46466031615114,234.972576165366
test,WELD2025:495,Weld2025,2,0,6.0,2.3844098099731785,2.387256531863004,2.385872718970585,2.388411730148871,0.07642239093833281,2.309450328032252,2.464834121087204,242.33146620280718,243.92512255439152,203.9155420046285,291.6312914622228
test,WELD2025:495,Weld2025,3,0,6.0,2.3844098099731785,2.3819635812075113,2.381001577894162,2.3834554210621506,0.07510453044171461,2.305897047452447,2.458559951503865,242.33146620280718,240.9703348831616,202.2539664656564,287.44843699362804
test,WELD2025:495,Weld2025,4,0,6.0,2.3844098099731785,2.3541052977117882,2.3536110307394815,2.354828020384815,0.06390925465714714,2.2897017760823344,2.4187372750419622,242.33146620280718,225.99836525235682,194.85061284794887,262.2631511455774
test,WELD2025:3574,Weld2025,2,0,5.0,2.656011073904325,2.6421400783978077,2.639158367449983,2.6451410459508953,0.07309786491601589,2.566060502533967,2.718238910866911,452.90912830826426,438.67216534557804,368.18026208427904,522.6836447845235
test,WELD2025:3574,Weld2025,2,0,6.0,2.46573823550003,2.409371940388102,2.403744522571261,2.413999102221523,0.07642239093833281,2.3273221316329282,2.4904214931598556,292.2390419806314,256.66812639476603,212.4819932003071,309.32960938571387
test,WELD2025:3574,Weld2025,3,0,5.0,2.656011073904325,2.6270116325743564,2.623591853943193,2.630081501133037,0.06362745716409468,2.5599643967790984,2.6937089582971314,452.90912830826426,423.65431347509707,363.04829105244477,493.97953649932913
test,WELD2025:3574,Weld2025,3,0,6.0,2.46573823550003,2.4173691572540235,2.4157037340815037,2.4185986270761375,0.07510453044171461,2.340599203639789,2.493703157517852,292.2390419806314,261.43826772653586,219.07821999519913,311.67585356110277
test,WELD2025:3574,Weld2025,4,0,5.0,2.656011073904325,2.6262788303518945,2.623979544160762,2.6278223617342027,0.06344506748061451,2.5605344766801474,2.6912674292148173,452.90912830826426,422.9400675859321,363.5251620236623,491.21025977085395
test,WELD2025:3574,Weld2025,4,0,6.0,2.46573823550003,2.3984807372754853,2.3961994647979736,2.4011600011167444,0.06390925465714714,2.3322902101408265,2.4650692557738916,292.2390419806314,250.3114622619008,214.92662061491163,291.7892285343498
test,WELD2025:4882,Weld2025,2,0,6.0,2.1743647498999774,2.1174643241284916,2.1163857477769508,2.11831641152568,0.07642239093833281,2.039963356838618,2.1947388024640127,149.40486859993948,131.05823778873676,109.6385685797768,156.58090630167223
test,WELD2025:4882,Weld2025,3,0,6.0,2.1743647498999774,2.1195430683737904,2.118396030081957,2.1209181238645884,0.07510453044171461,2.0432914996402425,2.196022654306303,149.40486859993948,131.68704984442564,110.48199292383227,157.04447220399592
test,WELD2025:4882,Weld2025,4,0,6.0,2.1743647498999774,2.120856465948987,2.1199321620353153,2.121914952893678,0.06390925465714714,2.056022907378168,2.185824207550825,149.40486859993948,132.08590189714138,113.76872929081007,153.39959307312256
test,WELD2025:266,Weld2025,2,0,5.0,1.0145530458253842,1.185171633008426,1.1767440699738585,1.191294922623234,0.07309786491601589,1.1036462050578426,1.26439278753925,10.340773980953745,15.31692666425122,12.695394624482839,18.382001090808995
test,WELD2025:266,Weld2025,3,0,5.0,1.0145530458253842,1.06797456741333,1.06797456741333,1.06797456741333,0.06362745716409468,1.0043471102492354,1.1316020245774248,10.340773980953745,11.694309063280732,10.10059854781858,13.539481231739993
test,WELD2025:266,Weld2025,4,0,5.0,1.0145530458253842,1.1676084170154577,1.164607466866974,1.1710724997950572,0.06344506748061451,1.1011623993863595,1.2345175672756716,10.340773980953745,14.70985585536894,12.622994685994088,17.160011212148937
test,WELD2025:3485,Weld2025,2,0,5.0,2.659369879886939,2.6456580320529386,2.6431719917804175,2.647824008372831,0.07309786491601589,2.5700741268644016,2.7209218732888467,456.42547887472386,442.24001089051796,371.5986494103541,525.9226478668304
test,WELD2025:3485,Weld2025,2,0,6.0,2.31171708547029,2.301340987931756,2.301029920578003,2.3036930028236475,0.07642239093833281,2.22460752963967,2.3801153937619803,204.98264155740787,200.1432685221438,167.72875742787923,239.94703831008556
test,WELD2025:3485,Weld2025,3,0,5.0,2.659369879886939,2.6691478625166267,2.666901024261421,2.6709724564853286,0.06362745716409468,2.603273567097326,2.734599913649423,456.42547887472386,466.818289029253,401.11930773717376,542.7501018815468
test,WELD2025:3485,Weld2025,3,0,6.0,2.31171708547029,2.301029920578003,2.301029920578003,2.301029920578003,0.07510453044171461,2.2259253901362883,2.3761344510197175,204.98264155740787,199.99996542163214,168.2385009967453,237.75762344332753
test,WELD2025:3485,Weld2025,4,0,5.0,2.659369879886939,2.6547315038215933,2.6514019402514704,2.658668565642627,0.06344506748061451,2.5879568727708557,2.7221136331232416,456.42547887472386,451.5766774157733,387.2191905533086,527.3678291309689
test,WELD2025:3485,Weld2025,4,0,6.0,2.31171708547029,2.301029920578003,2.301029920578003,2.301029920578003,0.06390925465714714,2.237120665920856,2.36493917523515,204.98264155740787,199.99996542163214,172.63174715388226,231.70701118490362
test,WELD2025:4336,Weld2025,2,0,6.0,2.2357719619848435,2.2313113808631897,2.2206871509552,2.2376859188079834,0.07642239093833281,2.1442647600168674,2.314108309746316,172.09646988363508,170.33793612036104,139.40063755026722,206.11438828119987
test,WELD2025:4336,Weld2025,3,0,6.0,2.2357719619848435,2.229186534881592,2.2206871509552,2.2376859188079834,0.07510453044171461,2.1455826205134856,2.312790449249698,172.09646988363508,169.50656959151345,139.82428928165046,205.48988507144327
test,WELD2025:4336,Weld2025,4,0,6.0,2.2357719619848435,2.235393007392039,2.2347565850036277,2.23604392491192,0.06390925465714714,2.1708473303464806,2.299953179569067,172.09646988363508,171.94636826963807,148.19970199377315,199.50472212713467
test,WELD2025:2074,Weld2025,2,0,5.0,2.1792380595289145,2.1738525331020355,2.167685031890869,2.1841318607330322,0.07309786491601589,2.0945871669748533,2.257229725649048,151.0908135016932,149.22876097004965,124.33321592258996,180.8130306865844
test,WELD2025:2074,Weld2025,3,0,5.0,2.1792380595289145,2.1819530612299367,2.180860973112513,2.1833030370977986,0.06362745716409468,2.117233515948418,2.2469304942618935,151.0908135016932,152.038319705735,130.98860467583756,176.57552015296318
test,WELD2025:2074,Weld2025,4,0,5.0,2.1792380595289145,2.1795775898253735,2.1794481946857562,2.179714896087578,0.06344506748061451,2.1160031272051416,2.2431599635681927,151.0908135016932,151.2089820926686,130.61802934528703,175.0491327891334
test,WELD2025:2841,Weld2025,2,0,5.0,2.527103393147763,2.688419818878174,2.688419818878174,2.688419818878174,0.07309786491601589,2.615321953962158,2.7615176837941897,336.5916927337307,487.9999964890782,412.4031311302328,577.4543852775378
test,WELD2025:2841,Weld2025,2,0,6.0,2.5046860265240514,2.501037656117413,2.5008522369306085,2.5012524229013366,0.07642239093833281,2.4244298459922757,2.5776748138396695,319.65833021696125,316.9842296788845,265.72342770239135,378.15932477642633
test,WELD2025:2841,Weld2025,3,0,5.0,2.527103393147763,2.608689733177904,2.608689733177904,2.608689733177904,0.06362745716409468,2.5450622760138097,2.6723171903419987,336.5916927337307,406.15306334313533,350.80217391183385,470.2374247671336
test,WELD2025:2841,Weld2025,3,0,6.0,2.5046860265240514,2.491361618041992,2.491361618041992,2.491361618041992,0.07510453044171461,2.4162570876002776,2.566466148483707,319.65833021696125,309.9999458993704,260.76967612086,368.5243157378188
test,WELD2025:2841,Weld2025,4,0,5.0,2.527103393147763,2.688419818878174,2.688419818878174,2.688419818878174,0.06344506748061451,2.624974751397559,2.7518648863587885,336.5916927337307,487.9999964890782,421.6719879481523,564.7612442366504
test,WELD2025:2841,Weld2025,4,0,6.0,2.5046860265240514,2.496773931706656,2.4966669212845876,2.49685292150794,0.06390925465714714,2.4327576666274404,2.560762176165087,319.65833021696125,313.88743542333737,270.86797851985443,363.7158073084295
test,WELD2025:459,Weld2025,2,0,5.0,2.194613396600823,2.301029920578003,2.301029920578003,2.301029920578003,0.07309786491601589,2.227932055661987,2.374127785494019,156.5356988911288,199.99996542163214,169.01764868694084,236.66159409626584
test,WELD2025:459,Weld2025,2,0,6.0,2.0908488306073165,2.106647147226715,2.1025580148779146,2.1100047091499476,0.07642239093833281,2.026135623939582,2.1864271000882805,123.26756883103106,127.83422628596507,106.20271612730564,153.61269201125327
test,WELD2025:459,Weld2025,3,0,5.0,2.194613396600823,2.211762630700779,2.209477669219966,2.2140876086024597,0.06362745716409468,2.145850212055871,2.2777150657665546,156.5356988911288,162.84057630124568,139.91046888575292,189.54619284302115
test,WELD2025:459,Weld2025,3,0,6.0,2.0908488306073165,2.0827888554126996,2.0757419712712113,2.0875646267158685,0.07510453044171461,2.0006374408294967,2.162669157157583,123.26756883103106,121.00097099630729,100.14688394411439,145.43507430983954
test,WELD2025:459,Weld2025,4,0,5.0,2.194613396600823,2.1950190480871137,2.194900134722834,2.195145224752466,0.06344506748061451,2.1314550672422192,2.2585902922330807,156.5356988911288,156.6819789068647,135.34900493187627,181.38037365362064
test,WELD2025:459,Weld2025,4,0,6.0,2.0908488306073165,2.0471514015360803,2.044742088158294,2.049683400389989,0.06390925465714714,1.9808328335011467,2.1135926550471362,123.26756883103106,111.46830610107462,95.68257037540248,129.895066036625
test,WELD2025:931,Weld2025,2,0,5.0,1.7836219370444428,1.8163912280718713,1.814193581444107,1.8205716485819436,0.07309786491601589,1.7410957165280911,1.8936695134979595,60.7605836662875,65.52261595516607,55.09291052944134,78.2833700507925
test,WELD2025:931,Weld2025,2,0,6.0,1.4948600934776002,1.4917875938117504,1.4913617372512817,1.4913617372512817,0.07642239093833281,1.414939346312949,1.5677841281896145,31.250724732491083,31.030415710580776,25.99796449520841,36.964439747661295
test,WELD2025:931,Weld2025,3,0,5.0,1.7836219370444428,1.8726064944400966,1.869915862768277,1.8749375549112512,0.06362745716409468,1.8062884056041824,1.938565012075346,60.7605836662875,74.57727224096051,64.01598106901803,86.80905171017066
test,WELD2025:931,Weld2025,3,0,6.0,1.4948600934776002,1.5318183414638042,1.5261118173599244,1.5322442054748535,0.07510453044171461,1.4510072869182098,1.6073487359165681,31.250724732491083,34.02658320959936,28.249273732660914,40.49008942308339
test,WELD2025:931,Weld2025,4,0,5.0,1.7836219370444428,1.8431216836788022,1.8416771528284313,1.8454892778703356,0.06344506748061451,1.7782320853478168,1.90893434535095,60.7605836662875,69.68217271680092,60.011168802398785,81.08384697447948
test,WELD2025:931,Weld2025,4,0,6.0,1.4948600934776002,1.4939144083939133,1.4936062671019645,1.4941922549773348,0.06390925465714714,1.4296970124448174,1.558101509634482,31.250724732491083,31.18274967800223,26.89657697077008,36.14943464918818
test,WELD2025:4629,Weld2025,2,0,5.0,2.2764812415430282,2.378688146194521,2.3733654915707207,2.385215908110214,0.07309786491601589,2.300267626654705,2.4583137730262297,189.00845911070274,239.1597805221176,199.6492240663121,287.2855439123525
test,WELD2025:4629,Weld2025,2,0,6.0,1.9869108248326135,2.0927994138941246,2.091554751219055,2.094065843672187,0.07642239093833281,2.015132360280722,2.1704882346105197,97.03107095812469,123.82245599011982,103.545769587482,148.0772139406807
test,WELD2025:4629,Weld2025,2,0,7.0,1.736759120298929,1.77849182214262,1.7697090100532982,1.785290694919701,0.17283688789025264,1.5968721221630455,1.9581275828099536,54.54552426026222,60.047070181017645,39.52502216621354,90.80872600429213
test,WELD2025:4629,Weld2025,3,0,5.0,2.2764812415430282,2.336326761907222,2.334517141408697,2.336821846978816,0.06362745716409468,2.2708896842446027,2.400449304142911,189.00845911070274,216.9335692818358,186.59056692965154,251.44864760229729
test,WELD2025:4629,Weld2025,3,0,6.0,1.9869108248326135,2.0830538566321666,2.081128594032444,2.0842288234507884,0.07510453044171461,2.0060240635907296,2.159333353892503,97.03107095812469,121.07482685024448,101.39675665669435,144.32227091664848
test,WELD2025:4629,Weld2025,3,0,7.0,1.736759120298929,1.771635389900628,1.7615823646060582,1.7823299825533236,0.10188500503614173,1.6596973595699165,1.8842149875894654,54.54552426026222,59.10651995211153,45.67697762247108,76.5975691891158
test,WELD2025:4629,Weld2025,4,0,5.0,2.2764812415430282,2.3564811143794704,2.3527511844233646,2.360954254340992,0.06344506748061451,2.28930611694275,2.4243993218216064,189.00845911070274,227.23808169420104,194.67317720993802,265.7047521203512
test,WELD2025:4629,Weld2025,4,0,6.0,1.9869108248326135,2.09341197769288,2.091820782337312,2.095139571536175,0.06390925465714714,2.027911527680165,2.159048826193322,97.03107095812469,123.99722834897227,106.63788616839139,144.22774925701071
test,WELD2025:4629,Weld2025,4,0,7.0,1.736759120298929,1.7730114561464616,1.76619894756981,1.7800740023339874,0.11888132054548817,1.647317627024322,1.8989553228794755,54.54552426026222,59.29409654164223,44.39332016619104,79.2419807786074
test,WELD2025:706,Weld2025,2,0,6.0,2.2250370311968206,2.3646698121979126,2.339532010715498,2.3855137699168987,0.07642239093833281,2.263109619777165,2.4619361608552315,167.89471716166614,231.5633437989708,183.27769731480174,289.69177237985576
test,WELD2025:706,Weld2025,3,0,6.0,2.2250370311968206,2.3687301813903465,2.3673449443202843,2.369931570027179,0.07510453044171461,2.2922404138785697,2.4450361004688936,167.89471716166614,233.73846164279408,195.9929338030351,278.6352772910338
test,WELD2025:706,Weld2025,4,0,6.0,2.2250370311968206,2.343461290581724,2.34205923912838,2.344938472050584,0.06390925465714714,2.278149984471233,2.408847726707731,167.89471716166614,220.52675683203213,189.73610655301337,256.3585029065243
test,WELD2025:2679,Weld2025,2,0,5.0,2.8299044549957935,2.8237283026472904,2.821815016650987,2.8260326169315517,0.07309786491601589,2.7487171517349713,2.8991304818475676,675.9342531578171,666.3897411764327,560.682694436713,792.7394697563751
test,WELD2025:2679,Weld2025,2,0,6.0,2.650590457313191,2.6444385051727295,2.6444385051727295,2.6444385051727295,0.07642239093833281,2.5680161142343967,2.7208608961110623,447.2913064524055,440.9999144033806,369.84190228604734,525.8488108071955
test,WELD2025:2679,Weld2025,3,0,5.0,2.8299044549957935,2.816443966301487,2.814231998600773,2.8185567819606523,0.06362745716409468,2.7506045414366787,2.882184239124747,675.9342531578171,655.3057312876288,563.1246539435853,762.4023725399138
test,WELD2025:2679,Weld2025,3,0,6.0,2.650590457313191,2.6444385051727295,2.6444385051727295,2.6444385051727295,0.07510453044171461,2.569333974731015,2.719543035614444,447.2913064524055,440.9999144033806,370.9658868315632,524.2555485757993
test,WELD2025:2679,Weld2025,4,0,5.0,2.8299044549957935,2.820379131826386,2.8194251008597564,2.822038736772739,0.06344506748061451,2.7559800333791418,2.8854838042533535,675.9342531578171,661.2704741791106,570.1380596700991,768.2168067387805
test,WELD2025:2679,Weld2025,4,0,6.0,2.650590457313191,2.6444385051727295,2.6444385051727295,2.6444385051727295,0.06390925465714714,2.5805292505155824,2.7083477598298766,447.2913064524055,440.9999144033806,380.6529944026369,510.91394882888056
test,WELD2025:265,Weld2025,2,0,5.0,2.3922120467887042,2.4295987164971717,2.4285640635278147,2.4308677460041053,0.07309786491601589,2.355466198611799,2.503965610920121,246.72436891733196,268.9049002870711,226.7076622406839,319.1285147066115
test,WELD2025:265,Weld2025,2,0,6.0,2.140669996969033,2.082138256320441,2.0795472776448567,2.085018215915865,0.07642239093833281,2.003124886706524,2.161440606854198,138.25154614660758,120.81984001575529,100.72212660435976,145.02424288190184
test,WELD2025:265,Weld2025,3,0,5.0,2.3922120467887042,2.4183799188832356,2.41727040190835,2.4193586571523467,0.06362745716409468,2.353642944744255,2.482986114316441,246.72436891733196,262.04743851792773,225.7578938257531,304.0787801111044
test,WELD2025:265,Weld2025,3,0,6.0,2.140669996969033,2.08820433944485,2.0852235949631606,2.091335955131502,0.07510453044171461,2.010119064521446,2.1664404855732164,138.25154614660758,122.51925277321234,102.35735728507012,146.70350350053545
test,WELD2025:265,Weld2025,4,0,5.0,2.3922120467887042,2.4785664081573486,2.4785664081573486,2.4785664081573486,0.06344506748061451,2.415121340676734,2.5420114756379633,246.72436891733196,300.99993939968533,260.08861420510135,348.3465194949591
test,WELD2025:265,Weld2025,4,0,6.0,2.140669996969033,2.142145038047585,2.1409598579631806,2.1434918495939135,0.06390925465714714,2.0770506033060334,2.2074011042510606,138.25154614660758,138.72190305825828,119.41272341748994,161.21338770562662
test,FatigueData-AM2022:270,AM2022,2,0,5.0,2.5138208649085034,2.489842295727935,2.487696033619547,2.491625666275971,0.07309786491601589,2.414598168703531,2.5647235311919867,326.45315102913366,308.9173464961475,259.77548762119073,367.0485655776161
test,FatigueData-AM2022:270,AM2022,2,0,6.0,2.400628199248313,2.348079778522958,2.347344160079956,2.3514713932915114,0.07642239093833281,2.2709217691416232,2.4278937842298443,251.55224596740413,222.88445433613018,186.6043524151335,267.8513158467774
test,FatigueData-AM2022:270,AM2022,3,0,5.0,2.5138208649085034,2.498530040366566,2.49622462552081,2.5006781180116255,0.06362745716409468,2.4325971683567156,2.5643055751757204,326.45315102913366,315.15923698859774,270.7678947936475,366.69549555961976
test,FatigueData-AM2022:270,AM2022,3,0,6.0,2.400628199248313,2.4470533803105354,2.436386823654175,2.4586474895477295,0.07510453044171461,2.36128229321246,2.533752019989444,251.55224596740413,279.93253711497545,229.7641639418968,341.78422967414326
test,FatigueData-AM2022:270,AM2022,4,0,5.0,2.5138208649085034,2.513998114710757,2.50891848029983,2.5182001827281226,0.06344506748061451,2.4454734128192155,2.5816452502087373,326.45315102913366,326.5864144449269,278.91599008467836,381.6324102656424
test,FatigueData-AM2022:270,AM2022,4,0,6.0,2.400628199248313,2.361658131131553,2.359096679640099,2.365110020350706,0.06390925465714714,2.295187424982952,2.429019275007853,251.55224596740413,229.96308763307712,197.32741424641608,268.54636301889775
test,WELD2025:1644,Weld2025,2,0,5.0,2.3051625286560653,2.31180927527466,2.311355499159527,2.312348533616686,0.07309786491601589,2.238257634243511,2.385446398532702,201.91218505148248,205.02615883949605,173.08428335593365,242.9105618591558
test,WELD2025:1644,Weld2025,3,0,5.0,2.3051625286560653,2.307605345399922,2.3068410344653865,2.308091796821355,0.06362745716409468,2.243213577301292,2.3717192539854492,201.91218505148248,203.05109945759432,175.0707439704674,235.35273740629611
test,WELD2025:1644,Weld2025,4,0,5.0,2.3051625286560653,2.3123066078723324,2.3118934273299083,2.3128395276130895,0.06344506748061451,2.2484483598492937,2.376284595093704,201.91218505148248,205.26107915747005,177.19373389083995,237.8398351018541
test,WELD2025:732,Weld2025,2,0,6.0,2.2496458990295545,2.2443371113657067,2.2442710277487508,2.2444106013428278,0.07642239093833281,2.167848636810418,2.3208329922811606,177.68300850935432,175.52424408227176,147.1799451737939,209.33073208040005
test,WELD2025:732,Weld2025,3,0,6.0,2.2496458990295545,2.2430379390716553,2.2430379390716553,2.2430379390716553,0.07510453044171461,2.1679334086299407,2.31814246951337,177.68300850935432,174.9999558305246,147.20867666829935,208.03790397281995
test,WELD2025:732,Weld2025,4,0,6.0,2.2496458990295545,2.247030070909331,2.24594799603947,2.2482560266923994,0.06390925465714714,2.182038741382323,2.3121652813495466,177.68300850935432,176.61601068399162,152.068317672591,205.19429471436365
test,WELD2025:3379,Weld2025,2,0,5.0,2.27080254423276,2.463940720862145,2.460012284922375,2.467862606024188,0.07309786491601589,2.386914420006359,2.540960470940204,186.5531317933885,291.0319846092749,243.73304823553445,347.5045304805783
test,WELD2025:3379,Weld2025,2,0,6.0,2.103648817222112,2.1185212704491994,2.10838266205993,2.1304872237066825,0.07642239093833281,2.0319602711215974,2.2069096146450153,126.95470984089827,131.3775838208895,107.63667440399922,161.03104625346356
test,WELD2025:3379,Weld2025,3,0,5.0,2.27080254423276,2.42345803635257,2.4180965619293993,2.4291655460497767,0.06362745716409468,2.354469104765305,2.4927930032138716,186.5531317933885,265.12948996096736,226.18776265443037,311.0233560255873
test,WELD2025:3379,Weld2025,3,0,6.0,2.103648817222112,2.1030386471551576,2.1029313576712245,2.1031897230218624,0.07510453044171461,2.02782682722951,2.178294253463577,126.95470984089827,126.77646771420605,106.61709060992477,150.76282041142886
test,WELD2025:3379,Weld2025,4,0,5.0,2.27080254423276,2.317470752858785,2.312548182293306,2.3224052659080927,0.06344506748061451,2.249103114812691,2.3858503333887073,186.5531317933885,207.71638362757008,177.46107778297835,243.1365967076688
test,WELD2025:3379,Weld2025,4,0,6.0,2.103648817222112,2.1101682737683434,2.1070554812819546,2.1130460712693453,0.06390925465714714,2.0431462266248075,2.1769553259264924,126.95470984089827,128.87487995954564,110.44504249311736,150.29873520578278
test,FatigueData-AM2022:1165,AM2022,2,0,5.0,2.566761445386415,2.621253481817323,2.617294717621521,2.6258880703844785,0.07309786491601589,2.544196852705505,2.6989859353004944,368.7749776715951,418.0743101450959,350.10382266524687,500.01834153706295
test,FatigueData-AM2022:1165,AM2022,2,0,6.0,2.3509703912639006,2.3507096767425537,2.3507096767425537,2.3507096767425537,0.07642239093833281,2.274287285804221,2.4271320676808865,224.37289486800137,224.23824034353848,188.0560396165338,267.38193856947356
test,FatigueData-AM2022:1165,AM2022,3,0,5.0,2.566761445386415,2.6808376198424044,2.6400193469848787,2.693075915312944,0.06362745716409468,2.5763918898207843,2.7567033724770384,368.7749776715951,479.5541126445727,377.0438747078991,571.0884442517711
test,FatigueData-AM2022:1165,AM2022,3,0,6.0,2.3509703912639006,2.3832734118772203,2.3752200662438785,2.386613841535135,0.07510453044171461,2.300115535802164,2.4617183719768496,224.37289486800137,241.69819765177988,199.57931872403717,289.5465349155607
test,FatigueData-AM2022:1165,AM2022,4,0,5.0,2.566761445386415,2.654356511195915,2.6497417444122284,2.6620500940651284,0.06344506748061451,2.586296676931614,2.725495161545743,368.7749776715951,451.1869307244646,385.7417771009911,531.490078167871
test,FatigueData-AM2022:1165,AM2022,4,0,6.0,2.3509703912639006,2.3897982117137557,2.386305082259282,2.394079179563137,0.06390925465714714,2.322395827602135,2.457988434220284,224.37289486800137,245.356863767166,210.08537856090962,287.0704130733927
test,FatigueData-AM2022:1330,AM2022,2,0,5.0,1.9634399079634497,1.920276392800612,1.9157934930346627,1.9255631385986833,0.07309786491601589,1.8426956281186468,1.9986610035146992,91.9263270277467,83.22932889699854,69.61384599266341,99.69215946897594
test,FatigueData-AM2022:1330,AM2022,3,0,5.0,1.9634399079634497,1.946871795142099,1.940722407184326,1.9510719077407097,0.06362745716409468,1.8770949500202314,2.0146993649048044,91.9263270277467,88.48543599689621,75.35202882444165,103.44258500108252
test,FatigueData-AM2022:1330,AM2022,4,0,5.0,1.9634399079634497,1.9762944759678844,1.974815968915081,1.9778278210110354,0.06344506748061451,1.9113709014344664,2.04127288849165,91.9263270277467,94.68789806959045,81.54003648381618,109.96966156244918
test,WELD2025:2306,Weld2025,2,0,5.0,2.398787821012176,2.3868441687119724,2.3861713186387874,2.387416497833235,0.07309786491601589,2.3130734537227715,2.460514362749251,250.48851669025765,243.69362526784275,205.62383452546445,288.7449269750722
test,WELD2025:2306,Weld2025,2,0,6.0,2.278488873902462,2.2152300810595884,2.213307973648196,2.2170909501767584,0.07642239093833281,2.1368855827098634,2.293513341115091,189.88421954457434,164.14591571191065,137.05206473312256,196.56823635530924
test,WELD2025:2306,Weld2025,3,0,5.0,2.398787821012176,2.388177354906703,2.387146460026328,2.3891033329419082,0.06362745716409468,2.3235190028622332,2.4527307901060027,250.48851669025765,244.44285918432487,210.62940593613132,283.61604080372393
test,WELD2025:2306,Weld2025,3,0,6.0,2.278488873902462,2.217800491287933,2.2159368642215203,2.219283551556937,0.07510453044171461,2.1408323337798056,2.2943880819986515,189.88421954457434,165.12030847437904,138.3032334489698,196.96455627266948
test,WELD2025:2306,Weld2025,4,0,5.0,2.398787821012176,2.387256736470018,2.386238624302083,2.3885504438279463,0.06344506748061451,2.3227935568214684,2.451995511308561,250.48851669025765,243.9252374736567,210.27786400521498,283.1362731832502
test,WELD2025:2306,Weld2025,4,0,6.0,2.278488873902462,2.2157982610578824,2.213817350380225,2.217120492886177,0.06390925465714714,2.149908095723078,2.2810297475433243,189.88421954457434,164.36080552684948,141.2238658700549,190.9984080832507
test,WELD2025:4661,Weld2025,2,0,6.0,2.472869059832799,2.49692964553833,2.49692964553833,2.49692964553833,0.07642239093833281,2.4205072545999973,2.573352036476663,297.0770206875871,313.9999981672486,263.33419315307776,374.41396298929413
test,WELD2025:4661,Weld2025,2,0,7.0,2.2192828809515124,2.1819516685080407,2.177541725888788,2.184649763062155,0.17283688789025264,2.0047048379985353,2.3574866509524077,165.68488129108366,152.037832140808,101.08921823993538,227.76482319833903
test,WELD2025:4661,Weld2025,3,0,6.0,2.472869059832799,2.4660910115819825,2.3633574373917265,2.49692964553833,0.07510453044171461,2.288252906950012,2.5720341759800447,297.0770206875871,292.4765233019815,194.20164617943013,373.2795311642558
test,WELD2025:4661,Weld2025,3,0,7.0,2.2192828809515124,2.216103706532377,2.2154908180236816,2.2180711886778357,0.10188500503614173,2.11360581298754,2.3199561937139777,165.68488129108366,164.4764434748293,129.89900156309488,208.9085398984446
test,WELD2025:4661,Weld2025,4,0,6.0,2.472869059832799,2.49692964553833,2.49692964553833,2.49692964553833,0.06390925465714714,2.433020390881183,2.560838900195477,297.0770206875871,313.9999981672486,271.0318883088414,363.780068331597
test,WELD2025:4661,Weld2025,4,0,7.0,2.2192828809515124,2.2037925866103856,2.203128276083642,2.20459864966805,0.11888132054548817,2.0842469555381538,2.323479970213538,165.68488129108366,159.87942829200423,121.40790234282254,210.61047625936556
test,WELD2025:1146,Weld2025,2,0,5.0,1.6771962181309947,1.6735691663542012,1.6732175597764125,1.6739473602018478,0.07309786491601589,1.6001196948603966,1.7470452251178636,47.55500351717123,47.159497223906506,39.82169070372267,55.85283538812295
test,WELD2025:1146,Weld2025,3,0,5.0,1.6771962181309947,1.708367201173623,1.7062471035971474,1.7099868226394264,0.06362745716409468,1.6426196464330527,1.773614279803521,47.55500351717123,51.09368205816775,43.91568349692169,59.37645702350472
test,WELD2025:1146,Weld2025,4,0,5.0,1.6771962181309947,1.6839755547946726,1.6832212549451058,1.6846326410152745,0.06344506748061451,1.6197761874644914,1.748077708495889,47.55500351717123,48.3031612794303,41.66546062613288,55.98577681213745
test,WELD2025:2133,Weld2025,2,0,5.0,2.212536828081235,2.2201080322265625,2.2201080322265625,2.2201080322265625,0.07309786491601589,2.1470101673105466,2.2932058971425784,163.1311238214442,165.9999786664589,140.2846546355081,196.42913181674533
test,WELD2025:2133,Weld2025,2,0,6.0,2.153732961898399,2.149470761894677,2.147682502111226,2.150990872581406,0.07642239093833281,2.071260111172893,2.227413263519739,142.47312883626614,141.08172524928406,117.83114860945065,168.81586699297011
test,WELD2025:2133,Weld2025,2,0,7.0,2.1105104936306724,2.1003706455230713,2.1003706455230713,2.1003706455230713,0.17283688789025264,1.9275337576328186,2.273207533413324,128.97647214333912,126.00002913022395,84.63183504254604,187.58907133274508
test,WELD2025:2133,Weld2025,3,0,5.0,2.212536828081235,2.2201080322265625,2.2201080322265625,2.2201080322265625,0.06362745716409468,2.156480575062468,2.283735489390657,163.1311238214442,165.9999786664589,143.37735854109266,192.19208107650505
test,WELD2025:2133,Weld2025,3,0,6.0,2.153732961898399,2.1521246826490934,2.152014656087015,2.1522345922747688,0.07510453044171461,2.0769101256453,2.2273391227164834,142.47312883626614,141.94649808181398,119.37410421316574,168.7870499662441
test,WELD2025:2133,Weld2025,3,0,7.0,2.1105104936306724,2.1003706455230713,2.1003706455230713,2.1003706455230713,0.10188500503614173,1.9984856404869296,2.202255650559213,128.97647214333912,126.00002913022395,99.6519130680778,159.3146268047206
test,WELD2025:2133,Weld2025,4,0,5.0,2.212536828081235,2.2119835079736263,2.2107701781855567,2.214369471475172,0.06344506748061451,2.147325110704942,2.2778145389557864,163.1311238214442,162.92341624477794,140.3864237137873,189.58961251460062
test,WELD2025:2133,Weld2025,4,0,6.0,2.153732961898399,2.1423770940973386,2.14162330570213,2.1431775863121088,0.06390925465714714,2.0777140510449827,2.207086840969256,142.47312883626614,138.79604597296156,119.59528305991915,161.09677300216626
test,WELD2025:2133,Weld2025,4,0,7.0,2.1105104936306724,2.1003706455230713,2.1003706455230713,2.1003706455230713,0.11888132054548817,1.9814893249775831,2.2192519660685592,128.97647214333912,126.00002913022395,95.82731615212455,165.67308757363435
test,WELD2025:4925,Weld2025,2,0,5.0,2.5688803142045695,2.569026591157484,2.5650603229601336,2.570375270729256,0.07309786491601589,2.4919624580441178,2.643473135645272,370.5785811701236,370.7034186659697,310.42912305817106,440.02072842832183
test,WELD2025:4925,Weld2025,3,0,5.0,2.5688803142045695,2.5660541048703087,2.56600013068526,2.566110129782696,0.06362745716409468,2.5023726735211653,2.6297375869467903,370.5785811701236,368.1748384000484,317.9601355974347,426.32184520276525
test,WELD2025:4925,Weld2025,4,0,5.0,2.5688803142045695,2.576588713813765,2.5757102888936356,2.577934735425528,0.06344506748061451,2.512265221413021,2.6413798029061426,370.5785811701236,377.2147912242425,325.2858871635962,437.90489807021135
test,WELD2025:1547,Weld2025,2,0,6.0,2.005153441414033,2.004226665526164,2.0004886951060787,2.006916986200142,0.07642239093833281,1.924066304167746,2.0833393771384747,101.19369204764477,100.97797694563842,83.95881574888854,121.15445188198804
test,WELD2025:1547,Weld2025,3,0,6.0,2.005153441414033,2.011913328112737,2.0101542896184252,2.013309882617523,0.07510453044171461,1.9350497591767106,2.0884144130592377,101.19369204764477,102.78111580057215,86.10924059701442,122.57853118739504
test,WELD2025:1547,Weld2025,4,0,6.0,2.005153441414033,2.0088001153325497,2.008554600089165,2.00905056675564,0.06390925465714714,1.944645345432018,2.072959821412787,101.19369204764477,102.04697029411686,88.03296825255417,118.29321121525987
test,WELD2025:5072,Weld2025,2,0,5.0,2.300138452310783,2.2043351718176325,2.1956555552400165,2.2111689648009354,0.07309786491601589,2.1225576903240007,2.2842668297169513,199.58985024594253,160.0792982611266,132.60432535102512,192.42736359131112
test,WELD2025:5072,Weld2025,3,0,5.0,2.300138452310783,2.299752151750767,2.2989486533432584,2.300195286561612,0.06362745716409468,2.2353211961791635,2.3638227437257067,199.58985024594253,199.41239602140024,171.91793904252899,231.1121318904566
test,WELD2025:5072,Weld2025,4,0,5.0,2.300138452310783,2.300330544681014,2.299526776359513,2.300757811585184,0.06344506748061451,2.2360817088788982,2.3642028790657985,199.58985024594253,199.6781501651238,172.2192560651432,231.31451150320305
test,WELD2025:3000,Weld2025,2,0,6.0,2.2410236232561793,2.1431370419835236,2.1412315068706302,2.145085792204218,0.07642239093833281,2.0648091159322974,2.221508183142551,174.19016207826368,139.0391301125223,116.09382382076402,166.53602068426653
test,WELD2025:3000,Weld2025,2,0,7.0,2.049397694958805,2.046373172380806,2.0463534672372172,2.046396348623479,0.17283688789025264,1.8735165793469646,2.2192332365137317,112.04634518823164,111.2687405706351,74.73371635098594,165.66594284489113
test,WELD2025:3000,Weld2025,3,0,6.0,2.2410236232561793,2.1530819566255635,2.1526111357606466,2.1534938512021293,0.07510453044171461,2.077506605318932,2.228598381643844,174.19016207826368,142.25972231089997,119.53817064650951,169.27716681377623
test,WELD2025:3000,Weld2025,3,0,7.0,2.049397694958805,2.045322895050049,2.045322895050049,2.045322895050049,0.10188500503614173,1.943437890013907,2.1472079000861903,112.04634518823164,110.99997859801806,87.78855286117451,140.34854029595883
test,WELD2025:3000,Weld2025,4,0,6.0,2.2410236232561793,2.1527005219943636,2.1524390293494364,2.152955705084277,0.06390925465714714,2.0885297746922893,2.2168649597414243,174.19016207826368,142.1348324842149,122.61109604467177,164.764998879992
test,WELD2025:3000,Weld2025,4,0,7.0,2.049397694958805,2.0461434812289503,2.0461315125278845,2.046152677243169,0.11888132054548817,1.9272501919823963,2.1650339977886572,112.04634518823164,111.20990793750556,84.57659407293465,146.22916422623865
test,WELD2025:837,Weld2025,2,0,5.0,2.5651780244665483,2.510275618923915,2.503819377690669,2.518083198308268,0.07309786491601589,2.430721512774653,2.5911810632242838,367.4328864286413,323.79908630150146,269.6010087093974,390.10459264159977
test,WELD2025:837,Weld2025,3,0,5.0,2.5651780244665483,2.5442587524714337,2.5418686981909655,2.5464802393783437,0.06362745716409468,2.478241241026871,2.610107696542438,367.4328864286413,350.1537263367252,300.7746575714513,407.4813126768402
test,WELD2025:837,Weld2025,4,0,5.0,2.5651780244665483,2.6386357284681425,2.6364196477116253,2.6415223526362324,0.06344506748061451,2.5729745802310107,2.704967420116847,367.4328864286413,435.14673420136893,374.08869177826404,506.95267629599624
test,WELD2025:3243,Weld2025,2,0,5.0,1.965463083844799,1.989378903837138,1.9840397749568015,1.9956351518630981,0.07309786491601589,1.9109419100407856,2.068733016779114,92.35556804593804,97.58406467265894,81.45953188471138,117.14749780421938
test,WELD2025:3243,Weld2025,3,0,5.0,1.965463083844799,1.9729568522988443,1.9702902240594145,1.9751160729399984,0.06362745716409468,1.9066627668953198,2.0387435301040933,92.35556804593804,93.96299525135072,80.66084491588633,109.331052788393
test,WELD2025:3243,Weld2025,4,0,5.0,1.965463083844799,1.9603483470946483,1.9586328446618864,1.9618573264611865,0.06344506748061451,1.8951877771812717,2.025302393941801,92.35556804593804,91.27426556359195,78.55752226577957,105.99915274363472
test,FatigueData-AM2022:1235,AM2022,2,0,7.0,2.745458673140368,2.7882266119122505,2.7876200675964355,2.791501998901367,0.17283688789025264,2.614783179706183,2.96433888679162,556.4916767636628,614.0823455807442,411.89183192316136,921.168093282033
test,FatigueData-AM2022:1235,AM2022,3,0,7.0,2.745458673140368,2.74908865350047,2.7480743439135242,2.75039763868752,0.10188500503614173,2.6461893388773827,2.8522826437236617,556.4916767636628,561.1625156964038,442.7813691853625,711.6765300429846
test,FatigueData-AM2022:1235,AM2022,4,0,7.0,2.745458673140368,2.7426499351356317,2.742083072844239,2.743233993737219,0.11888132054548817,2.623201752298751,2.8621153142827076,556.4916767636628,552.9042587842208,419.9540290982961,727.9730709777394
test,WELD2025:4154,Weld2025,2,0,6.0,2.091588743394226,2.1230727204400477,2.1204119252471414,2.1256203057062772,0.07642239093833281,2.0439895343088086,2.20204269664461,123.47776028817808,132.76167419059877,110.6597116719102,159.23652690171642
test,WELD2025:4154,Weld2025,3,0,6.0,2.091588743394226,2.112360146053453,2.1105281824460382,2.1142864272955926,0.07510453044171461,2.0354236520043236,2.189390957737307,123.47776028817808,129.5269520389089,108.49847949731148,154.66461246936578
test,WELD2025:4154,Weld2025,4,0,6.0,2.091588743394226,2.103990077972412,2.103990077972412,2.103990077972412,0.06390925465714714,2.040080823315265,2.1678993326295593,123.47776028817808,127.05450776066661,109.66822725324336,147.197126703148
test,FatigueData-AM2022:709,AM2022,2,0,5.0,2.7539385535940633,2.724218040815555,2.716353001172094,2.7309203130517914,0.07309786491601589,2.6432551362560783,2.8040181779678073,567.464311712158,529.9294321779803,439.79991010600196,636.8221753813701
test,FatigueData-AM2022:709,AM2022,3,0,5.0,2.7539385535940633,2.7139439831579413,2.709530519742581,2.7184206140332705,0.06362745716409468,2.645903062578486,2.782048071197365,567.464311712158,517.5400734916814,442.4895947138351,605.4078824466574
test,FatigueData-AM2022:709,AM2022,4,0,5.0,2.7539385535940633,2.7071022458372593,2.7035036464280027,2.7117992293779754,0.06344506748061451,2.640058578947388,2.77524429685859,567.464311712158,509.45079680858623,436.57471478101394,595.9973062636844
test,WELD2025:3395,Weld2025,2,0,5.0,2.569954318717643,2.5809249877929688,2.5809249877929688,2.5809249877929688,0.07309786491601589,2.507827122876953,2.6540228527089846,371.4961512045597,381.0000106303681,321.9786853997085,450.8404272790164
test,WELD2025:3395,Weld2025,2,0,6.0,2.399648698921441,2.4581652466227206,2.4560048865107,2.459533117876009,0.07642239093833281,2.3795824955723672,2.5359555088143417,250.98553865685867,287.187310582532,239.65279343632028,343.5227539976753
test,WELD2025:3395,Weld2025,3,0,5.0,2.569954318717643,2.576081205929997,2.576034107179537,2.576117511462857,0.06362745716409468,2.5124066500154427,2.6397449686269514,371.4961512045597,376.77424298849786,325.3918342154043,436.2595716698608
test,WELD2025:3395,Weld2025,3,0,6.0,2.399648698921441,2.4781676119674145,2.4777387238933355,2.478466849754946,0.07510453044171461,2.402634193451621,2.5535713801966606,250.98553865685867,300.7236694080973,252.71684639393027,357.7431940500444
test,WELD2025:3395,Weld2025,4,0,5.0,2.569954318717643,2.5809249877929688,2.5809249877929688,2.5809249877929688,0.06344506748061451,2.517479920312354,2.6443700552735834,371.4961512045597,381.0000106303681,329.21523165291677,440.93041312675393
test,WELD2025:3395,Weld2025,4,0,6.0,2.399648698921441,2.4395021987481993,2.4387491664245267,2.4404262252330664,0.06390925465714714,2.3748399117673795,2.5043354798902135,250.98553865685867,275.107353310347,237.0499738616205,319.4004177979537
test,CMA2022:97:2,CMA2022,2,0,6.0,2.7608452936957617,2.767844181357515,2.7671247178725085,2.7686635254090706,0.07642239093833281,2.6907023269341757,2.8450859163474034,576.5610416779142,585.9279042535499,490.5715145592457,699.9804592305507
test,CMA2022:97:2,CMA2022,3,0,6.0,2.7608452936957617,2.7687265688458362,2.7664048092330304,2.7710088837695537,0.07510453044171461,2.691300278791316,2.8461134142112683,576.5610416779142,587.1195865292036,491.24741580195695,701.6385044964006
test,CMA2022:97:2,CMA2022,4,0,6.0,2.7608452936957617,2.7645897015351983,2.763547001324854,2.7660851204933437,0.06390925465714714,2.699637746667707,2.829994375150491,576.5610416779142,581.5535371227492,500.76935807481055,676.0742190284448
test,WELD2025:4721,Weld2025,2,0,5.0,2.4300905384048717,2.602783617965129,2.6008575007875345,2.60487300860171,0.07309786491601589,2.5277596358715186,2.677970873517726,269.20959730892173,400.66704032399537,337.10068565865913,476.3990354591521
test,WELD2025:4721,Weld2025,2,0,6.0,2.2428166865685464,2.3197772887990054,2.312439965202991,2.3279706595964544,0.07642239093833281,2.2360175742646584,2.4043930505347872,174.91082433389306,208.82249904591146,172.1938253942519,253.7424042352986
test,WELD2025:4721,Weld2025,3,0,5.0,2.4300905384048717,2.559366263605983,2.5583493349934323,2.560729243777983,0.06362745716409468,2.4947218778293374,2.6243567009420774,269.20959730892173,362.54862603722614,312.40780668938606,421.07232753127533
test,WELD2025:4721,Weld2025,3,0,6.0,2.2428166865685464,2.299524017604706,2.291529034433195,2.3092828365595697,0.07510453044171461,2.2164245039914805,2.3843873670012843,174.91082433389306,199.30767253991797,164.5979810937221,242.31894359893292
test,WELD2025:4721,Weld2025,4,0,5.0,2.4300905384048717,2.5841849439328612,2.582359632459905,2.585977554085055,0.06344506748061451,2.5189145649792906,2.6494226215656695,269.20959730892173,383.87068169098814,330.30455666861576,446.090137428704
test,WELD2025:4721,Weld2025,4,0,6.0,2.2428166865685464,2.3052706926494637,2.2973658685220704,2.3131377218598606,0.06390925465714714,2.2334566138649232,2.3770469765170077,174.91082433389306,201.96247891668426,171.18141574676926,238.2577172665148
test,WELD2025:4219,Weld2025,2,0,6.0,2.2449481467264008,2.2603795251562486,2.2556537181457483,2.2661934250306057,0.07642239093833281,2.1792313272074155,2.3426158159689385,175.7713736429982,182.12917701526933,151.08847134886756,220.09785798175992
test,WELD2025:4219,Weld2025,3,0,6.0,2.2449481467264008,2.265129504340239,2.261965221273472,2.2685539767457574,0.07510453044171461,2.1868606908317574,2.343658507187472,175.7713736429982,184.13209918892113,153.76613236966847,220.62692254146378
test,WELD2025:4219,Weld2025,4,0,6.0,2.2449481467264008,2.2607307312285108,2.257883551198107,2.263871210376562,0.06390925465714714,2.1939742965409597,2.327780465033709,175.7713736429982,182.27652114732706,156.3055131420711,212.7063547931217
test,WELD2025:5352,Weld2025,2,0,5.0,1.9216801979370224,1.9712748740810933,1.968699803199783,1.9734426872905648,0.07309786491601589,1.8956019382837672,2.0465405522065807,83.49879305086088,93.59978994024158,78.63247368676683,111.31163250820056
test,WELD2025:5352,Weld2025,2,0,6.0,1.8938003904714287,1.8994768200288474,1.8991248196314563,1.8998034916873319,0.07642239093833281,1.8227024286931235,1.9762258826256647,78.30696471960381,79.33719103289167,66.48174783041604,94.6729440538695
test,WELD2025:5352,Weld2025,3,0,5.0,1.9216801979370224,1.9420241629157018,1.9395721456569548,1.9441701642829636,0.06362745716409468,1.8759446884928601,2.0077976214470583,83.49879305086088,87.50324582023255,75.15271738340189,101.81168413191921
test,WELD2025:5352,Weld2025,3,0,6.0,1.8938003904714287,1.895487376647684,1.895304686535846,1.895641295944235,0.07510453044171461,1.8202001560941314,1.9707458263859496,78.30696471960381,78.61173412598745,66.09980162297003,93.48583821824622
test,WELD2025:5352,Weld2025,4,0,5.0,1.9216801979370224,1.9354931227598713,1.9328766342224586,1.9374415822484714,0.06344506748061451,1.8694315667418442,2.000886649729086,83.49879305086088,86.19719289010231,74.03406002737064,100.20436719054867
test,WELD2025:5352,Weld2025,4,0,6.0,1.8938003904714287,1.8949757747178162,1.894833602072045,1.895075715727715,0.06390925465714714,1.830924347414898,1.958984970384862,78.30696471960381,78.5191834780497,67.75234751025559,90.98817838378211
test,FatigueData-AM2022:398,AM2022,2,0,5.0,2.4322821430732326,2.4623211213016862,2.454804494860018,2.470923528404556,0.07309786491601589,2.381706629944002,2.544021393320572,270.57155842012935,289.9486702202088,240.82780643447623,349.96240573123714
test,FatigueData-AM2022:398,AM2022,3,0,5.0,2.4322821430732326,2.4890139080119296,2.484001592879267,2.4950886117029265,0.06362745716409468,2.4203741357151722,2.558716068867021,270.57155842012935,308.3286689015805,263.25348896803894,362.0062501836925
test,FatigueData-AM2022:398,AM2022,4,0,5.0,2.4322821430732326,2.457815309335772,2.453948708812664,2.4629499913783417,0.06344506748061451,2.3905036413320495,2.5263950588589563,270.57155842012935,286.9559996290239,245.75572364605333,336.0431591422806
test,FatigueData-AM2022:255,AM2022,2,0,5.0,2.5154168900261396,2.567259275883779,2.561752962416793,2.5729597602699346,0.07309786491601589,2.4886550975007773,2.6460576251859504,327.65506817989694,369.19794572965026,308.074035506408,442.6471019353786
test,FatigueData-AM2022:255,AM2022,3,0,5.0,2.5154168900261396,2.549405251221784,2.547570458529557,2.5514177394245894,0.06362745716409468,2.4839430013654624,2.6150451965886843,327.65506817989694,354.32781916656074,304.7494997318377,412.14040790214267
test,FatigueData-AM2022:255,AM2022,4,0,5.0,2.5154168900261396,2.5353523285850255,2.53038933137175,2.540210621775367,0.06344506748061451,2.4669442638911354,2.6036556892559815,327.65506817989694,343.0459754127129,293.0517126948374,401.472395408234
test,WELD2025:5170,Weld2025,2,0,5.0,2.290253894105696,2.3052307727895296,2.300021463861319,2.312843541298026,0.07309786491601589,2.226923598945303,2.385941406214042,195.09848371020664,201.94391560612385,168.62563531952307,243.1875885107651
test,WELD2025:5170,Weld2025,2,0,6.0,2.2464506216660993,2.2355284690856934,2.2355284690856934,2.2355284690856934,0.07642239093833281,2.1591060781473606,2.311950860024026,176.38052122757534,172.00000878353538,144.24676369332178,205.09301050548214
test,WELD2025:5170,Weld2025,3,0,5.0,2.290253894105696,2.294679674760058,2.2938363332043528,2.2956200083049736,0.06362745716409468,2.2302088760402583,2.3592474654690685,195.09848371020664,197.09684605867977,169.906062744235,228.69015322344208
test,WELD2025:5170,Weld2025,3,0,6.0,2.2464506216660993,2.2355284690856934,2.2355284690856934,2.2355284690856934,0.07510453044171461,2.1604239386439787,2.310632999527408,176.38052122757534,172.00000878353538,144.68514326072562,204.4716019544955
test,WELD2025:5170,Weld2025,4,0,5.0,2.290253894105696,2.2948580699119736,2.2938913395061533,2.296275077945836,0.06344506748061451,2.2304462720255387,2.3597201454264507,195.09848371020664,197.17782416412754,169.9989629419438,228.93919184468172
test,WELD2025:5170,Weld2025,4,0,6.0,2.2464506216660993,2.249209988308744,2.249209988308744,2.249209988308744,0.06390925465714714,2.185300733651597,2.3131192429658913,176.38052122757534,177.50475372267098,153.2148053059109,205.64551533539384
test,WELD2025:2199,Weld2025,2,0,5.0,2.6741615072562626,2.6859057971600926,2.6818425030342423,2.689835651151178,0.07309786491601589,2.6087446381182264,2.7629335160671937,472.2386266970624,485.18324762249387,406.2044137984161,579.3400014246353
test,WELD2025:2199,Weld2025,3,0,5.0,2.6741615072562626,2.6868595815102463,2.6865525334001976,2.6872313522796607,0.06362745716409468,2.622925076236103,2.7508588094437556,472.2386266970624,486.2499632497404,419.68657411330423,563.4544451637116
test,WELD2025:2199,Weld2025,4,0,5.0,2.6741615072562626,2.6834355075217626,2.682881396282485,2.6840192503584674,0.06344506748061451,2.6194363288018705,2.747464317839082,472.2386266970624,482.4313339673387,416.32867928923713,559.0675920126789
test,WELD2025:2500,Weld2025,2,0,5.0,2.3127526353822403,2.339796153299554,2.3358911586981406,2.342872806758488,0.07309786491601589,2.2627932937821247,2.4159706716745037,205.47199391848136,218.67349856651998,183.14425239717923,260.59775598769494
test,WELD2025:2500,Weld2025,3,0,5.0,2.3127526353822403,2.3364812302106257,2.3338623989487117,2.3392327290643715,0.06362745716409468,2.270234941784617,2.402860186228466,205.47199391848136,217.0107411588593,186.30947488883717,252.84838627411492
test,WELD2025:2500,Weld2025,4,0,5.0,2.3127526353822403,2.3361719543427286,2.3336659951577445,2.33933381731569,0.06344506748061451,2.27022092767713,2.4027788847963047,205.47199391848136,216.85625544484833,186.3034630259422,252.80105661017606
test,CMA2022:95:1,CMA2022,2,0,5.0,2.130947262509696,2.1419447693682807,2.1411816163920045,2.142700005329861,0.07309786491601589,2.0680837514759887,2.215797870245877,135.1908387531291,138.65794818684637,116.9724944760877,164.36065762225985
test,CMA2022:95:1,CMA2022,2,0,6.0,2.0219179734845825,1.979415898443404,1.977372367456515,1.9818859831080733,0.07642239093833281,1.900949976518182,2.058308374046406,105.17632053571023,95.37090382580872,79.60676514184745,114.3690132280105
test,CMA2022:95:1,CMA2022,3,0,5.0,2.130947262509696,2.1762779565998738,2.171389172770175,2.1794986755144374,0.06362745716409468,2.10776171560608,2.2431261326785323,135.1908387531291,150.06449690952107,128.16271991959317,175.03549725497592
test,CMA2022:95:1,CMA2022,3,0,6.0,2.0219179734845825,2.0110608872933264,2.010746301206675,2.011341772756493,0.07510453044171461,1.9356417707649602,2.0864463031982075,105.17632053571023,102.57957308589292,86.22670105643023,122.02429388040461
test,CMA2022:95:1,CMA2022,4,0,5.0,2.130947262509696,2.149386605840282,2.1490080229378097,2.149908177862013,0.06344506748061451,2.085562955457195,2.2133532453426277,135.1908387531291,141.05438957828054,121.77635074111716,163.43807758860382
test,CMA2022:95:1,CMA2022,4,0,6.0,2.0219179734845825,1.9831206750720987,1.9812521982488098,1.9850259673039892,0.06390925465714714,1.9173429435916627,2.0489352219611363,105.17632053571023,96.18795135418931,82.66904936717232,111.92709239823924
test,FatigueData-AM2022:568,AM2022,2,0,5.0,2.03081847608009,2.0076634031981886,2.0026644087384495,2.0141550525145235,0.07309786491601589,1.9295665438224336,2.0872529174305394,107.35406061997227,101.78022420053442,85.02889668745806,122.25113994119904
test,FatigueData-AM2022:568,AM2022,3,0,5.0,2.03081847608009,2.0381612921490224,2.03322432114054,2.042328206260965,0.06362745716409468,1.9695968639764454,2.1059556634250596,107.35406061997227,109.18457605528405,93.23884047759348,127.63085054374582
test,FatigueData-AM2022:568,AM2022,4,0,5.0,2.03081847608009,2.04260196759122,2.038342506563695,2.0457794119514863,0.06344506748061451,1.9748974390830805,2.109224479432101,107.35406061997227,110.30671915522154,94.3837957687332,128.59511744839438
test,WELD2025:4195,Weld2025,2,0,5.0,2.543174298365332,2.5360909313193254,2.5327596660817595,2.5390027310690306,0.07309786491601589,2.4596618011657436,2.6121005959850465,349.28046646374145,343.6298885979178,288.1786490920795,409.3554680902552
test,WELD2025:4195,Weld2025,2,0,6.0,2.205264557240772,2.199952381545557,2.1996399064335455,2.200301206172275,0.07642239093833281,2.1232175154952126,2.2767235971106077,160.42223300931352,158.47194255124313,132.8059447020532,189.11396364255992
test,WELD2025:4195,Weld2025,3,0,5.0,2.543174298365332,2.578686709402565,2.574552270182122,2.582397553885999,0.06362745716409468,2.5109248130180273,2.646025011050094,349.28046646374145,379.0414540615347,324.2834711002387,442.6138617924239
test,WELD2025:4195,Weld2025,3,0,6.0,2.205264557240772,2.244453572326075,2.2401479376418387,2.249584250499633,0.07510453044171461,2.165043407200124,2.3246887809413477,160.42223300931352,175.57131919828117,146.23233245732962,211.19750384489544
test,WELD2025:4195,Weld2025,4,0,5.0,2.543174298365332,2.556643009441718,2.5536049096254985,2.559064494381405,0.06344506748061451,2.490159842144884,2.6225095618620196,349.28046646374145,360.2823687523734,309.14330255130875,419.28522798624414
test,WELD2025:4195,Weld2025,4,0,6.0,2.205264557240772,2.2070408277988713,2.202813856099842,2.2103489019891067,0.06390925465714714,2.138904601442695,2.274258156646254,160.42223300931352,161.07970582560975,137.6906979746902,188.0434266762164
test,WELD2025:5297,Weld2025,2,0,5.0,2.630554796671401,2.6155495930894013,2.6131442707528465,2.6176019156581827,0.07309786491601589,2.5400464058368306,2.6906997805741986,427.12480808598707,412.61935238289544,346.77390243931643,490.5686382436107
test,WELD2025:5297,Weld2025,3,0,5.0,2.630554796671401,2.6153053439135325,2.61340789318679,2.617800522549746,0.06362745716409468,2.5497804360226954,2.681427979713841,427.12480808598707,412.3873586409311,354.63405343105785,480.20643963998356
test,WELD2025:5297,Weld2025,4,0,5.0,2.630554796671401,2.603730390172825,2.6002403901659252,2.6076444140152315,0.06344506748061451,2.5367953226853106,2.671089481495846,427.12480808598707,401.5414566942296,344.187681376368,468.909985824169
test,WELD2025:3840,Weld2025,2,0,5.0,2.0719841690358476,2.0692677043053944,2.0686424089501254,2.069978613123553,0.07309786491601589,1.9955445440341095,2.143076478039569,118.02776112204076,117.29181435125022,98.97933782352075,139.01974195239333
test,WELD2025:3840,Weld2025,2,0,6.0,1.910311735012696,1.8800385698818152,1.8734464069707324,1.8861152719922787,0.07642239093833281,1.7970240160323996,1.9625376629306115,81.34141724250027,75.86449476251826,62.66485167243454,91.73554869369356
test,WELD2025:3840,Weld2025,3,0,5.0,2.0719841690358476,2.078318991405962,2.075377343400147,2.07918119430542,0.06362745716409468,2.0117498862360526,2.1428086514695144,118.02776112204076,119.76198659372987,102.74244255340525,138.9340358155714
test,WELD2025:3840,Weld2025,3,0,6.0,1.910311735012696,1.9077554070369418,1.9068302379018172,1.9105294971285174,0.07510453044171461,1.8317257074601025,1.985634027570232,81.34141724250027,80.86403478092925,67.87747953244427,96.74622489978384
test,WELD2025:3840,Weld2025,4,0,5.0,2.0719841690358476,2.07918119430542,2.07918119430542,2.07918119430542,0.06344506748061451,2.0157361268248053,2.1426262617860345,118.02776112204076,119.99998570310129,103.6898214943103,138.8757002492735
test,WELD2025:3840,Weld2025,4,0,6.0,1.910311735012696,1.8941492415922465,1.8906975418048022,1.8976574450720918,0.06390925465714714,1.826788287147655,1.961566699729239,81.34141724250027,78.36989079395059,67.11016199515677,91.53068229584714
test,WELD2025:2628,Weld2025,2,0,5.0,1.6475064915987458,1.7444529458296594,1.7411420732191785,1.7504591886922853,0.07309786491601589,1.6680442083031626,1.8235570536083012,44.41262998754114,55.52044595499675,46.56334895172875,66.61270251827604
test,WELD2025:2628,Weld2025,3,0,5.0,1.6475064915987458,1.7363742029954896,1.7335746295482135,1.7396746320762388,0.06362745716409468,1.6699471723841188,1.8033020892403335,44.41262998754114,54.49720171525697,46.76782494070433,63.57730130035939
test,WELD2025:2628,Weld2025,4,0,5.0,1.6475064915987458,1.8452476476234823,1.836286823774808,1.8539015665656924,0.06344506748061451,1.7728417562941936,1.9173466340463068,44.41262998754114,70.02411805146201,59.27093199729547,82.66975185750118
test,WELD2025:4420,Weld2025,2,0,5.0,2.713547462725508,2.770050645842332,2.767503131779154,2.7738090648396927,0.07309786491601589,2.694405266863138,2.8469069297557086,517.0677636471205,588.9123281643222,494.77217394562604,702.921666112371
test,WELD2025:4420,Weld2025,2,0,6.0,2.57408045077251,2.6117886432446102,2.6101063489425007,2.6141341518613315,0.07642239093833281,2.533683958004168,2.6905565427996643,375.0424704594665,409.06153456535526,341.73066995501495,490.406866965342
test,WELD2025:4420,Weld2025,2,0,7.0,2.5375732027513,2.5256273837635503,2.5192338053585384,2.532534849643915,0.17283688789025264,2.3463969174682857,2.7053717375341675,344.8047204293954,335.4496814241604,222.0224636597432,507.4248564545031
test,WELD2025:4420,Weld2025,3,0,5.0,2.713547462725508,2.7295166749618716,2.72736085207037,2.7369225976578515,0.06362745716409468,2.6637333949062754,2.8005500548219464,517.0677636471205,536.4344677244916,461.03446741174946,631.7569885508854
test,WELD2025:4420,Weld2025,3,0,6.0,2.57408045077251,2.5782018642062567,2.5748529144515278,2.580388854314165,0.07510453044171461,2.499748384009813,2.6554933847558795,375.0424704594665,378.6185293174613,316.04460707583985,452.36957171319455
test,WELD2025:4420,Weld2025,3,0,7.0,2.5375732027513,2.5385555248953176,2.537470186513762,2.5395708791487364,0.10188500503614173,2.43558518147762,2.641455884184878,344.8047204293954,345.5855101361713,272.6372430637042,437.98161855460404
test,WELD2025:4420,Weld2025,4,0,5.0,2.713547462725508,2.745055071898965,2.74196626875765,2.748899893647038,0.06344506748061451,2.6785212012770354,2.8123449611276525,517.0677636471205,555.9747546990814,477.0030997662687,649.1498500744035
test,WELD2025:4420,Weld2025,4,0,6.0,2.57408045077251,2.574664638082105,2.5729532373413586,2.576518795828796,0.06390925465714714,2.5090439826842115,2.640428050485943,375.0424704594665,375.5472949136077,322.88211003732664,436.94628423612994
test,WELD2025:4420,Weld2025,4,0,7.0,2.5375732027513,2.5326206946400363,2.531304026958765,2.53388474998725,0.11888132054548817,2.4124227064132766,2.6527660705327385,344.8047204293954,340.89504967108644,258.47747731764093,449.53764958283523
test,WELD2025:804,Weld2025,2,0,5.0,2.660112126481914,2.6113438634259425,2.6081573148235067,2.614181506240125,0.07309786491601589,2.5350594499074908,2.6872793711561407,457.2062162291464,408.6428113555653,342.8147107161949,486.7202003649558
test,WELD2025:804,Weld2025,2,0,6.0,2.4259400192776406,2.4722880125045776,2.4635653495788574,2.473534107208252,0.07642239093833281,2.3871429586405246,2.5499564981465848,266.64903681921476,296.67982386486256,243.86134154564922,354.7778505203786
test,WELD2025:804,Weld2025,3,0,5.0,2.660112126481914,2.5816378202997177,2.5805080019516073,2.5825511860442814,0.06362745716409468,2.5168805447875124,2.6461786432083763,457.2062162291464,381.6258813550744,328.76119076895634,442.77046463822126
test,WELD2025:804,Weld2025,3,0,6.0,2.4259400192776406,2.483191341161728,2.4835028648376465,2.4835028648376465,0.07510453044171461,2.408398334395932,2.558607395279361,266.64903681921476,304.22250718691924,256.09336954575787,361.9156766260723
test,WELD2025:804,Weld2025,4,0,5.0,2.660112126481914,2.584324297815023,2.5828672561223667,2.5865891853312557,0.06344506748061451,2.519422188641752,2.6500342528118703,457.2062162291464,383.9938756418434,330.6908577718178,446.7188234814617
test,WELD2025:804,Weld2025,4,0,6.0,2.4259400192776406,2.391041610222355,2.3908838217964905,2.391182776009359,0.06390925465714714,2.3269745671393434,2.4550920306665063,266.64903681921476,246.06033459125004,212.31201256301713,285.16224863569323
test,WELD2025:3334,Weld2025,2,0,5.0,2.4853381240516286,2.4832731518767814,2.48110528330743,2.485639164525371,0.07309786491601589,2.408007418391414,2.558737029441387,305.7300476884889,304.2798208444663,255.86295917061335,362.0237222961769
test,WELD2025:3334,Weld2025,2,0,6.0,2.4011947713316286,2.365494013772646,2.36384526252504,2.367044786155283,0.07642239093833281,2.287422871586707,2.443467177093616,251.8806302606957,232.00322064942543,193.83083720222962,277.6305011887168
test,WELD2025:3334,Weld2025,3,0,5.0,2.4853381240516286,2.4840863775921997,2.48198607414285,2.4858749027275318,0.06362745716409468,2.4183586169787556,2.549502359891626,305.7300476884889,304.85012511032915,262.0345855510132,354.4070560709957
test,WELD2025:3334,Weld2025,3,0,6.0,2.4011947713316286,2.3733392243022635,2.3714305043798487,2.375732985629571,0.07510453044171461,2.296325973938134,2.4508375160712856,251.8806302606957,236.23227060424733,197.84540764091858,282.38232915747716
test,WELD2025:3334,Weld2025,4,0,5.0,2.4853381240516286,2.487214541858477,2.4845189440434554,2.4908003717279312,0.06344506748061451,2.421073876562841,2.554245439208546,305.7300476884889,307.05384625089135,263.67798825842385,358.2988705895589
test,WELD2025:3334,Weld2025,4,0,6.0,2.4011947713316286,2.3717239285598706,2.371247489016997,2.3722216312586455,0.06390925465714714,2.30733823435985,2.4361308859157926,251.8806302606957,235.3552706639198,202.92625210893695,272.980035504882
test,WELD2025:5463,Weld2025,2,0,6.0,2.0955970024126027,2.017804408959257,2.017540671182124,2.0181285217179754,0.07642239093833281,1.9411182802437912,2.094550912656308,124.62265587518047,104.18481117789035,87.32091548041453,124.32283718635455
test,WELD2025:5463,Weld2025,3,0,6.0,2.0955970024126027,2.0190602025236455,2.018725474592705,2.0194015113628603,0.07510453044171461,1.9436209441509904,2.094506041804575,124.62265587518047,104.48650498732863,87.82556333605241,124.30999294435772
test,WELD2025:5463,Weld2025,4,0,6.0,2.0955970024126027,2.0157535444653734,2.015385211872896,2.0160790052670876,0.06390925465714714,1.9514759572157487,2.0799882599242348,124.62265587518047,103.69398012015772,89.42850224455232,120.22319348151716
test,WELD2025:4192,Weld2025,2,0,6.0,2.772263967957989,2.8152525374788464,2.8135593282868356,2.816611008533392,0.07642239093833281,2.737136937348503,2.893033399471725,591.9212997673566,653.5104513445057,545.9299710789877,781.6879180843866
test,WELD2025:4192,Weld2025,3,0,6.0,2.772263967957989,2.8182125066505623,2.8149047411867825,2.8215529538839403,0.07510453044171461,2.739800210745068,2.896657484325655,591.9212997673566,657.9797177110926,549.2881257426885,788.2382114095361
test,WELD2025:4192,Weld2025,4,0,6.0,2.772263967957989,2.7725599998357024,2.771665561447238,2.7734963108676953,0.06390925465714714,2.707756306790091,2.8374055655248425,591.9212997673566,592.3249137105277,510.21862354180735,687.7103579609902
test,FatigueData-AM2022:556,AM2022,2,0,5.0,2.4592468344081473,2.4569934179858883,2.454219453993448,2.4594493761257445,0.07309786491601589,2.381121589077432,2.5325472410417604,287.90342697553325,286.4134561763616,240.5036041768827,340.83739788951664
test,FatigueData-AM2022:556,AM2022,3,0,5.0,2.4592468344081473,2.4626233235659827,2.4601279739072335,2.465402417476407,0.06362745716409468,2.3965005167431386,2.5290298746405018,287.90342697553325,290.1505001801124,249.17273360215657,338.0880921146928
test,FatigueData-AM2022:556,AM2022,4,0,5.0,2.4592468344081473,2.468488721022315,2.4673767143804026,2.469683593734274,0.06344506748061451,2.403931646899788,2.5331286612148887,287.90342697553325,294.0957313723986,253.4729660967345,341.2940061545596
test,WELD2025:378,Weld2025,2,0,5.0,1.9039693800432236,1.955033400046112,1.9528632780880038,1.9571165575384426,0.07309786491601589,1.8797654131719879,2.0302144224544585,80.16215430234179,90.164047690631,75.81679353441828,107.20484727426845
test,WELD2025:378,Weld2025,2,0,6.0,1.7264944435695049,1.7342888607315816,1.730788897288036,1.738667263801608,0.07642239093833281,1.6543665063497033,1.8150896547399409,53.271440864916435,54.23615094258324,45.11973147722541,65.32653973134975
test,WELD2025:378,Weld2025,3,0,5.0,1.9039693800432236,1.922328879180808,1.9192021510395285,1.925922153606085,0.06362745716409468,1.8555746938754338,1.9895496107701798,80.16215430234179,83.62360369035211,71.70916968619639,97.6224293110061
test,WELD2025:378,Weld2025,3,0,6.0,1.7264944435695049,1.7254558521903882,1.7254154200353113,1.725495684471623,0.07510453044171461,1.6503108895935967,1.8006002149133375,53.271440864916435,53.144197351141095,44.70034649627319,63.18299593568227
test,WELD2025:378,Weld2025,4,0,5.0,1.9039693800432236,1.9521219186882899,1.9501623971402104,1.954414767493428,0.06344506748061451,1.886717329659596,2.0178598349740424,80.16215430234179,89.56161549319621,77.04018724424098,104.19810841657063
test,WELD2025:378,Weld2025,4,0,6.0,1.7264944435695049,1.7261328905680187,1.7260027485858611,1.7263789629447315,0.06390925465714714,1.662093493928714,1.7902882176018786,53.271440864916435,53.22711049660727,45.92968785825195,61.700433820495306
test,WELD2025:5293,Weld2025,2,0,5.0,2.343747078336793,2.4033114615854947,2.3985569686761723,2.4063578930169833,0.07309786491601589,2.3254591037601564,2.479455757932999,220.6719223599973,253.11125756063086,211.57244442835747,301.6169596924306
test,WELD2025:5293,Weld2025,3,0,5.0,2.343747078336793,2.373842588570956,2.373481547366016,2.3742083674958043,0.06362745716409468,2.309854090201921,2.4378358246598992,220.6719223599973,236.50623176862587,204.10520977500914,274.0537976842197
test,WELD2025:5293,Weld2025,4,0,5.0,2.343747078336793,2.363359945165812,2.362336546153879,2.3645755124584755,0.06344506748061451,2.2988914786732644,2.42802057993909,220.6719223599973,230.86598233681968,199.01759724944378,267.92952857399007
test,WELD2025:2771,Weld2025,2,0,5.0,2.940355510470156,2.941855827196715,2.9416654094257293,2.941988241927647,0.07309786491601589,2.8685675445097134,3.015086106843663,871.6768466426706,874.693354942474,738.8691681491878,1035.3474229400656
test,WELD2025:2771,Weld2025,3,0,5.0,2.940355510470156,2.94096573265891,2.9405827670277866,2.9412692961811344,0.06362745716409468,2.8769553098636917,3.0048967533452293,871.6768466426706,872.9024906363907,753.2780452939256,1011.3389958030654
test,WELD2025:2771,Weld2025,4,0,5.0,2.940355510470156,2.920966912845684,2.920661160471412,2.9213284922179357,0.06344506748061451,2.8572160929907975,2.9847735596985503,871.6768466426706,833.6176722140672,719.8070451045951,965.5473132236784
test,FatigueData-AM2022:1154,AM2022,2,0,6.0,2.5134223083088023,2.5104608661813925,2.5072577656237014,2.513513882913863,0.07642239093833281,2.4308353746853686,2.589936273852196,326.15369897567314,323.9372314767429,269.6717010890398,388.9880626904907
test,FatigueData-AM2022:1154,AM2022,2,0,7.0,2.4621338262423844,2.4266000390052795,2.4246232509613037,2.4298946857452393,0.17283688789025264,2.251786363071051,2.602731573635492,289.82365310104217,267.05458520415556,178.5608986986224,400.6190286660123
test,FatigueData-AM2022:1154,AM2022,3,0,6.0,2.5134223083088023,2.4799366851806885,2.4762974751950275,2.483841678457832,0.07510453044171461,2.401192944753313,2.5589462088995467,326.15369897567314,301.9511480499646,251.8795708902707,362.19813428957303
test,FatigueData-AM2022:1154,AM2022,3,0,7.0,2.4621338262423844,2.4120475116427507,2.4114266963648343,2.412566676058669,0.10188500503614173,2.3095416913286924,2.514451681094811,289.82365310104217,258.25427043205895,203.9584445895828,326.9276713641814
test,FatigueData-AM2022:1154,AM2022,4,0,6.0,2.5134223083088023,2.5161051126223315,2.5150698584837117,2.5170710221410717,0.06390925465714714,2.4511606038265645,2.580980276798219,326.15369897567314,328.17471187587057,282.5924819946784,381.04851792990235
test,FatigueData-AM2022:1154,AM2022,4,0,7.0,2.4621338262423844,2.424235069497708,2.42092642595066,2.424689032233544,0.11888132054548817,2.3020451054051723,2.5435703527790325,289.82365310104217,265.6042802678707,200.46802207039198,349.5991377158888
test,WELD2025:5010,Weld2025,2,0,5.0,2.3027991181954537,2.2099978048883697,2.208089908445831,2.212646360922485,0.07309786491601589,2.1349920435298153,2.285744225838501,200.8163726743964,162.18019000518996,136.4558137041293,193.08308351621002
test,WELD2025:5010,Weld2025,2,0,6.0,2.0275718977549118,2.0050477477892317,2.001466305904102,2.008410975932267,0.07642239093833281,1.925043914965769,2.0848333668706,106.55452508274008,101.16906768055502,84.14802260950147,121.57194554466606
test,WELD2025:5010,Weld2025,3,0,5.0,2.3027991181954537,2.2160987135804024,2.2128265160781244,2.21905366026769,0.06362745716409468,2.1491990589140295,2.2826811174317845,200.8163726743964,164.47455254989984,140.993489412445,191.72604670756738
test,WELD2025:5010,Weld2025,3,0,6.0,2.0275718977549118,2.0061715260079893,2.0038334494898535,2.0095885394036177,0.07510453044171461,1.928728919048139,2.0846930698453323,106.55452508274008,101.43119124018972,84.86505930480884,121.53267857637893
test,WELD2025:5010,Weld2025,4,0,5.0,2.3027991181954537,2.2220293143104284,2.220689132918543,2.2239705969858727,0.06344506748061451,2.1572440654379283,2.2874156644664874,200.8163726743964,166.7359753358961,143.6296378494067,193.82762060470654
test,WELD2025:5010,Weld2025,4,0,6.0,2.0275718977549118,1.9987168387725835,1.9965409691365825,2.0015492115345968,0.06390925465714714,1.9326317144794354,2.065458466191744,106.55452508274008,99.70497725851642,85.63113777078033,116.26753530803069
test,WELD2025:3555,Weld2025,2,0,6.0,2.890338885811855,2.8684081571876643,2.8676052475307015,2.86908323104211,0.07642239093833281,2.7911828565923686,2.945505621980443,776.8530690556082,738.5980507960869,618.2766663211353,882.0752206044383
test,WELD2025:3555,Weld2025,3,0,6.0,2.890338885811855,2.8690551598127993,2.8686380064222172,2.8695589003089563,0.07510453044171461,2.7935334759805026,2.944663430750671,776.8530690556082,739.699218410299,621.6321621170963,880.3663428447397
test,WELD2025:3555,Weld2025,4,0,6.0,2.890338885811855,2.870848971662573,2.8690625051014718,2.8710994720458984,0.06390925465714714,2.8051532504443246,2.9350087267030456,776.8530690556082,742.7607937547097,638.4887513663923,861.0110531465111
test,WELD2025:1326,Weld2025,2,0,5.0,2.1450225346310163,2.1503407030782666,2.1467145787283326,2.154000593013927,0.07309786491601589,2.0736167138123167,2.227098457929943,139.64408175652275,141.364611203762,118.4722710728162,168.69354233949005
test,WELD2025:1326,Weld2025,2,0,6.0,2.0594818972297104,2.073704338045667,2.0716691176863398,2.074951711428724,0.07642239093833281,1.995246726748007,2.1513741023670567,114.67847188049498,118.49617671675195,98.91148604522809,141.70138737267348
test,WELD2025:1326,Weld2025,2,0,7.0,1.9979413589190422,1.9956351518630981,1.9956351518630981,1.9956351518630981,0.17283688789025264,1.8227982639728455,2.168472039753351,99.52710207348838,98.99999025842904,66.49641990245577,147.3913646110004
test,WELD2025:1326,Weld2025,3,0,5.0,2.1450225346310163,2.1677736634986546,2.166244092852041,2.169193349611276,0.06362745716409468,2.102616635687946,2.2328208067753703,139.64408175652275,147.15453933520453,126.65333665956463,170.93098952342515
test,WELD2025:1326,Weld2025,3,0,6.0,2.0594818972297104,2.064604649126821,2.0638623839569976,2.0658900224280274,0.07510453044171461,1.988757853515283,2.140994552869742,114.67847188049498,116.03917945533156,97.44461712035898,138.35490257256816
test,WELD2025:1326,Weld2025,3,0,7.0,1.9979413589190422,1.9956351518630981,1.9956351518630981,1.9956351518630981,0.10188500503614173,1.8937501468269564,2.0975201568992397,99.52710207348838,98.99999025842904,78.29790588998401,125.17573694678846
test,WELD2025:1326,Weld2025,4,0,5.0,2.1450225346310163,2.153740094747841,2.151656214884592,2.1546678776642163,0.06344506748061451,2.0882111474039773,2.218112945144831,139.64408175652275,142.47546883312378,122.52117338845763,165.2391472876317
test,WELD2025:1326,Weld2025,4,0,6.0,2.0594818972297104,2.063480259497897,2.062718935318529,2.0641074446779237,0.06390925465714714,1.998809680661382,2.128016699335071,114.67847188049498,115.73914226117374,99.7262941029845,134.28165936454212
test,WELD2025:1326,Weld2025,4,0,7.0,1.9979413589190422,1.9968959152534898,1.9968176017787174,1.9969803305552574,0.11888132054548817,1.8779362812332292,2.1158616511007455,99.52710207348838,99.28780627899157,75.49814502594027,130.57548604544786
test,WELD2025:3063,Weld2025,2,0,6.0,2.428470199873772,2.4829307791394566,2.4815003346136644,2.4843195369183726,0.07642239093833281,2.4050779436753316,2.5607419278567054,268.2070564782873,304.0400386996622,254.14287797877785,363.69885001687516
test,WELD2025:3063,Weld2025,3,0,6.0,2.428470199873772,2.4863115916658725,2.4850809539011736,2.487377247825705,0.07510453044171461,2.409976423459459,2.5624817782674194,268.2070564782873,306.4161077616029,257.02562475041765,365.158805932606
test,WELD2025:3063,Weld2025,4,0,6.0,2.428470199873772,2.482949751478129,2.4817285244087164,2.4840969647857594,0.06390925465714714,2.4178192697515692,2.5480062194429065,268.2070564782873,304.0533211078503,261.7093686476012,353.1882276924835
test,WELD2025:2485,Weld2025,2,0,5.0,2.4020183063335003,2.485081753937205,2.473194958681441,2.496908481898214,0.07309786491601589,2.400097093765425,2.57000634681423,252.35871442079602,305.5496242184579,251.24480683408552,371.54065878234655
test,WELD2025:2485,Weld2025,3,0,5.0,2.4020183063335003,2.4848211989310567,2.472246805057564,2.496769065787443,0.06362745716409468,2.4086193478934694,2.560396522951538,252.35871442079602,305.36636467786803,256.2237292396123,363.40970652179936
test,WELD2025:2485,Weld2025,4,0,5.0,2.4020183063335003,2.425311828539219,2.419795558323597,2.4307017325992333,0.06344506748061451,2.356350490842982,2.494146800079848,252.35871442079602,266.2636177664989,227.16974516290963,311.99440083371286
test,WELD2025:1328,Weld2025,2,0,5.0,2.1300027987740577,2.130333662033081,2.130333662033081,2.130333662033081,0.07309786491601589,2.057235797117065,2.203431526949097,134.89715758968723,134.99996690642243,114.08690462138651,159.7465644739627
test,WELD2025:1328,Weld2025,2,0,6.0,1.9860881954777856,1.9779815855347398,1.9764026330928128,1.979561939431317,0.07642239093833281,1.89998024215448,2.05598433036965,96.84745117645781,95.05644880374616,79.42920982818076,113.75862402237256
test,WELD2025:1328,Weld2025,3,0,5.0,2.1300027987740577,2.125865251950228,2.1228482076842066,2.1294926368056397,0.06362745716409468,2.0592207505201117,2.1931200939697346,134.89715758968723,133.61808769198586,114.6095350078887,155.99838201864708
test,WELD2025:1328,Weld2025,3,0,6.0,1.9860881954777856,1.9730868350889674,1.97034792301335,1.9749261095852761,0.07510453044171461,1.8952433925716354,2.050030640026991,96.84745117645781,93.99112224978562,78.56758292094915,112.20976169206816
test,WELD2025:1328,Weld2025,4,0,5.0,2.1300027987740577,2.1122566934865405,2.108722251263321,2.116005731642766,0.06344506748061451,2.0452771837827064,2.1794507991233805,134.89715758968723,129.49610131348095,110.98829601191457,151.16484362101886
test,WELD2025:1328,Weld2025,4,0,6.0,1.9860881954777856,1.9851692440647102,1.9848174414855522,1.9854375349545728,0.06390925465714714,1.920908186828405,2.04934678961172,96.84745117645781,96.64274212808064,83.3504956676292,112.03321256955398
test,FatigueData-AM2022:124,AM2022,2,0,5.0,2.7982259132397185,2.8129453659057617,2.8129453659057617,2.8129453659057617,0.07309786491601589,2.739847500989746,2.8860432308217776,628.3851499988224,650.0479093990803,549.3479408802464,769.2070053762706
test,FatigueData-AM2022:124,AM2022,2,0,6.0,2.604651463970188,2.6426751780812383,2.640862697842754,2.644636386668601,0.07642239093833281,2.5644403069044213,2.7210587776069337,402.39396991915265,439.2129919389353,366.8092736167755,526.0884626175463
test,FatigueData-AM2022:124,AM2022,3,0,5.0,2.7982259132397185,2.8129453659057617,2.8129453659057617,2.8129453659057617,0.06362745716409468,2.7493179087416673,2.876572823069856,628.3851499988224,650.0479093990803,561.4588201970148,752.6149190529032
test,FatigueData-AM2022:124,AM2022,3,0,6.0,2.604651463970188,2.6201513653473523,2.6162495319831054,2.623576503414181,0.07510453044171461,2.541145001541391,2.6986810338558955,402.39396991915265,417.014700942777,347.65221562935886,499.6674210978752
test,FatigueData-AM2022:124,AM2022,4,0,5.0,2.7982259132397185,2.811498904236446,2.811498904236446,2.811498904236446,0.06344506748061451,2.7480538367558314,2.8749439717170606,628.3851499988224,647.8864605916291,559.8269954259698,749.7974718038695
test,FatigueData-AM2022:124,AM2022,4,0,6.0,2.604651463970188,2.6286524310708046,2.6288654804229736,2.6288654804229736,0.06390925465714714,2.5649562257658265,2.6927747350801208,402.39396991915265,425.257939989261,367.2452825485829,492.91806515308133
test,WELD2025:2520,Weld2025,2,0,6.0,2.1229628230856457,2.105368585655419,2.104631296735397,2.106470946850291,0.07642239093833281,2.0282089057970643,2.1828933377886237,132.72808336336504,127.45843616486768,106.71093023115107,152.36784942032784
test,WELD2025:2520,Weld2025,3,0,6.0,2.1229628230856457,2.0950652289450256,2.09319584090624,2.097357569097623,0.07510453044171461,2.0180913104645253,2.1724620995393376,132.72808336336504,124.47015459259366,104.25365997916208,148.7517554192357
test,WELD2025:2520,Weld2025,4,0,6.0,2.1229628230856457,2.09407273731827,2.0926870958630412,2.0953224915581203,0.06390925465714714,2.028777841205894,2.1592317462152675,132.72808336336504,124.18602817352368,106.85081552421623,144.2885091811452
test,FatigueData-AM2022:1339,AM2022,2,0,7.0,2.060697687238992,2.073197602032936,2.068894920691396,2.0772187517875054,0.17283688789025264,1.8960580328011432,2.250055639677758,114.9999594556715,118.35799567796101,78.71509660799698,177.85072490646786
test,FatigueData-AM2022:1339,AM2022,3,0,7.0,2.060697687238992,2.09231978713979,2.09037027703345,2.0949215637585006,0.10188500503614173,1.9884852719973083,2.196806568794642,114.9999594556715,123.68578425375173,97.38347596173739,157.32819814846982
test,FatigueData-AM2022:1339,AM2022,4,0,7.0,2.060697687238992,2.0877483777847443,2.0841606555911008,2.0907425870667193,0.11888132054548817,1.9652793350456126,2.2096239076122073,114.9999594556715,122.39068847204999,92.31650092463626,162.04062425327496
test,WELD2025:738,Weld2025,2,0,5.0,2.466046275052421,2.5000549381980717,2.4972956719077306,2.5027642188898507,0.07309786491601589,2.4241978069917147,2.5758620838058666,292.4463969446593,316.2677713202798,265.58149237411516,376.5841904969817
test,WELD2025:738,Weld2025,2,0,6.0,2.1129789112959587,2.152741620582105,2.147562874474937,2.157452198782219,0.07642239093833281,2.0711404835366043,2.2338745897205516,129.71162833875084,142.14828376563196,117.79869615798627,171.34624432128277
test,WELD2025:738,Weld2025,3,0,5.0,2.466046275052421,2.485364493597856,2.4803944698390867,2.4907591440210703,0.06362745716409468,2.416767012674992,2.554386601185165,292.4463969446593,305.74861160702847,261.07603758188054,358.41535007454536
test,WELD2025:738,Weld2025,3,0,6.0,2.1129789112959587,2.1392909948196768,2.138214122799886,2.1405269671682023,0.07510453044171461,2.0631095923581713,2.215631497609917,129.71162833875084,137.8132564007314,115.64040189928507,164.2977052250191
test,WELD2025:738,Weld2025,4,0,5.0,2.466046275052421,2.477235522936915,2.4747977641148022,2.480058626301646,0.06344506748061451,2.4113526966341876,2.543503693782261,292.4463969446593,300.07894407321726,257.8414273323688,349.54548255696295
test,WELD2025:738,Weld2025,4,0,6.0,2.1129789112959587,2.141769698414076,2.13997239185326,2.143255854634176,0.06390925465714714,2.0760631371961127,2.207165109291323,129.71162833875084,138.60206424598968,119.14152019102546,161.12580839377335
test,FatigueData-AM2022:620,AM2022,2,0,5.0,2.602700909274146,2.6109474489280124,2.6095657705049375,2.612141057247094,0.07309786491601589,2.5364679055889217,2.68523892216311,400.5907430361382,408.2699813225208,343.9282941018495,484.4388027793898
test,FatigueData-AM2022:620,AM2022,3,0,5.0,2.602700909274146,2.5164801217901482,2.5080139352377695,2.5244478057161204,0.06362745716409468,2.4443864780736746,2.5880752628802153,400.5907430361382,328.4582100096921,278.218803182831,387.32476217178413
test,FatigueData-AM2022:620,AM2022,4,0,5.0,2.602700909274146,2.58648977908541,2.577269365279833,2.593509693811832,0.06344506748061451,2.5138242977992182,2.6569547612924467,400.5907430361382,385.9133292007399,326.4557314957684,453.8943338424024
test,WELD2025:2737,Weld2025,2,0,5.0,2.5427847054109787,2.538190079537597,2.533054565663645,2.5434949795706316,0.07309786491601589,2.4599567007476293,2.6165928444866475,348.9672776085104,345.29483294621997,288.37439789046624,413.6117277759149
test,WELD2025:2737,Weld2025,2,0,6.0,2.368981450145451,2.357080668947436,2.3522536643225846,2.36172947124508,0.07642239093833281,2.275831273384252,2.4381518621834126,233.87373429299208,227.55200628082025,188.72579929708726,274.25330011504377
test,WELD2025:2737,Weld2025,3,0,5.0,2.5427847054109787,2.5056003142663377,2.5032630878052027,2.5075074896772303,0.06362745716409468,2.439635630641108,2.571134946841325,348.9672776085104,320.33199188543006,275.19188980822776,372.5074362370631
test,WELD2025:2737,Weld2025,3,0,6.0,2.368981450145451,2.354913127583742,2.35196536263492,2.357236790211968,0.07510453044171461,2.2768608321932056,2.432341320653683,233.87373429299208,226.41913535356176,189.1737322384335,270.6084293954144
test,WELD2025:2737,Weld2025,4,0,5.0,2.5427847054109787,2.533751527520905,2.5333740642093594,2.53409429414442,0.06344506748061451,2.4699289967287448,2.5975393616250346,348.9672776085104,341.78384210789056,295.07267697402534,395.8579411970649
test,WELD2025:2737,Weld2025,4,0,6.0,2.368981450145451,2.350871929652884,2.346762667164481,2.3529272443487828,0.06390925465714714,2.282853412507334,2.41683649900593,233.87373429299208,224.32203165539784,191.80212413550802,261.1178126171657
test,WELD2025:4855,Weld2025,2,0,5.0,2.427841145515882,2.438328255709593,2.4376824960565755,2.4390084770630236,0.07309786491601589,2.3645846311405596,2.5121063419790395,267.8188528637908,274.36471376257555,231.51793019820374,325.16690848074694
test,WELD2025:4855,Weld2025,2,0,6.0,2.3465097136167,2.301029920578003,2.301029920578003,2.301029920578003,0.07642239093833281,2.22460752963967,2.3774523115163357,222.08013542911146,199.99996542163214,167.72875742787923,238.4801913640446
test,WELD2025:4855,Weld2025,3,0,5.0,2.427841145515882,2.4421125947962175,2.441768237317527,2.4424430847089784,0.06362745716409468,2.3781407801534327,2.506070541873073,267.8188528637908,276.76590932087856,238.85854371854998,320.67901568505664
test,WELD2025:4855,Weld2025,3,0,6.0,2.3465097136167,2.306347038685331,2.30574369430542,2.310457706451416,0.07510453044171461,2.2306391638637053,2.3855622368931306,222.08013542911146,202.4636391251132,170.07448472968008,242.97536147177541
test,WELD2025:4855,Weld2025,4,0,5.0,2.427841145515882,2.4433152229502673,2.443247053444109,2.4434252933083926,0.06344506748061451,2.3798019859634945,2.5068703607890073,267.8188528637908,277.5333787816249,239.77394344413727,321.2701387052939
test,WELD2025:4855,Weld2025,4,0,6.0,2.3465097136167,2.319577354136447,2.3182462056512088,2.3215294530343016,0.06390925465714714,2.2543369509940616,2.3854387076914487,222.08013542911146,208.72638627279088,179.61266261930024,242.90626023869723
test,WELD2025:5733,Weld2025,2,0,5.0,2.0626651849376634,2.046391803767694,2.042951311491681,2.049063402825774,0.07309786491601589,1.969853446575665,2.12216126774179,115.52212923005513,111.27351414135565,93.29394256490393,132.48333978269886
test,WELD2025:5733,Weld2025,2,0,6.0,1.7625178895004299,1.7618206236164315,1.7486882246265087,1.787823324749801,0.07642239093833281,1.672265833688176,1.8642457156881338,57.87858292601162,57.78573260525843,47.0181821037854,73.15528653343507
test,WELD2025:5733,Weld2025,3,0,5.0,2.0626651849376634,2.048361479167413,2.045359505794778,2.051779083399651,0.06362745716409468,1.9817320486306833,2.115406540563746,115.52212923005513,111.77932408543751,95.8808882287043,130.4387236512446
test,WELD2025:5733,Weld2025,3,0,6.0,1.7625178895004299,1.8188246689401253,1.8098484033677857,1.8250342219276356,0.07510453044171461,1.7347438729260711,1.9001387523693503,57.87858292601162,65.89078307736509,54.293004168416985,79.45820545108867
test,WELD2025:5733,Weld2025,4,0,5.0,2.0626651849376634,2.042997551183397,2.0399317439655795,2.045816689722811,0.06344506748061451,1.976486676484965,2.109261757203426,115.52212923005513,110.40723944524169,94.72981223473357,128.6061559149724
test,WELD2025:5733,Weld2025,4,0,6.0,1.7625178895004299,1.8042587528998693,1.7974809758260746,1.8125335543204102,0.06390925465714714,1.7335717211689274,1.8764428089775573,57.87858292601162,63.71750370890031,54.14666605208117,75.23896435672515
test,WELD2025:4017,Weld2025,2,0,6.0,2.0166460547627256,2.1145159507250124,2.1169859778979365,2.121054910847365,0.07642239093833281,2.0405635869596037,2.197477301785698,103.90729875722484,130.17151239663394,109.79020271567478,157.57136665947348
test,WELD2025:4017,Weld2025,3,0,6.0,2.0166460547627256,2.121199209734975,2.1205966014604862,2.121757186960859,0.07510453044171461,2.0454920710187716,2.1968617174025735,103.90729875722484,132.19018480375786,111.04322618157849,157.34817763793302
test,WELD2025:4017,Weld2025,4,0,6.0,2.0166460547627256,2.0870468616167517,2.084776965027793,2.0886841200129735,0.06390925465714714,2.020867710370646,2.1525933746701207,103.90729875722484,122.19315029557326,104.92227781838771,142.09976989625116
test,WELD2025:2000,Weld2025,2,0,5.0,2.354268809494923,2.3887196157541704,2.376671854255587,2.398369176147648,0.07309786491601589,2.3035739893395712,2.471467041063664,226.08346961028468,244.7482615878944,201.1749904300904,296.1195229523667
test,WELD2025:2000,Weld2025,2,0,6.0,2.0768234182723537,2.0432760972828103,2.0339574370241897,2.0518157022912846,0.07642239093833281,1.957535046085857,2.1282380932296174,119.35027342042412,110.47807472307036,90.68491412690645,134.35013068917235
test,WELD2025:2000,Weld2025,2,0,7.0,1.8988752389420773,1.8976271152496338,1.8976271152496338,1.8976271152496338,0.17283688789025264,1.7247902273593811,2.0704640031398864,79.22736989814265,79.00000435827837,53.06280786887903,117.61534941818083
test,WELD2025:2000,Weld2025,3,0,5.0,2.354268809494923,2.3765744850642188,2.37107475455297,2.3817802667526347,0.06362745716409468,2.307447297388875,2.4454077239167296,226.08346961028468,237.99864531437558,202.9772187498174,278.8738060356265
test,WELD2025:2000,Weld2025,3,0,6.0,2.0768234182723537,2.105057452514828,2.1018317104280575,2.107871370513935,0.07510453044171461,2.026727179986343,2.1829759009556495,119.35027342042412,127.3671562997079,106.34747427664075,152.3968186303507
test,WELD2025:2000,Weld2025,3,0,7.0,1.8988752389420773,1.8976271152496338,1.8976271152496338,1.8976271152496338,0.10188500503614173,1.795742110213492,1.9995121202857755,79.22736989814265,79.00000435827837,62.48015671926957,99.88772462030666
test,WELD2025:2000,Weld2025,4,0,5.0,2.354268809494923,2.4239041937150025,2.4123586997411857,2.430982901164553,0.06344506748061451,2.348913632260571,2.4944279686451676,226.08346961028468,265.4020014939948,223.312807856605,312.19645594708606
test,WELD2025:2000,Weld2025,4,0,6.0,2.0768234182723537,2.1017029788056885,2.099053051919027,2.1038244505115817,0.06390925465714714,2.0351437972618798,2.167733705168729,119.35027342042412,126.38716690386241,108.42858675323619,147.14100064341375
test,WELD2025:2000,Weld2025,4,0,7.0,1.8988752389420773,1.8995131972887829,1.8995131972887829,1.8995131972887829,0.11888132054548817,1.7806318767432947,2.0183945178342713,79.22736989814265,79.34383673210152,60.34369182082848,104.32647120866783
test,WELD2025:2508,Weld2025,2,0,5.0,2.463662640982009,2.445861675774604,2.4376245162957964,2.450352870302219,0.07309786491601589,2.3645266513797805,2.5234507352182347,290.84569572372027,279.16545484390576,231.4870238460006,333.77264106761305
test,WELD2025:2508,Weld2025,3,0,5.0,2.463662640982009,2.5058388124666156,2.4971314085997776,2.5132295893889243,0.06362745716409468,2.433503951435683,2.5768570465530187,290.84569572372027,320.5079544827028,271.33383393931257,377.44792878051766
test,WELD2025:2508,Weld2025,4,0,5.0,2.463662640982009,2.4926918769484896,2.4868144100786185,2.498837918791832,0.06344506748061451,2.423369342598004,2.5622829862724465,290.84569572372027,310.95094209878226,265.07534944146755,364.9916980382754
test,WELD2025:4523,Weld2025,2,0,5.0,2.399597649277446,2.458094572135162,2.45779696953959,2.458371383346645,0.07309786491601589,2.384699104623574,2.531469248262661,250.95603800714596,287.1405792390478,242.4929431598812,339.99243060042113
test,WELD2025:4523,Weld2025,2,0,6.0,2.156209811310947,2.0868923255410303,2.0849987443320246,2.088683900077408,0.07642239093833281,2.008576353393692,2.1651062910157406,143.28799684324116,122.1496777407166,101.99440608379642,146.25350775010943
test,WELD2025:4523,Weld2025,3,0,5.0,2.399597649277446,2.4542316659984267,2.454034771090234,2.454411851460568,0.06362745716409468,2.390407313926139,2.5180393086246626,250.95603800714596,284.59788350203706,245.70122056769134,329.63954698166265
test,WELD2025:4523,Weld2025,3,0,6.0,2.156209811310947,2.086777707918462,2.0847804610091267,2.0882948002997734,0.07510453044171461,2.009675930567412,2.163399330741488,143.28799684324116,122.1174446387054,102.25296984842237,145.6797980496802
test,WELD2025:4523,Weld2025,4,0,5.0,2.399597649277446,2.465837846838065,2.465718359006737,2.4659806463868943,0.06344506748061451,2.4022732915261225,2.529425713867509,250.95603800714596,292.3060786617084,252.5069240616537,338.396384166277
test,WELD2025:4523,Weld2025,4,0,6.0,2.156209811310947,2.075801212067377,2.0732151058728756,2.078478535707552,0.06390925465714714,2.0093058512157285,2.1423877903646993,143.28799684324116,119.06968702041917,102.16587319916533,138.79946443200376
test,FatigueData-AM2022:569,AM2022,2,0,5.0,1.7993897777463177,1.861119590431888,1.8523461093376805,1.868578542629151,0.07309786491601589,1.7792482444216646,1.941676407545167,63.00714160173043,72.63059306919202,60.151746896882365,87.43320683724014
test,FatigueData-AM2022:569,AM2022,3,0,5.0,1.7993897777463177,1.8745924656722335,1.8661381035643536,1.8850398097508052,0.06362745716409468,1.802510646400259,1.9486672669148999,63.00714160173043,74.91908518143589,63.46154579078516,88.85201206684181
test,FatigueData-AM2022:569,AM2022,4,0,5.0,1.7993897777463177,1.8918350200535088,1.8809110105443214,1.902985050511399,0.06344506748061451,1.817465943063707,1.9664301179920134,63.00714160173043,77.95339246370602,65.68496049714388,92.56144331946581
test,WELD2025:2554,Weld2025,2,0,5.0,2.505172903524809,2.5356729722731406,2.528715976727432,2.541900641902294,0.07309786491601589,2.455618111811416,2.61499850681831,320.01689236106705,343.29934299322304,285.5078882590162,412.0961022351828
test,WELD2025:2554,Weld2025,2,0,6.0,2.209452293608481,2.2614790119899277,2.2586653554904155,2.264429960120382,0.07642239093833281,2.1822429645520827,2.340852351058715,161.97660560269864,182.59085068482375,152.13984328060647,219.20595648450956
test,WELD2025:2554,Weld2025,3,0,5.0,2.505172903524809,2.5771133672436957,2.5669721455087093,2.5883234168658413,0.06362745716409468,2.5033446883446144,2.651950874029936,320.01689236106705,377.6707643764322,318.67257404453744,448.69463219448755
test,WELD2025:2554,Weld2025,3,0,6.0,2.209452293608481,2.241900517796748,2.239418659108785,2.24411131301899,0.07510453044171461,2.1643141286670704,2.3192158434607046,161.97660560269864,174.54222898066402,145.98698139792026,208.5527128246315
test,WELD2025:2554,Weld2025,4,0,5.0,2.505172903524809,2.5507237413927544,2.54545466364824,2.5541830168618733,0.06344506748061451,2.482009596167625,2.617628084342488,320.01689236106705,355.4051702391532,303.3958221771822,414.5988416124911
test,WELD2025:2554,Weld2025,4,0,6.0,2.209452293608481,2.2185472891038645,2.216391104563462,2.220412623838659,0.06390925465714714,2.152481849906315,2.284321878495806,161.97660560269864,165.404487925795,142.06328403398686,192.45175617100546
test,FatigueData-AM2022:3,AM2022,2,0,5.0,2.4724582245534537,2.480914417765549,2.479248929941046,2.482703061934159,0.07309786491601589,2.40615106502503,2.555800926850175,296.7961237027725,302.6317002167085,254.77162963021897,359.5844700125846
test,FatigueData-AM2022:3,AM2022,3,0,5.0,2.4724582245534537,2.484125856118811,2.4821866824815144,2.48629259916637,0.06362745716409468,2.41855922531742,2.549920056330465,296.7961237027725,304.87783805926836,262.1556519416761,354.74808222416993
test,FatigueData-AM2022:3,AM2022,4,0,5.0,2.4724582245534537,2.4778164414583617,2.475057241977241,2.4802034070421928,0.06344506748061451,2.4116121744966263,2.5436484745228074,296.7961237027725,300.4806025404315,257.99552584337073,349.66202995134324
test,FatigueData-AM2022:318,AM2022,2,0,6.0,2.5467831088502084,2.5543191954493523,2.5542097091674805,2.5542097091674805,0.07642239093833281,2.4777873182291477,2.6306321001058133,352.19493732530646,358.3597256614934,300.4604533734052,427.20084210143466
test,FatigueData-AM2022:318,AM2022,2,0,7.0,2.5443711657021457,2.5543191954493523,2.5542097091674805,2.5542097091674805,0.17283688789025264,2.381372821277228,2.727046597057733,350.2443722185915,358.3597256614934,240.6427717971562,533.392122026806
test,FatigueData-AM2022:318,AM2022,3,0,6.0,2.5467831088502084,2.557713270187378,2.557713270187378,2.557713270187378,0.07510453044171461,2.4826087397456633,2.6328178006290925,352.19493732530646,361.1713314453527,303.81466955390096,429.3562613337407
test,FatigueData-AM2022:318,AM2022,3,0,7.0,2.5443711657021457,2.557713270187378,2.557713270187378,2.557713270187378,0.10188500503614173,2.4558282651512364,2.6595982752235194,350.2443722185915,361.1713314453527,285.6460778011111,456.6655760238882
test,FatigueData-AM2022:318,AM2022,4,0,6.0,2.5467831088502084,2.5608160682539602,2.56020451822133,2.561264780561854,0.06390925465714714,2.496295263564183,2.625174035219001,352.19493732530646,363.7609440109651,313.54166739577613,421.86552411196266
test,FatigueData-AM2022:318,AM2022,4,0,7.0,2.5443711657021457,2.5456312199715736,2.545569160373239,2.5456851978112134,0.11888132054548817,2.4266878398277507,2.6645665183567013,350.2443722185915,351.2620406063583,267.10858078446125,461.9197360333789
test,WELD2025:551,Weld2025,2,0,6.0,2.252555000913758,2.2241459735995663,2.220069626107146,2.2263456108712045,0.07642239093833281,2.1436472351688134,2.3027680018095373,178.87720525195667,167.55059468120535,139.2025641484873,200.8019850729806
test,WELD2025:551,Weld2025,3,0,6.0,2.252555000913758,2.227573422424935,2.2253790916838487,2.2303005551363686,0.07510453044171461,2.150274561242134,2.305405085578083,178.87720525195667,168.87813430602625,141.34308340781544,202.02498610982116
test,WELD2025:551,Weld2025,4,0,6.0,2.252555000913758,2.2299252394984994,2.227857515477331,2.231486533138321,0.06390925465714714,2.1639482608201837,2.295395787795468,178.87720525195667,169.79513378565366,145.86404764473923,197.42210934711966
test,FatigueData-AM2022:70,AM2022,2,0,5.0,2.5424479370150643,2.5214829880138883,2.5174971230996026,2.5266582795273473,0.07309786491601589,2.4443992581835867,2.5997561444433632,348.6967800502844,332.2637696707454,278.2269905288596,397.88369685185313
test,FatigueData-AM2022:70,AM2022,2,0,6.0,2.477307956578319,2.475386620728818,2.4742812055627343,2.4768310694372264,0.07642239093833281,2.3978588146244015,2.5532534603755592,300.12899680064976,298.8041470824705,249.95326531787384,357.48140846790994
test,FatigueData-AM2022:70,AM2022,3,0,5.0,2.5424479370150643,2.532699200892628,2.530588768429474,2.534562849622265,0.06362745716409468,2.466961311265379,2.5981903067863596,348.6967800502844,340.9566779279971,293.0632160882213,396.4517203784831
test,FatigueData-AM2022:70,AM2022,3,0,6.0,2.477307956578319,2.476323998301949,2.475332300694367,2.4768076350109762,0.07510453044171461,2.4002277702526524,2.551912165452691,300.12899680064976,299.4497799651218,251.32041619615364,356.3790497147995
test,FatigueData-AM2022:70,AM2022,4,0,5.0,2.5424479370150643,2.5368830916462652,2.534788640465832,2.5386311687625858,0.06344506748061451,2.4713435729852176,2.6020762362432004,348.6967800502844,344.25724718754765,296.0353493941182,400.0149623997004
test,FatigueData-AM2022:70,AM2022,4,0,6.0,2.477307956578319,2.4769178348604326,2.476889632348914,2.4769451689431903,0.06390925465714714,2.412980377691767,2.5408544236003374,300.12899680064976,299.85951544281266,258.8095977069823,347.41968613269313
test,WELD2025:3850,Weld2025,2,0,5.0,2.202559007773764,2.199836065737121,2.197475271592042,2.2015849232820712,0.07309786491601589,2.124377406676026,2.274682788198087,159.42594787025962,158.42950516209712,133.16110999958698,188.22737610318674
test,WELD2025:3850,Weld2025,2,0,6.0,2.0761839246126392,2.0181988105903588,2.016620860409975,2.01960743399917,0.07642239093833281,1.940198469471642,2.096029824937503,119.17466083272856,104.27946889271479,87.1361705047475,124.74691805693332
test,WELD2025:3850,Weld2025,3,0,5.0,2.202559007773764,2.1777985993014446,2.1720512803881955,2.1829687682704466,0.06362745716409468,2.1084238232241006,2.2465962254345415,159.42594787025962,150.59085508197703,128.35826058330542,176.43966536871727
test,WELD2025:3850,Weld2025,3,0,6.0,2.0761839246126392,2.013024209253742,2.0114827334705057,2.014994519397728,0.07510453044171461,1.936378203028791,2.0900990498394427,119.17466083272856,103.04435597491745,86.37303953474341,123.05493910515631
test,WELD2025:3850,Weld2025,4,0,5.0,2.202559007773764,2.2363014880245755,2.233556374688224,2.2383414840361064,0.06344506748061451,2.1701113072076095,2.301786551516721,159.42594787025962,172.30643142978718,147.94875238253806,200.34871049032677
test,WELD2025:3850,Weld2025,4,0,6.0,2.0761839246126392,2.0246303476578262,2.0223523115991187,2.0274232889772215,0.06390925465714714,1.9584430569419715,2.0913325436343686,119.17466083272856,105.83525186305963,90.87471397489442,123.40493955338447
test,FatigueData-AM2022:1142,AM2022,2,0,5.0,1.790146114672966,1.8174055836242973,1.8056068288739928,1.8405548354682764,0.07309786491601589,1.732508963957977,1.9136527003842922,61.6802484889961,65.67583205536472,54.01432633556211,81.96957821688703
test,FatigueData-AM2022:1142,AM2022,2,0,6.0,1.7008650716272173,1.7001873254776,1.7001873254776,1.7001873254776,0.07642239093833281,1.6237649345392673,1.776609716415933,50.21865439289626,50.14034587754216,42.04989682530517,59.787406736432914
test,FatigueData-AM2022:1142,AM2022,3,0,5.0,1.790146114672966,1.8408868556480673,1.8352584791138566,1.8460088950239406,0.06362745716409468,1.771631021949762,1.9096363521880353,61.6802484889961,69.32451751368818,59.10592548663367,81.21501936298522
test,FatigueData-AM2022:1142,AM2022,3,0,6.0,1.7008650716272173,1.7195294193957764,1.7151449565553898,1.7240569221077227,0.07510453044171461,1.6400404261136752,1.7991614525494373,50.21865439289626,52.42391121102608,43.65564670184808,62.9740250469337
test,FatigueData-AM2022:1142,AM2022,4,0,5.0,1.790146114672966,1.8562570803111096,1.8526017077872579,1.8606785749589299,0.06344506748061451,1.7891566403066435,1.9241236424395445,61.6802484889961,71.82193148777274,61.53987932679332,83.96990124825037
test,FatigueData-AM2022:1142,AM2022,4,0,6.0,1.7008650716272173,1.7001873254776,1.7001873254776,1.7001873254776,0.06390925465714714,1.636278070820453,1.7640965801347472,50.21865439289626,50.14034587754216,43.27908504130092,58.089358458489016
test,WELD2025:75,Weld2025,2,0,5.0,2.6773073348956586,2.71050144779712,2.708781446909667,2.712487423383772,0.07309786491601589,2.6356835819936513,2.785585288299788,475.6717229758072,513.4538891890552,432.1988251415082,610.3589093359203
test,WELD2025:75,Weld2025,2,0,6.0,2.5327295211266176,2.537820087493703,2.5353741207893847,2.5403562701410913,0.07642239093833281,2.458951729851052,2.616778661079424,340.9804826217329,345.0007883716082,287.7078620822883,413.78873294007553
test,WELD2025:75,Weld2025,3,0,5.0,2.6773073348956586,2.7139427854966556,2.712727642047122,2.715406335380742,0.06362745716409468,2.649100184883027,2.779033792544837,475.6717229758072,517.5386462645786,445.75906611950825,601.2205167579647
test,WELD2025:75,Weld2025,3,0,6.0,2.5327295211266176,2.547044155736774,2.5412301532773554,2.5539192955480217,0.07510453044171461,2.4661256228356407,2.6290238259897363,340.9804826217329,352.4066992352771,292.49983325167426,425.6217626857319
test,WELD2025:75,Weld2025,4,0,5.0,2.6773073348956586,2.709810045913425,2.7084032663671045,2.711113628880743,0.06344506748061451,2.64495819888649,2.7745586963613578,475.6717229758072,512.6371149347005,441.5279479689395,595.057175305046
test,WELD2025:75,Weld2025,4,0,6.0,2.5327295211266176,2.566486128478011,2.5609801890555177,2.5704243372416347,0.06390925465714714,2.4970709343983706,2.634333591898782,340.9804826217329,368.5412703237306,314.1021682868361,430.8574352399417
test,WELD2025:2429,Weld2025,2,0,5.0,2.6307238917576097,2.6117519216594713,2.6041358938125745,2.61972479048373,0.07309786491601589,2.5310380288965586,2.692822655399746,427.29114399775983,409.0269480035893,339.6550131014888,492.97245703561674
test,WELD2025:2429,Weld2025,2,0,6.0,2.380772329888852,2.339411887177789,2.3373313053924645,2.3411477469364645,0.07642239093833281,2.2609089144541317,2.4175701378747974,240.31026916894484,218.48010063697902,182.35132127363497,261.5592828152316
test,WELD2025:2429,Weld2025,3,0,5.0,2.6307238917576097,2.628014867379423,2.6231869024209664,2.6326960403679904,0.06362745716409468,2.5595594452568715,2.6963234975320853,427.29114399775983,424.6341003691532,362.7099297708216,496.9623612348283
test,WELD2025:2429,Weld2025,3,0,6.0,2.380772329888852,2.3248213381143605,2.3235109750079115,2.3261312687609084,0.07510453044171461,2.248406444566197,2.401235799202623,240.31026916894484,211.26197626659868,177.17663312757665,251.9044265891862
test,WELD2025:2429,Weld2025,4,0,5.0,2.6307238917576097,2.6300538000513103,2.626967138807762,2.6337251055003548,0.06344506748061451,2.563522071327147,2.6971701729809694,427.29114399775983,426.63236640276716,366.0345423666915,497.93215538344765
test,WELD2025:2429,Weld2025,4,0,6.0,2.380772329888852,2.343568472847421,2.341509543409397,2.3455919133385867,0.06390925465714714,2.2776002887522497,2.409501167995734,240.31026916894484,220.58118873337187,189.49610546584418,256.74451130082906
test,WELD2025:5425,Weld2025,2,0,6.0,2.353076941970701,2.3700328556002175,2.3683265617815876,2.371233685052203,0.07642239093833281,2.291904170843255,2.447656075990536,225.4638620802167,234.4406169538055,195.84124927333644,280.32128543948363
test,WELD2025:5425,Weld2025,3,0,6.0,2.353076941970701,2.368145803224108,2.3682949542999268,2.3682949542999268,0.07510453044171461,2.293190423858212,2.4433994847416414,225.4638620802167,233.42415924440516,196.42213345550215,277.58723101647087
test,WELD2025:5425,Weld2025,4,0,6.0,2.353076941970701,2.368054440517581,2.3670017977078137,2.368848542300895,0.06390925465714714,2.3030925430506666,2.4327577969580423,225.4638620802167,233.37505887404384,200.95209722943736,270.8680598066159
test,WELD2025:3260,Weld2025,2,0,5.0,1.4989880143931238,1.5511191620442673,1.5476186315146736,1.555185014980826,0.07309786491601589,1.4745207665986577,1.6282828798968418,31.549175531379856,35.57289103437926,29.82090138704614,42.489623213146984
test,WELD2025:3260,Weld2025,3,0,5.0,1.4989880143931238,1.5622638365900272,1.5608105897908262,1.5633629050069098,0.06362745716409468,1.4971831326267315,1.6269903621710045,31.549175531379856,36.49756045319094,31.41833257984861,42.36335647024653
test,WELD2025:3260,Weld2025,4,0,5.0,1.4989880143931238,1.5387969657460616,1.5372013050718678,1.5402674865850816,0.06344506748061451,1.4737562375912532,1.6037125540656962,31.549175531379856,34.5777687703831,29.768451058283016,40.15249660647805
test,WELD2025:5784,Weld2025,2,0,5.0,1.4677016552683442,1.568752334742905,1.5637432569045155,1.5729302127838558,0.07309786491601589,1.4906453919884997,1.6460280776998717,29.356322850278772,37.046939382815474,30.948912417612924,44.2616987198225
test,WELD2025:5784,Weld2025,3,0,5.0,1.4677016552683442,1.527056477662199,1.5173560847754375,1.5353188869884737,0.06362745716409468,1.4537286276113428,1.5989463441525684,29.356322850278772,33.65553337412863,28.42684278312308,39.71424806149537
test,WELD2025:5784,Weld2025,4,0,5.0,1.4677016552683442,1.458219740415363,1.4560414048482822,1.4611628668789263,0.06344506748061451,1.3925963373676677,1.524607934359541,29.356322850278772,28.722334812916298,24.694278249493685,33.46631807055264
test,WELD2025:5316,Weld2025,2,0,5.0,1.4363010016855309,1.4982477973839674,1.4910356966832716,1.5039673480586455,0.07309786491601589,1.4179378317672557,1.5770652129746614,27.308698437724743,31.495448516987867,26.178082483082672,37.76288908271742
test,WELD2025:5316,Weld2025,3,0,5.0,1.4363010016855309,1.5132926007694973,1.5104696298641795,1.5165200238923302,0.06362745716409468,1.4468421727000849,1.5801474810564249,27.308698437724743,32.6056303593692,27.97964324431958,38.031852588055045
test,WELD2025:5316,Weld2025,4,0,5.0,1.4363010016855309,1.5088518451010429,1.5022768596320974,1.5143406067136402,0.06344506748061451,1.438831792151483,1.5777856741942546,27.308698437724743,32.27392943449501,27.46830064372544,37.82558680892401
test,FatigueData-AM2022:1346,AM2022,2,0,6.0,1.6986511457418156,1.7638044357299805,1.7638044357299805,1.7638044357299805,0.07642239093833281,1.6873820447916477,1.8402268266683133,49.96330352061924,58.05029562181312,48.6835281818236,69.21924001058849
test,FatigueData-AM2022:1346,AM2022,2,0,7.0,1.6466439617655595,1.7638044357299805,1.7638044357299805,1.7638044357299805,0.17283688789025264,1.5909675478397278,1.9366413236202331,44.32451189001482,58.05029562181312,38.99128497945601,86.42538514838425
test,FatigueData-AM2022:1346,AM2022,3,0,6.0,1.6986511457418156,1.7718600009388408,1.7710362568327105,1.772743650088001,0.07510453044171461,1.6959317263909959,1.8478481805297156,49.96330352061924,59.13709692472276,49.65142603959662,70.44467673558634
test,FatigueData-AM2022:1346,AM2022,3,0,7.0,1.6466439617655595,1.6932149863330583,1.6757286580484099,1.7100172872269308,0.10188500503614173,1.5738436530122681,1.8119022922630725,44.32451189001482,49.341799742055656,37.48380354191413,64.84885199423226
test,FatigueData-AM2022:1346,AM2022,4,0,6.0,1.6986511457418156,1.767603102592739,1.7674766893151697,1.7677476191992263,0.06390925465714714,1.7035674346580225,1.8316568738563734,49.96330352061924,58.56027433708507,50.53211020969865,67.86672212824571
test,FatigueData-AM2022:1346,AM2022,4,0,7.0,1.6466439617655595,1.7143668658788862,1.7109325998608922,1.7182929445332549,0.11888132054548817,1.592051279315404,1.837174265078743,44.32451189001482,51.804425982640154,39.0887047050782,68.73441885347708
test,WELD2025:5217,Weld2025,2,0,6.0,2.3394633444429083,2.344420962035656,2.342872142791748,2.3454806804656982,0.07642239093833281,2.2664497518534152,2.421903071404031,218.50598872670204,221.01459916058187,184.69270919129067,264.181907358931
test,WELD2025:5217,Weld2025,3,0,6.0,2.3394633444429083,2.337331702657883,2.3370724062187165,2.3377046121970757,0.07510453044171461,2.261967875777002,2.4128091426387903,218.50598872670204,217.43612645388424,182.79649988430734,258.7075735243405
test,WELD2025:5217,Weld2025,4,0,6.0,2.3394633444429083,2.3460567397590504,2.3444437084324705,2.3475711774533132,0.06390925465714714,2.2805344537753234,2.4114804321104604,218.50598872670204,221.84862419316772,190.78070695669206,257.91727527171554
